timestamp,open,high,low,close,volume
2023-08-04 13:30:00+00:00,184.625,187.3800048828125,184.2700042724609,185.1100006103516,38359717
2023-08-04 14:30:00+00:00,185.1000061035156,186.375,184.92999267578125,185.3099975585937,11146174
2023-08-04 15:30:00+00:00,185.31500244140625,185.77999877929688,184.92999267578125,185.47999572753903,8214884
2023-08-04 16:30:00+00:00,185.47999572753903,185.4949951171875,184.7899932861328,184.97999572753903,6937705
2023-08-04 17:30:00+00:00,184.97999572753903,185.1699981689453,183.17999267578125,183.3650054931641,12486440
2023-08-04 18:30:00+00:00,183.3650054931641,183.5500030517578,182.07000732421875,182.69000244140625,14200786
2023-08-04 19:30:00+00:00,182.6999969482422,182.8800048828125,181.9199981689453,182.0,11958133
2023-08-07 13:30:00+00:00,182.1300048828125,183.1300048828125,178.21009826660156,179.03500366210938,33752946
2023-08-07 14:30:00+00:00,179.02999877929688,179.30999755859375,177.55999755859375,177.77000427246094,14565264
2023-08-07 15:30:00+00:00,177.76499938964844,178.8300018310547,177.35000610351562,178.36500549316406,9796158
2023-08-07 16:30:00+00:00,178.36500549316406,178.47000122070312,177.74000549316406,178.3350067138672,7158027
2023-08-07 17:30:00+00:00,178.33999633789062,179.0399932861328,178.0500030517578,178.4499969482422,7271723
2023-08-07 18:30:00+00:00,178.47000122070312,178.7100067138672,178.22000122070312,178.4801025390625,5824274
2023-08-07 19:30:00+00:00,178.48500061035156,179.22000122070312,178.38999938964844,178.8000030517578,10179669
2023-08-08 13:30:00+00:00,179.375,179.4656982421875,177.5800018310547,179.17999267578125,21892224
2023-08-08 14:30:00+00:00,179.19000244140625,179.22000122070312,177.93499755859375,178.0399932861328,8911585
2023-08-08 15:30:00+00:00,178.0399932861328,178.80499267578125,177.8249969482422,178.69000244140625,5710443
2023-08-08 16:30:00+00:00,178.67999267578125,179.47999572753906,178.5800018310547,178.89329528808594,6004228
2023-08-08 17:30:00+00:00,178.88999938964844,179.4199981689453,178.6999969482422,179.16000366210938,4572073
2023-08-08 18:30:00+00:00,179.1699981689453,179.94000244140625,179.0399932861328,179.80999755859375,6486734
2023-08-08 19:30:00+00:00,179.81500244140625,180.2700042724609,179.55499267578125,179.8000030517578,8031483
2023-08-09 13:30:00+00:00,180.8699951171875,180.92999267578125,178.13999938964844,178.6999053955078,12630855
2023-08-09 14:30:00+00:00,178.69149780273438,178.8350067138672,177.00999450683594,177.47999572753906,9507753
2023-08-09 15:30:00+00:00,177.47000122070312,178.11000061035156,177.24000549316406,178.0050048828125,6732462
2023-08-09 16:30:00+00:00,178.0,178.77000427246094,177.99000549316406,178.66000366210938,4980367
2023-08-09 17:30:00+00:00,178.65899658203125,179.36000061035156,178.55299377441406,179.2949981689453,5273087
2023-08-09 18:30:00+00:00,179.2949981689453,179.58999633789062,178.78909301757812,179.02999877929688,5760641
2023-08-09 19:30:00+00:00,179.02999877929688,179.08999633789062,177.99000549316406,178.17999267578125,6307783
2023-08-10 13:30:00+00:00,179.47999572753906,180.75,178.86000061035156,180.10000610351562,12566820
2023-08-10 14:30:00+00:00,180.09800720214844,180.42999267578125,178.69000244140625,179.13999938964844,8122194
2023-08-10 15:30:00+00:00,179.13999938964844,179.44000244140625,177.97000122070312,178.3800048828125,6203521
2023-08-10 16:30:00+00:00,178.36000061035156,178.91990661621094,177.8000030517578,178.0449981689453,5210753
2023-08-10 17:30:00+00:00,178.0399932861328,178.69039916992188,177.60000610351562,178.235107421875,5437225
2023-08-10 18:30:00+00:00,178.24000549316406,178.6999969482422,177.9033966064453,178.22000122070312,5214615
2023-08-10 19:30:00+00:00,178.22000122070312,178.27000427246094,177.72000122070312,178.00999450683594,5175086
2023-08-11 13:30:00+00:00,177.32000732421875,178.6199951171875,176.5500030517578,178.27000427246094,12921445
2023-08-11 14:30:00+00:00,178.2899932861328,178.60499572753906,177.42999267578125,177.47000122070312,6461113
2023-08-11 15:30:00+00:00,177.47000122070312,178.09500122070312,177.281005859375,177.56350708007812,4703683
2023-08-11 16:30:00+00:00,177.55999755859375,177.97000122070312,177.20010375976562,177.90499877929688,3873234
2023-08-11 17:30:00+00:00,177.89999389648438,178.3300018310547,177.5,178.30999755859375,4393899
2023-08-11 18:30:00+00:00,178.2989959716797,178.5500030517578,177.860107421875,178.10000610351562,6497650
2023-08-11 19:30:00+00:00,178.09500122070312,178.27000427246094,177.66990661621094,177.86000061035156,6647317
2023-08-14 13:30:00+00:00,177.97000122070312,178.86000061035156,177.30499267578125,178.27000427246094,10812784
2023-08-14 14:30:00+00:00,178.27000427246094,179.69000244140625,178.25999450683594,179.35000610351562,5992774
2023-08-14 15:30:00+00:00,179.35000610351562,179.48800659179688,178.6199951171875,178.71449279785156,4378348
2023-08-14 16:30:00+00:00,178.7100067138672,179.44000244140625,178.58999633789062,179.2279052734375,2818584
2023-08-14 17:30:00+00:00,179.22999572753906,179.35000610351562,178.90960693359375,179.08999633789062,3509102
2023-08-14 18:30:00+00:00,179.10000610351562,179.14500427246094,178.6999969482422,178.96499633789062,3630382
2023-08-14 19:30:00+00:00,178.9600067138672,179.52000427246094,178.86000061035156,179.50999450683594,4432031
2023-08-15 13:30:00+00:00,178.8800048828125,179.47999572753906,177.52999877929688,177.81190490722656,12703499
2023-08-15 14:30:00+00:00,177.81500244140625,178.22999572753906,177.3800048828125,178.14990234375,5402195
2023-08-15 15:30:00+00:00,178.14500427246094,178.44000244140625,177.85000610351562,178.1699981689453,3458252
2023-08-15 16:30:00+00:00,178.1699981689453,178.24000549316406,177.781005859375,178.12989807128906,2516771
2023-08-15 17:30:00+00:00,178.1300048828125,178.16000366210938,177.6199951171875,177.88999938964844,2642967
2023-08-15 18:30:00+00:00,177.89999389648438,178.23500061035156,177.27000427246094,177.28500366210938,3564304
2023-08-15 19:30:00+00:00,177.27999877929688,177.72000122070312,177.0500030517578,177.47999572753906,5373129
2023-08-16 13:30:00+00:00,177.1300048828125,178.5399932861328,176.83999633789062,177.82000732421875,12297530
2023-08-16 14:30:00+00:00,177.80999755859375,178.3350067138672,177.67999267578125,177.80999755859375,4532188
2023-08-16 15:30:00+00:00,177.8000030517578,177.91000366210938,177.30499267578125,177.4199981689453,4300138
2023-08-16 16:30:00+00:00,177.41000366210938,177.9499969482422,177.32000732421875,177.86500549316406,3446585
2023-08-16 17:30:00+00:00,177.86000061035156,178.37710571289062,177.30999755859375,178.10000610351562,4313172
2023-08-16 18:30:00+00:00,178.10000610351562,178.30999755859375,176.85000610351562,177.1199951171875,5075697
2023-08-16 19:30:00+00:00,177.1300048828125,177.3092041015625,176.5,176.55859375,5360973
2023-08-17 13:30:00+00:00,177.13999938964844,177.50540161132812,174.28500366210938,174.74000549316406,16587675
2023-08-17 14:30:00+00:00,174.72999572753906,175.0,173.8300018310547,174.27000427246094,7807453
2023-08-17 15:30:00+00:00,174.27000427246094,175.02000427246094,174.10000610351562,174.95140075683594,4754168
2023-08-17 16:30:00+00:00,174.9600067138672,175.08999633789062,174.52000427246094,174.55999755859375,4392989
2023-08-17 17:30:00+00:00,174.55999755859375,174.55999755859375,173.94500732421875,174.25,4360074
2023-08-17 18:30:00+00:00,174.2550048828125,174.27999877929688,173.47999572753906,174.0800018310547,8816597
2023-08-17 19:30:00+00:00,174.07000732421875,174.88999938964844,173.66000366210938,173.99000549316406,6915442
2023-08-18 13:30:00+00:00,172.3000030517578,173.36000061035156,171.9600067138672,172.8000030517578,14023663
2023-08-18 14:30:00+00:00,172.80999755859375,173.9499969482422,172.75999450683594,173.4600067138672,7390073
2023-08-18 15:30:00+00:00,173.4600067138672,174.44000244140625,173.281005859375,173.82000732421875,5382625
2023-08-18 16:30:00+00:00,173.82000732421875,174.36500549316406,173.8000030517578,174.27499389648438,5780233
2023-08-18 17:30:00+00:00,174.27499389648438,174.74989318847656,174.125,174.5500030517578,4439646
2023-08-18 18:30:00+00:00,174.53500366210938,174.8800048828125,174.09500122070312,174.4949951171875,4570049
2023-08-18 19:30:00+00:00,174.49000549316406,175.10000610351562,174.14999389648438,174.49000549316406,6239136
2023-08-21 13:30:00+00:00,175.07000732421875,175.57000732421875,173.9499969482422,174.02000427246094,10340812
2023-08-21 14:30:00+00:00,174.02999877929688,174.6199951171875,173.73500061035156,173.99000549316406,5012600
2023-08-21 15:30:00+00:00,173.99000549316406,174.82000732421875,173.860107421875,174.77499389648438,3779769
2023-08-21 16:30:00+00:00,174.77999877929688,175.52499389648438,174.67999267578125,175.36000061035156,4332537
2023-08-21 17:30:00+00:00,175.3572998046875,175.75,175.1199951171875,175.5399932861328,3394041
2023-08-21 18:30:00+00:00,175.5500030517578,175.9781951904297,175.472900390625,175.74000549316406,3913477
2023-08-21 19:30:00+00:00,175.74000549316406,176.1300048828125,175.63999938964844,175.8000030517578,4636842
2023-08-22 13:30:00+00:00,177.05999755859375,177.08999633789062,176.25,176.92999267578125,8840402
2023-08-22 14:30:00+00:00,176.9228973388672,177.42999267578125,176.25999450683594,177.21499633789062,6823573
2023-08-22 15:30:00+00:00,177.22999572753906,177.32000732421875,176.27000427246094,176.81410217285156,4127719
2023-08-22 16:30:00+00:00,176.8300018310547,177.37989807128906,176.77000427246094,177.1300048828125,4129353
2023-08-22 17:30:00+00:00,177.1300048828125,177.2550048828125,176.8031005859375,177.2100067138672,3198271
2023-08-22 18:30:00+00:00,177.21499633789062,177.67999267578125,177.02000427246094,177.30999755859375,4195297
2023-08-22 19:30:00+00:00,177.30999755859375,177.4600067138672,177.0800018310547,177.22000122070312,4830774
2023-08-23 13:30:00+00:00,178.52000427246094,180.38999938964844,178.3249969482422,180.10499572753906,13320694
2023-08-23 14:30:00+00:00,180.11000061035156,181.3311004638672,180.07000732421875,181.1499938964844,7840729
2023-08-23 15:30:00+00:00,181.1499938964844,181.3099975585937,180.6300048828125,180.72999572753903,5073177
2023-08-23 16:30:00+00:00,180.72999572753903,181.2899932861328,180.6300048828125,181.2400054931641,3589783
2023-08-23 17:30:00+00:00,181.2321014404297,181.5500030517578,180.89059448242188,181.0599975585937,4297276
2023-08-23 18:30:00+00:00,181.0691070556641,181.5399932861328,180.8000030517578,181.53500366210932,4033888
2023-08-23 19:30:00+00:00,181.53500366210932,181.5399932861328,181.0,181.13999938964844,5637981
2023-08-24 13:30:00+00:00,180.6739959716797,181.10400390625,178.38999938964844,178.40199279785156,11377763
2023-08-24 14:30:00+00:00,178.40989685058594,178.45620727539062,177.64999389648438,178.125,7199973
2023-08-24 15:30:00+00:00,178.1199951171875,178.3000030517578,177.5,178.05990600585938,4445092
2023-08-24 16:30:00+00:00,178.0500030517578,178.30999755859375,177.68060302734375,177.74000549316406,2987748
2023-08-24 17:30:00+00:00,177.72999572753906,177.92999267578125,177.42999267578125,177.5240020751953,3324350
2023-08-24 18:30:00+00:00,177.52000427246094,177.63999938964844,176.8000030517578,176.82000732421875,5186796
2023-08-24 19:30:00+00:00,176.82000732421875,176.88999938964844,176.00999450683594,176.3300018310547,7256991
2023-08-25 13:30:00+00:00,177.3800048828125,178.6300048828125,176.82000732421875,177.00999450683594,9715105
2023-08-25 14:30:00+00:00,177.01499938964844,177.41000366210938,175.8699951171875,177.36000061035156,7324319
2023-08-25 15:30:00+00:00,177.36000061035156,177.77000427246094,176.5500030517578,177.75,4074608
2023-08-25 16:30:00+00:00,177.75,177.83999633789062,177.08999633789062,177.39990234375,3100211
2023-08-25 17:30:00+00:00,177.3800048828125,178.49000549316406,176.94000244140625,178.4499969482422,3646868
2023-08-25 18:30:00+00:00,178.4600067138672,179.13999938964844,178.1300048828125,179.125,5163636
2023-08-25 19:30:00+00:00,179.12240600585938,179.14999389648438,178.44000244140625,178.60000610351562,6092552
2023-08-28 13:30:00+00:00,180.08999633789062,180.1999969482422,178.7899932861328,179.7899932861328,8960343
2023-08-28 14:30:00+00:00,179.8000030517578,179.8000030517578,178.67999267578125,178.7781982421875,4693449
2023-08-28 15:30:00+00:00,178.77000427246094,179.11500549316406,178.5449981689453,178.80999755859375,3748464
2023-08-28 16:30:00+00:00,178.82000732421875,180.139892578125,178.75,179.9550018310547,3845609
2023-08-28 17:30:00+00:00,179.9600067138672,180.08990478515625,179.13839721679688,179.53939819335938,3839420
2023-08-28 18:30:00+00:00,179.5500030517578,180.00999450683594,179.35000610351562,179.90499877929688,3598477
2023-08-28 19:30:00+00:00,179.88999938964844,180.58999633789065,179.80499267578125,180.2100067138672,5793020
2023-08-29 13:30:00+00:00,179.69500732421875,182.57000732421875,179.5,182.3999938964844,10483972
2023-08-29 14:30:00+00:00,182.41000366210932,183.1199951171875,182.2100067138672,183.02999877929688,6426605
2023-08-29 15:30:00+00:00,183.02999877929688,183.58999633789065,183.009994506836,183.5850067138672,5387501
2023-08-29 16:30:00+00:00,183.5850067138672,183.8101043701172,183.39010620117188,183.7400054931641,4098578
2023-08-29 17:30:00+00:00,183.7400054931641,184.3699951171875,183.4900054931641,184.33009338378903,4916618
2023-08-29 18:30:00+00:00,184.3300018310547,184.84750366210932,184.1800994873047,184.81500244140625,5827045
2023-08-29 19:30:00+00:00,184.81500244140625,184.8999938964844,184.0200042724609,184.1199951171875,6977115
2023-08-30 13:30:00+00:00,184.94000244140625,187.6699981689453,184.7400054931641,186.1849975585937,19124821
2023-08-30 14:30:00+00:00,186.19000244140625,186.8000030517578,186.1300048828125,186.6300048828125,6789360
2023-08-30 15:30:00+00:00,186.6300048828125,187.4900054931641,186.6100006103516,187.42999267578125,5270270
2023-08-30 16:30:00+00:00,187.44000244140625,187.7700042724609,187.1999969482422,187.29010009765625,4476042
2023-08-30 17:30:00+00:00,187.3000030517578,187.58999633789065,186.6499938964844,186.8500061035156,5268054
2023-08-30 18:30:00+00:00,186.8500061035156,187.67999267578125,186.77999877929688,187.384994506836,5148496
2023-08-30 19:30:00+00:00,187.38999938964844,187.7899932861328,187.32000732421875,187.6699981689453,7064215
2023-08-31 13:30:00+00:00,187.83999633789065,188.5099029541016,187.6499938964844,188.3300018310547,9863175
2023-08-31 14:30:00+00:00,188.33999633789065,188.759994506836,188.1150054931641,188.4900054931641,5013288
2023-08-31 15:30:00+00:00,188.4850006103516,188.64810180664065,187.77999877929688,187.97999572753903,4094095
2023-08-31 16:30:00+00:00,187.97999572753903,188.1699981689453,187.47999572753903,188.13999938964844,4773378
2023-08-31 17:30:00+00:00,188.13999938964844,188.67999267578125,187.82980346679688,188.59500122070312,3665165
2023-08-31 18:30:00+00:00,188.59500122070312,189.0599975585937,188.4149932861328,188.9100952148437,5624889
2023-08-31 19:30:00+00:00,188.9199981689453,189.1199951171875,187.75,187.8699951171875,9079211
2023-09-01 13:30:00+00:00,189.4850006103516,189.9199981689453,188.27999877929688,189.27999877929688,12242102
2023-09-01 14:30:00+00:00,189.2700042724609,189.27999877929688,188.31100463867188,188.66000366210932,5217745
2023-09-01 15:30:00+00:00,188.67999267578125,189.2100067138672,188.360107421875,189.1150054931641,4230174
2023-09-01 16:30:00+00:00,189.1100006103516,189.32000732421875,188.83999633789065,189.0,3233746
2023-09-01 17:30:00+00:00,188.9900054931641,189.2250061035156,188.6300048828125,188.7200927734375,3052530
2023-09-01 18:30:00+00:00,188.72000122070312,189.0800018310547,188.5200042724609,189.0500030517578,3627574
2023-09-01 19:30:00+00:00,189.0500030517578,189.5399932861328,188.94000244140625,189.47000122070312,4793086
2023-09-05 13:30:00+00:00,188.27999877929688,189.07000732421875,187.6100006103516,188.6699981689453,13565557
2023-09-05 14:30:00+00:00,188.6649932861328,189.6100006103516,188.2899932861328,189.1499938964844,7398289
2023-09-05 15:30:00+00:00,189.1649932861328,189.759994506836,188.97999572753903,189.58729553222656,3666857
2023-09-05 16:30:00+00:00,189.58999633789065,189.8099975585937,189.19500732421875,189.22999572753903,3751400
2023-09-05 17:30:00+00:00,189.22999572753903,189.8800048828125,189.16000366210932,189.83999633789065,2548172
2023-09-05 18:30:00+00:00,189.84500122070312,189.9499969482422,189.47000122070312,189.5478057861328,3515932
2023-09-05 19:30:00+00:00,189.5449981689453,189.97999572753903,189.5200042724609,189.69000244140625,4426456
2023-09-06 13:30:00+00:00,188.5200042724609,188.7350006103516,183.92999267578125,184.1699981689453,21161767
2023-09-06 14:30:00+00:00,184.1499938964844,184.6499938964844,183.52999877929688,184.0200042724609,9791448
2023-09-06 15:30:00+00:00,184.02999877929688,184.32000732421875,183.16000366210932,183.2104034423828,7041474
2023-09-06 16:30:00+00:00,183.2100067138672,183.4199981689453,182.7700042724609,182.9154052734375,6669291
2023-09-06 17:30:00+00:00,182.91000366210932,183.1699981689453,182.1300048828125,182.63429260253903,6995038
2023-09-06 18:30:00+00:00,182.634994506836,182.8999938964844,181.47000122070312,181.5200042724609,9282024
2023-09-06 19:30:00+00:00,181.52999877929688,183.0200042724609,181.4900054931641,182.88999938964844,11908074
2023-09-07 13:30:00+00:00,175.17999267578125,177.7198944091797,173.67999267578125,176.25,46268048
2023-09-07 14:30:00+00:00,176.08999633789062,178.2100067138672,175.72999572753906,177.3300018310547,14542878
2023-09-07 15:30:00+00:00,177.17999267578125,177.7100067138672,176.64999389648438,177.25999450683594,9294593
2023-09-07 16:30:00+00:00,177.25,177.67999267578125,175.9499969482422,176.5814971923828,7789750
2023-09-07 17:30:00+00:00,176.58999633789062,177.14999389648438,176.2830047607422,176.52499389648438,7294225
2023-09-07 18:30:00+00:00,176.52000427246094,177.4600067138672,176.49000549316406,177.4600067138672,7666558
2023-09-07 19:30:00+00:00,177.468994140625,178.13999938964844,177.44000244140625,177.55999755859375,10212878
2023-09-08 13:30:00+00:00,178.35000610351562,180.238998413086,178.3300018310547,179.52499389648438,18465837
2023-09-08 14:30:00+00:00,179.52999877929688,179.8800048828125,178.6999969482422,179.81179809570312,9907577
2023-09-08 15:30:00+00:00,179.82000732421875,180.1999969482422,179.27999877929688,179.55499267578125,6904523
2023-09-08 16:30:00+00:00,179.5500030517578,179.7949981689453,179.2100067138672,179.5850067138672,4543261
2023-09-08 17:30:00+00:00,179.58999633789062,179.91000366210938,178.74009704589844,178.8802032470703,5928016
2023-09-08 18:30:00+00:00,178.88499450683594,179.05499267578125,177.80999755859375,177.94500732421875,7905873
2023-09-08 19:30:00+00:00,177.94000244140625,178.33999633789062,177.7899932861328,178.19000244140625,6222769
2023-09-11 13:30:00+00:00,180.0677032470703,180.3000030517578,177.39999389648438,177.88999938964844,17201323
2023-09-11 14:30:00+00:00,177.89999389648438,178.9499969482422,177.33999633789062,178.75,7795305
2023-09-11 15:30:00+00:00,178.75,178.86000061035156,178.21009826660156,178.68499755859375,5391092
2023-09-11 16:30:00+00:00,178.68910217285156,179.30239868164062,178.3300018310547,179.26499938964844,4906207
2023-09-11 17:30:00+00:00,179.27000427246094,179.5500030517578,179.00999450683594,179.51499938964844,4669579
2023-09-11 18:30:00+00:00,179.51499938964844,179.92999267578125,179.36000061035156,179.69500732421875,5243855
2023-09-11 19:30:00+00:00,179.6999969482422,179.9499969482422,179.16000366210938,179.3800048828125,6113050
2023-09-12 13:30:00+00:00,179.49000549316406,180.1300048828125,177.4600067138672,177.5500030517578,14031054
2023-09-12 14:30:00+00:00,177.5500030517578,177.77999877929688,176.22999572753906,176.6999969482422,11245527
2023-09-12 15:30:00+00:00,176.71200561523438,177.18020629882812,176.52000427246094,176.60499572753906,7173805
2023-09-12 16:30:00+00:00,176.61000061035156,177.8699951171875,176.39500427246094,177.5699005126953,7438948
2023-09-12 17:30:00+00:00,177.57000732421875,177.85009765625,174.82000732421875,176.10000610351562,20649861
2023-09-12 18:30:00+00:00,176.11000061035156,176.75,175.00039672851562,175.72000122070312,12509398
2023-09-12 19:30:00+00:00,175.72000122070312,176.4600067138672,175.49009704589844,176.30999755859375,9412994
2023-09-13 13:30:00+00:00,176.50999450683594,177.3000030517578,174.07000732421875,175.18960571289062,21766845
2023-09-13 14:30:00+00:00,175.19000244140625,175.5,174.6699981689453,175.2165069580078,12005313
2023-09-13 15:30:00+00:00,175.1999969482422,176.22000122070312,174.8699951171875,175.72000122070312,8109672
2023-09-13 16:30:00+00:00,175.72999572753906,175.77000427246094,175.25999450683594,175.32130432128906,5648279
2023-09-13 17:30:00+00:00,175.3300018310547,175.5,174.75,174.83999633789062,5865480
2023-09-13 18:30:00+00:00,174.83999633789062,175.19000244140625,174.36000061035156,175.05999755859375,8235325
2023-09-13 19:30:00+00:00,175.06500244140625,175.19940185546875,173.97999572753906,174.16000366210938,11235045
2023-09-14 13:30:00+00:00,174.0,175.6300048828125,173.5800018310547,174.80999755859375,15837677
2023-09-14 14:30:00+00:00,174.80999755859375,175.75999450683594,174.80999755859375,175.38999938964844,8766723
2023-09-14 15:30:00+00:00,175.38999938964844,176.0,174.8300018310547,175.52000427246094,5558002
2023-09-14 16:30:00+00:00,175.50999450683594,175.97000122070312,175.02000427246094,175.7946014404297,5541936
2023-09-14 17:30:00+00:00,175.8000030517578,176.0399932861328,175.3000030517578,175.3699951171875,5192134
2023-09-14 18:30:00+00:00,175.36500549316406,176.10000610351562,175.30999755859375,175.6699981689453,5023774
2023-09-14 19:30:00+00:00,175.6699981689453,175.86000061035156,175.55999755859375,175.67999267578125,5327480
2023-09-15 13:30:00+00:00,175.85000610351562,176.05999755859375,174.5500030517578,175.16000366210938,28875723
2023-09-15 14:30:00+00:00,175.14999389648438,175.3800048828125,174.52499389648438,174.86570739746094,8301989
2023-09-15 15:30:00+00:00,174.86000061035156,175.14999389648438,174.58999633789062,174.74000549316406,5925317
2023-09-15 16:30:00+00:00,174.72999572753906,175.0399932861328,174.00999450683594,174.0800018310547,5505065
2023-09-15 17:30:00+00:00,174.07000732421875,174.6300048828125,173.82000732421875,174.2449951171875,6242467
2023-09-15 18:30:00+00:00,174.24000549316406,174.8000030517578,174.13870239257812,174.76499938964844,6186199
2023-09-15 19:30:00+00:00,174.77000427246094,175.1199951171875,174.6300048828125,174.9600067138672,9404404
2023-09-18 13:30:00+00:00,176.47999572753906,178.97999572753906,176.1699981689453,177.0218963623047,22986329
2023-09-18 14:30:00+00:00,177.0319061279297,177.83999633789062,176.44000244140625,177.80999755859375,7649414
2023-09-18 15:30:00+00:00,177.8000030517578,178.64999389648438,177.7449951171875,178.5449981689453,5913851
2023-09-18 16:30:00+00:00,178.5449981689453,179.2100067138672,178.5449981689453,179.11500549316406,6522049
2023-09-18 17:30:00+00:00,179.1199951171875,179.3800048828125,178.8699951171875,178.9600067138672,4692584
2023-09-18 18:30:00+00:00,178.96499633789062,179.07000732421875,178.27000427246094,178.41909790039062,5151407
2023-09-18 19:30:00+00:00,178.4149932861328,178.4149932861328,177.77499389648438,177.97999572753906,6221950
2023-09-19 13:30:00+00:00,177.52000427246094,178.6699981689453,177.1300048828125,177.75999450683594,13717340
2023-09-19 14:30:00+00:00,177.77000427246094,177.77000427246094,177.14999389648438,177.5850067138672,4986178
2023-09-19 15:30:00+00:00,177.5800018310547,178.1999969482422,177.5,178.13499450683594,4831585
2023-09-19 16:30:00+00:00,178.13999938964844,178.5800018310547,177.77999877929688,178.5800018310547,4485361
2023-09-19 17:30:00+00:00,178.5800018310547,179.38999938964844,178.57000732421875,179.13499450683594,5953775
2023-09-19 18:30:00+00:00,179.1300048828125,179.6300048828125,178.74000549316406,179.10499572753906,5357277
2023-09-19 19:30:00+00:00,179.10000610351562,179.44000244140625,178.92999267578125,179.08999633789062,4759565
2023-09-20 13:30:00+00:00,179.25999450683594,179.69500732421875,177.25999450683594,177.5800018310547,11888750
2023-09-20 14:30:00+00:00,177.58999633789062,178.02000427246094,176.86000061035156,176.98500061035156,6443832
2023-09-20 15:30:00+00:00,176.98500061035156,177.63999938964844,176.94500732421875,177.63999938964844,3895126
2023-09-20 16:30:00+00:00,177.64999389648438,177.75999450683594,177.30999755859375,177.5,2860366
2023-09-20 17:30:00+00:00,177.5,177.79510498046875,176.5800018310547,177.1699981689453,7442547
2023-09-20 18:30:00+00:00,177.1699981689453,177.77999877929688,176.33999633789062,176.75999450683594,7722325
2023-09-20 19:30:00+00:00,176.77000427246094,176.8300018310547,175.39999389648438,175.49000549316406,8164723
2023-09-21 13:30:00+00:00,175.1699981689453,176.05999755859375,174.58999633789062,175.39520263671875,16014441
2023-09-21 14:30:00+00:00,175.3946990966797,176.3000030517578,174.82000732421875,174.9199981689453,6964271
2023-09-21 15:30:00+00:00,174.9199981689453,175.6999969482422,174.8300018310547,175.11500549316406,7618030
2023-09-21 16:30:00+00:00,175.11000061035156,175.4949951171875,174.86000061035156,175.30999755859375,5142611
2023-09-21 17:30:00+00:00,175.3101043701172,175.5399932861328,174.6300048828125,174.66000366210938,4546305
2023-09-21 18:30:00+00:00,174.66000366210938,175.0,174.22000122070312,174.27000427246094,5610628
2023-09-21 19:30:00+00:00,174.26499938964844,174.5449981689453,173.86000061035156,173.92999267578125,7023086
2023-09-22 13:30:00+00:00,174.6699981689453,175.38999938964844,174.0500030517578,175.2758026123047,10497072
2023-09-22 14:30:00+00:00,175.2899932861328,176.6199951171875,175.2823944091797,176.3800048828125,8923173
2023-09-22 15:30:00+00:00,176.3800048828125,176.75,175.94000244140625,176.61000061035156,5882339
2023-09-22 16:30:00+00:00,176.6199951171875,177.07899475097656,175.5800018310547,175.6999969482422,6590040
2023-09-22 17:30:00+00:00,175.67999267578125,175.67999267578125,174.9600067138672,175.1300048828125,5107772
2023-09-22 18:30:00+00:00,175.1199951171875,175.99000549316406,174.80999755859375,175.69000244140625,5389547
2023-09-22 19:30:00+00:00,175.68499755859375,175.78500366210938,174.6199951171875,174.74000549316406,6325268
2023-09-25 13:30:00+00:00,174.1999969482422,175.5500030517578,174.14999389648438,174.47000122070312,10347795
2023-09-25 14:30:00+00:00,174.4600067138672,176.5399932861328,174.3699951171875,176.27000427246094,6689826
2023-09-25 15:30:00+00:00,176.28799438476562,176.97000122070312,175.8800048828125,176.8800048828125,5521525
2023-09-25 16:30:00+00:00,176.88499450683594,176.91000366210938,176.0399932861328,176.1300048828125,4345407
2023-09-25 17:30:00+00:00,176.14999389648438,176.3675994873047,175.67999267578125,175.77499389648438,4024629
2023-09-25 18:30:00+00:00,175.7700958251953,176.12899780273438,174.97000122070312,175.61050415039062,5475304
2023-09-25 19:30:00+00:00,175.61000061035156,176.14999389648438,175.3699951171875,176.08999633789062,4708932
2023-09-26 13:30:00+00:00,174.82000732421875,175.1999969482422,172.47999572753906,173.10000610351562,15789905
2023-09-26 14:30:00+00:00,173.08999633789062,173.64999389648438,172.4149932861328,172.57000732421875,7904418
2023-09-26 15:30:00+00:00,172.5800018310547,173.19000244140625,172.52000427246094,173.00999450683594,5378958
2023-09-26 16:30:00+00:00,173.00999450683594,173.52999877929688,172.84500122070312,172.84500122070312,4194456
2023-09-26 17:30:00+00:00,172.85499572753906,173.0050048828125,172.22000122070312,172.30020141601562,5275716
2023-09-26 18:30:00+00:00,172.30499267578125,172.44000244140625,171.66000366210938,171.74000549316406,7371366
2023-09-26 19:30:00+00:00,171.74000549316406,172.3300018310547,171.72000122070312,171.89999389648438,8556952
2023-09-27 13:30:00+00:00,172.6199951171875,173.0399932861328,170.30999755859375,171.27000427246094,14619741
2023-09-27 14:30:00+00:00,171.25,171.47999572753906,170.27000427246094,170.97500610351562,6917499
2023-09-27 15:30:00+00:00,170.97999572753906,171.0800018310547,169.63999938964844,169.83999633789062,6897103
2023-09-27 16:30:00+00:00,169.85000610351562,170.1999969482422,169.2899932861328,169.3000030517578,6176660
2023-09-27 17:30:00+00:00,169.29989624023438,170.10000610351562,169.0500030517578,170.07000732421875,5755630
2023-09-27 18:30:00+00:00,170.06500244140625,170.9600067138672,170.02999877929688,170.16000366210938,8680644
2023-09-27 19:30:00+00:00,170.16000366210938,170.47999572753906,169.75999450683594,170.42999267578125,8671175
2023-09-28 13:30:00+00:00,169.33999633789062,170.00999450683594,167.6199951171875,169.1300048828125,15189658
2023-09-28 14:30:00+00:00,169.13999938964844,170.67999267578125,168.69000244140625,170.5,8618775
2023-09-28 15:30:00+00:00,170.5,172.02999877929688,170.47079467773438,171.88999938964844,7088514
2023-09-28 16:30:00+00:00,171.88999938964844,171.9149932861328,170.86000061035156,170.88999938964844,4825213
2023-09-28 17:30:00+00:00,170.8820037841797,171.1649932861328,170.42999267578125,171.1300048828125,4681956
2023-09-28 18:30:00+00:00,171.13499450683594,171.67999267578125,170.30999755859375,171.5800018310547,4835316
2023-09-28 19:30:00+00:00,171.5800018310547,171.63999938964844,170.44000244140625,170.69000244140625,5724842
2023-09-29 13:30:00+00:00,172.02000427246094,173.07000732421875,171.77000427246094,172.25,11049307
2023-09-29 14:30:00+00:00,172.27000427246094,172.77000427246094,172.02000427246094,172.05999755859375,5432567
2023-09-29 15:30:00+00:00,172.05999755859375,172.08999633789062,171.5301055908203,171.8350067138672,3810317
2023-09-29 16:30:00+00:00,171.83999633789062,171.92999267578125,170.72999572753906,171.22999572753906,3723090
2023-09-29 17:30:00+00:00,171.22999572753906,171.3000030517578,170.3800048828125,170.5399932861328,3930145
2023-09-29 18:30:00+00:00,170.5449981689453,171.7100067138672,170.34100341796875,171.28990173339844,5505006
2023-09-29 19:30:00+00:00,171.27999877929688,171.9199981689453,170.75999450683594,171.22000122070312,6445307
2023-10-02 13:30:00+00:00,171.22000122070312,174.0399932861328,170.92999267578125,173.3300018310547,12402556
2023-10-02 14:30:00+00:00,173.35000610351562,174.3000030517578,172.83999633789062,174.10459899902344,6937293
2023-10-02 15:30:00+00:00,174.1199951171875,174.2100067138672,172.82000732421875,173.35000610351562,5325939
2023-10-02 16:30:00+00:00,173.36000061035156,173.47000122070312,172.72999572753906,173.30999755859375,3752202
2023-10-02 17:30:00+00:00,173.30999755859375,173.7100067138672,172.77000427246094,172.78990173339844,4113658
2023-10-02 18:30:00+00:00,172.78199768066406,173.2100067138672,172.5330047607422,173.0,4726767
2023-10-02 19:30:00+00:00,173.0,173.77999877929688,172.75,173.75,6420476
2023-10-03 13:30:00+00:00,172.2550048828125,173.6300048828125,170.82000732421875,171.1717987060547,11761888
2023-10-03 14:30:00+00:00,171.17999267578125,171.98500061035156,171.07000732421875,171.6300048828125,6639286
2023-10-03 15:30:00+00:00,171.63999938964844,172.36500549316406,171.36000061035156,172.26400756835938,4492914
2023-10-03 16:30:00+00:00,172.27999877929688,172.80499267578125,171.96490478515625,172.00180053710938,4727540
2023-10-03 17:30:00+00:00,172.00999450683594,172.1300048828125,171.55099487304688,171.85000610351562,3774205
2023-10-03 18:30:00+00:00,171.85000610351562,172.39999389648438,171.7899932861328,171.86000061035156,4821504
2023-10-03 19:30:00+00:00,171.85499572753906,172.52000427246094,171.77999877929688,172.4600067138672,6252137
2023-10-04 13:30:00+00:00,171.08999633789062,172.74000549316406,170.97000122070312,172.38999938964844,13074765
2023-10-04 14:30:00+00:00,172.39500427246094,173.49000549316406,172.1300048828125,172.86000061035156,8356128
2023-10-04 15:30:00+00:00,172.86000061035156,173.2899932861328,172.5,173.1699981689453,4452327
2023-10-04 16:30:00+00:00,173.1699981689453,173.25999450683594,172.64500427246094,172.67999267578125,3158072
2023-10-04 17:30:00+00:00,172.67999267578125,172.9199981689453,172.35000610351562,172.74000549316406,3835275
2023-10-04 18:30:00+00:00,172.74000549316406,173.81500244140625,172.61000061035156,173.7698974609375,5119455
2023-10-04 19:30:00+00:00,173.77000427246094,174.2100067138672,173.3699951171875,173.63999938964844,7816168
2023-10-05 13:30:00+00:00,173.7899932861328,174.4080047607422,173.07000732421875,173.69000244140625,9578634
2023-10-05 14:30:00+00:00,173.69000244140625,173.75619506835938,172.67999267578125,173.60000610351562,6597067
2023-10-05 15:30:00+00:00,173.60499572753906,174.02999877929688,173.26499938964844,173.97000122070312,5261407
2023-10-05 16:30:00+00:00,173.96009826660156,174.16000366210938,173.6199951171875,174.158203125,4292030
2023-10-05 17:30:00+00:00,174.14999389648438,175.1999969482422,173.9600067138672,174.95989990234375,6318028
2023-10-05 18:30:00+00:00,174.9499969482422,175.4499969482422,174.8699951171875,175.1199951171875,4890794
2023-10-05 19:30:00+00:00,175.1199951171875,175.22000122070312,174.83999633789062,174.97999572753906,4853082
2023-10-06 13:30:00+00:00,173.8000030517578,175.05999755859375,173.17999267578125,174.80999755859375,11096512
2023-10-06 14:30:00+00:00,174.8000030517578,175.6699981689453,174.72999572753906,175.4499969482422,7955406
2023-10-06 15:30:00+00:00,175.4499969482422,177.0500030517578,175.42999267578125,176.67010498046875,7166594
2023-10-06 16:30:00+00:00,176.67999267578125,177.36000061035156,176.4499969482422,177.16000366210938,5056666
2023-10-06 17:30:00+00:00,177.1699981689453,177.5399932861328,177.10000610351562,177.5290985107422,4054867
2023-10-06 18:30:00+00:00,177.52999877929688,177.9550018310547,177.4199981689453,177.94000244140625,5634496
2023-10-06 19:30:00+00:00,177.93499755859375,177.99000549316406,177.39999389648438,177.49000549316406,7319309
2023-10-09 13:30:00+00:00,176.80999755859375,177.36000061035156,175.8000030517578,176.8699951171875,9359311
2023-10-09 14:30:00+00:00,176.8699951171875,177.125,176.19000244140625,177.0850067138672,4686689
2023-10-09 15:30:00+00:00,177.0749969482422,178.07000732421875,176.8699951171875,177.61000061035156,4765690
2023-10-09 16:30:00+00:00,177.60000610351562,177.97000122070312,177.43499755859375,177.9499969482422,2606059
2023-10-09 17:30:00+00:00,177.9600067138672,178.97000122070312,177.94000244140625,178.83999633789062,5257785
2023-10-09 18:30:00+00:00,178.84500122070312,179.0500030517578,178.4199981689453,178.89999389648438,5031854
2023-10-09 19:30:00+00:00,178.89999389648438,179.0500030517578,178.6649932861328,178.99000549316406,5217876
2023-10-10 13:30:00+00:00,178.10000610351562,179.30999755859375,178.10000610351562,179.1851043701172,9164127
2023-10-10 14:30:00+00:00,179.1909942626953,179.67999267578125,179.0399932861328,179.47999572753906,5374796
2023-10-10 15:30:00+00:00,179.48500061035156,179.72000122070312,179.33999633789062,179.610107421875,3098344
2023-10-10 16:30:00+00:00,179.6199951171875,179.69000244140625,178.13999938964844,178.4499969482422,4901581
2023-10-10 17:30:00+00:00,178.4600067138672,178.57589721679688,177.9499969482422,178.1699981689453,4369971
2023-10-10 18:30:00+00:00,178.19000244140625,178.90989685058594,177.9600067138672,178.7899932861328,4901034
2023-10-10 19:30:00+00:00,178.7899932861328,178.8000030517578,178.1199951171875,178.41000366210938,5623523
2023-10-11 13:30:00+00:00,178.1999969482422,178.9575958251953,177.60000610351562,178.27999877929688,9911043
2023-10-11 14:30:00+00:00,178.27999877929688,179.32000732421875,178.13099670410156,178.5883026123047,6752681
2023-10-11 15:30:00+00:00,178.58999633789062,178.9499969482422,178.36500549316406,178.57009887695312,3901012
2023-10-11 16:30:00+00:00,178.5800018310547,178.74200439453125,178.27000427246094,178.5906982421875,3560007
2023-10-11 17:30:00+00:00,178.58999633789062,179.3800048828125,178.36000061035156,178.9499969482422,3720449
2023-10-11 18:30:00+00:00,178.9499969482422,179.2899932861328,178.89999389648438,179.1699981689453,5572352
2023-10-11 19:30:00+00:00,179.1699981689453,179.85000610351562,179.13999938964844,179.75,5787619
2023-10-12 13:30:00+00:00,180.07000732421875,182.14990234375,179.83999633789062,181.72000122070312,13432759
2023-10-12 14:30:00+00:00,181.72999572753903,182.33999633789065,181.4600067138672,181.7700042724609,8055060
2023-10-12 15:30:00+00:00,181.76499938964844,182.2899932861328,181.509994506836,182.2700042724609,5426017
2023-10-12 16:30:00+00:00,182.27999877929688,182.27999877929688,180.3300018310547,180.3549041748047,5641539
2023-10-12 17:30:00+00:00,180.33999633789065,180.6300048828125,179.0399932861328,179.63999938964844,6607337
2023-10-12 18:30:00+00:00,179.63499450683594,180.47999572753903,179.49000549316406,180.3999938964844,4772922
2023-10-12 19:30:00+00:00,180.3999938964844,180.81500244140625,180.38999938964844,180.72999572753903,5779607
2023-10-13 13:30:00+00:00,181.4199981689453,181.92999267578125,180.3600006103516,180.52999877929688,9761566
2023-10-13 14:30:00+00:00,180.5200042724609,180.76499938964844,178.9499969482422,179.19000244140625,6274151
2023-10-13 15:30:00+00:00,179.19000244140625,179.3625030517578,178.47000122070312,179.2550048828125,5900854
2023-10-13 16:30:00+00:00,179.25999450683594,179.47000122070312,178.22000122070312,178.25999450683594,4418100
2023-10-13 17:30:00+00:00,178.26100158691406,179.30999755859375,178.13999938964844,179.24000549316406,5205186
2023-10-13 18:30:00+00:00,179.2449951171875,179.74000549316406,178.85000610351562,178.93499755859375,5632908
2023-10-13 19:30:00+00:00,178.94000244140625,179.08999633789062,178.52000427246094,178.8699951171875,5735444
2023-10-16 13:30:00+00:00,176.75,178.54750061035156,176.50999450683594,178.44500732421875,13685450
2023-10-16 14:30:00+00:00,178.44400024414062,178.99000549316406,178.2949981689453,178.50900268554688,6155862
2023-10-16 15:30:00+00:00,178.52000427246094,178.69000244140625,177.625,177.82000732421875,4772017
2023-10-16 16:30:00+00:00,177.8300018310547,177.94000244140625,176.85000610351562,177.46499633789062,5480319
2023-10-16 17:30:00+00:00,177.47000122070312,178.35459899902344,177.4300994873047,178.1300048828125,4678814
2023-10-16 18:30:00+00:00,178.125,178.82000732421875,177.89999389648438,178.7899932861328,4680497
2023-10-16 19:30:00+00:00,178.7899932861328,179.0,178.39999389648438,178.6750030517578,6982113
2023-10-17 13:30:00+00:00,176.64500427246094,176.99000549316406,174.8000030517578,176.4499969482422,15753761
2023-10-17 14:30:00+00:00,176.4499969482422,177.25,176.32000732421875,177.08999633789062,7402615
2023-10-17 15:30:00+00:00,177.0800018310547,178.30999755859375,177.0800018310547,178.22500610351562,5269444
2023-10-17 16:30:00+00:00,178.22999572753906,178.4199981689453,177.66000366210938,177.6678009033203,4501217
2023-10-17 17:30:00+00:00,177.66099548339844,177.8300018310547,176.9499969482422,177.09890747070312,5642528
2023-10-17 18:30:00+00:00,177.08999633789062,177.33999633789062,176.36500549316406,176.77000427246094,6304509
2023-10-17 19:30:00+00:00,176.77999877929688,177.3000030517578,176.44500732421875,177.13999938964844,6288297
2023-10-18 13:30:00+00:00,175.5800018310547,177.5749969482422,175.4199981689453,176.6199951171875,11694290
2023-10-18 14:30:00+00:00,176.60499572753906,177.1199951171875,175.7550048828125,176.72999572753906,7097323
2023-10-18 15:30:00+00:00,176.72999572753906,177.52999877929688,176.63009643554688,176.82000732421875,5348489
2023-10-18 16:30:00+00:00,176.82000732421875,177.3699951171875,176.22500610351562,177.1199951171875,5355115
2023-10-18 17:30:00+00:00,177.1199951171875,177.1300048828125,176.22000122070312,176.69500732421875,4533374
2023-10-18 18:30:00+00:00,176.68499755859375,176.9149932861328,175.77999877929688,175.87989807128906,5250110
2023-10-18 19:30:00+00:00,175.8800048828125,176.08999633789062,175.11000061035156,175.781005859375,6442293
2023-10-19 13:30:00+00:00,176.0399932861328,177.3300018310547,175.84500122070312,176.2100067138672,11060282
2023-10-19 14:30:00+00:00,176.2100067138672,176.8699951171875,175.63499450683594,176.24989318847656,5651756
2023-10-19 15:30:00+00:00,176.25,177.5399932861328,176.10000610351562,176.67999267578125,7386700
2023-10-19 16:30:00+00:00,176.69000244140625,177.83999633789062,175.4600067138672,177.77999877929688,6868129
2023-10-19 17:30:00+00:00,177.8000030517578,177.8300018310547,176.50999450683594,176.58999633789062,5131914
2023-10-19 18:30:00+00:00,176.58999633789062,176.58999633789062,175.52000427246094,175.74000549316406,7026256
2023-10-19 19:30:00+00:00,175.72999572753906,176.05999755859375,175.19000244140625,175.4499969482422,4705299
2023-10-20 13:30:00+00:00,175.30999755859375,175.4199981689453,174.07000732421875,174.24000549316406,13576409
2023-10-20 14:30:00+00:00,174.24000549316406,174.25999450683594,172.63999938964844,172.86990356445312,9848621
2023-10-20 15:30:00+00:00,172.8800048828125,173.83999633789062,172.6699981689453,173.55999755859375,6364462
2023-10-20 16:30:00+00:00,173.57000732421875,174.72000122070312,173.55999755859375,174.17999267578125,6019902
2023-10-20 17:30:00+00:00,174.18499755859375,174.38999938964844,173.4600067138672,173.5800018310547,4406928
2023-10-20 18:30:00+00:00,173.55999755859375,173.86000061035156,173.125,173.3800048828125,5284310
2023-10-20 19:30:00+00:00,173.3699951171875,173.49000549316406,172.8000030517578,172.83999633789062,6774830
2023-10-23 13:30:00+00:00,171.58999633789062,171.91000366210938,169.92999267578125,171.58999633789062,15939825
2023-10-23 14:30:00+00:00,171.58999633789062,172.91029357910156,171.1699981689453,172.80999755859375,6828633
2023-10-23 15:30:00+00:00,172.80999755859375,172.98500061035156,172.27999877929688,172.83999633789062,5567383
2023-10-23 16:30:00+00:00,172.86000061035156,173.63999938964844,172.63999938964844,173.30999755859375,4597769
2023-10-23 17:30:00+00:00,173.30999755859375,174.00999450683594,173.13900756835938,173.3800048828125,4849773
2023-10-23 18:30:00+00:00,173.38999938964844,173.72500610351562,173.0850067138672,173.13299560546875,5131178
2023-10-23 19:30:00+00:00,173.14500427246094,173.25999450683594,172.75999450683594,172.9600067138672,5236992
2023-10-24 13:30:00+00:00,173.0500030517578,173.30999755859375,171.80999755859375,172.8300018310547,10973848
2023-10-24 14:30:00+00:00,172.8249053955078,172.88999938964844,172.1300048828125,172.30499267578125,5390228
2023-10-24 15:30:00+00:00,172.30999755859375,173.02000427246094,171.98280334472656,172.0800018310547,4403856
2023-10-24 16:30:00+00:00,172.10000610351562,172.1999969482422,171.4499969482422,172.19000244140625,3752948
2023-10-24 17:30:00+00:00,172.1999053955078,172.75999450683594,171.9199981689453,172.75999450683594,3410631
2023-10-24 18:30:00+00:00,172.75,173.6699981689453,172.67999267578125,173.5850067138672,5963929
2023-10-24 19:30:00+00:00,173.5850067138672,173.6649932861328,173.22999572753906,173.38999938964844,4601374
2023-10-25 13:30:00+00:00,171.8800048828125,172.24000549316406,170.8300018310547,172.1300048828125,11042020
2023-10-25 14:30:00+00:00,172.1300048828125,173.05999755859375,171.8800048828125,172.44500732421875,7738217
2023-10-25 15:30:00+00:00,172.44500732421875,172.60000610351562,171.5399932861328,171.76499938964844,4440866
2023-10-25 16:30:00+00:00,171.75999450683594,172.0500030517578,171.05999755859375,171.14500427246094,5032990
2023-10-25 17:30:00+00:00,171.13999938964844,171.6197967529297,170.77000427246094,171.4199981689453,5060830
2023-10-25 18:30:00+00:00,171.42999267578125,171.5399932861328,170.64999389648438,171.1750030517578,4546917
2023-10-25 19:30:00+00:00,171.17779541015625,171.42999267578125,170.86000061035156,171.08999633789062,6991582
2023-10-26 13:30:00+00:00,170.3699951171875,171.37750244140625,168.1300048828125,168.66000366210938,13990133
2023-10-26 14:30:00+00:00,168.64999389648438,168.9499969482422,166.83999633789062,166.94960021972656,10641541
2023-10-26 15:30:00+00:00,166.94500732421875,167.52999877929688,165.97000122070312,166.29739379882812,8539868
2023-10-26 16:30:00+00:00,166.2899932861328,166.6999969482422,165.72000122070312,165.9499969482422,5923516
2023-10-26 17:30:00+00:00,165.9499969482422,167.38290405273438,165.6699981689453,167.17999267578125,6261731
2023-10-26 18:30:00+00:00,167.1699981689453,167.94000244140625,166.89999389648438,167.31430053710938,6614410
2023-10-26 19:30:00+00:00,167.30999755859375,167.44000244140625,166.375,166.75999450683594,8082422
2023-10-27 13:30:00+00:00,166.91000366210938,168.77000427246094,166.19000244140625,168.16000366210938,13125053
2023-10-27 14:30:00+00:00,168.16000366210938,168.9600067138672,167.38999938964844,168.73500061035156,6386633
2023-10-27 15:30:00+00:00,168.75,168.81809997558594,167.52000427246094,167.75999450683594,3987468
2023-10-27 16:30:00+00:00,167.77000427246094,167.96310424804688,166.8300018310547,167.19000244140625,4730969
2023-10-27 17:30:00+00:00,167.17999267578125,167.97999572753906,166.92999267578125,167.69500732421875,6106335
2023-10-27 18:30:00+00:00,167.6999969482422,168.24000549316406,167.4499969482422,167.99000549316406,6000178
2023-10-27 19:30:00+00:00,167.99000549316406,168.33999633789062,167.49000549316406,168.28500366210938,6380136
2023-10-30 13:30:00+00:00,169.02000427246094,171.1699981689453,168.8699951171875,169.375,12638771
2023-10-30 14:30:00+00:00,169.37989807128906,170.1999969482422,169.2100067138672,169.6699981689453,6708135
2023-10-30 15:30:00+00:00,169.6699981689453,170.16000366210938,169.41000366210938,169.46609497070312,3707282
2023-10-30 16:30:00+00:00,169.46499633789062,170.0500030517578,169.0500030517578,169.91990661621094,4478492
2023-10-30 17:30:00+00:00,169.9199981689453,170.49000549316406,169.8800048828125,170.36000061035156,4232265
2023-10-30 18:30:00+00:00,170.35000610351562,170.82000732421875,169.84019470214844,169.85499572753906,6108040
2023-10-30 19:30:00+00:00,169.85000610351562,170.47999572753906,169.84500122070312,170.24000549316406,5989283
2023-10-31 13:30:00+00:00,169.35000610351562,169.5500030517578,167.89999389648438,169.1300048828125,9517172
2023-10-31 14:30:00+00:00,169.14999389648438,169.8699951171875,168.75,169.22999572753906,5158750
2023-10-31 15:30:00+00:00,169.22999572753906,169.7899932861328,168.84500122070312,169.5500030517578,4428156
2023-10-31 16:30:00+00:00,169.5500030517578,170.2949981689453,169.27000427246094,170.28199768066406,3888208
2023-10-31 17:30:00+00:00,170.2899932861328,170.75,169.9499969482422,169.9600067138672,4143238
2023-10-31 18:30:00+00:00,169.94000244140625,170.77000427246094,169.93099975585938,170.64500427246094,3494370
2023-10-31 19:30:00+00:00,170.63999938964844,170.89999389648438,170.3800048828125,170.7899932861328,4547702
2023-11-01 13:30:00+00:00,171.0,171.97000122070312,170.1199951171875,171.8300018310547,10298739
2023-11-01 14:30:00+00:00,171.8300018310547,172.0800018310547,171.0,171.42999267578125,6770956
2023-11-01 15:30:00+00:00,171.42999267578125,172.0,171.19500732421875,171.89999389648438,3513567
2023-11-01 16:30:00+00:00,171.91000366210938,172.3800048828125,171.6300048828125,172.16200256347656,3736963
2023-11-01 17:30:00+00:00,172.16000366210938,172.7100067138672,171.94000244140625,172.61000061035156,4819939
2023-11-01 18:30:00+00:00,172.625,174.1199951171875,172.10000610351562,173.91000366210938,10052004
2023-11-01 19:30:00+00:00,173.91000366210938,174.22999572753906,173.61000061035156,173.9199981689453,7382594
2023-11-02 13:30:00+00:00,175.52000427246094,177.08999633789062,175.4600067138672,176.8699951171875,12660603
2023-11-02 14:30:00+00:00,176.8800048828125,177.66000366210938,176.6199951171875,176.7740020751953,9566990
2023-11-02 15:30:00+00:00,176.77000427246094,177.10000610351562,176.41000366210938,176.97999572753906,6002941
2023-11-02 16:30:00+00:00,176.97999572753906,177.31500244140625,176.77999877929688,177.08799743652344,5823586
2023-11-02 17:30:00+00:00,177.0800018310547,177.61000061035156,177.0800018310547,177.30999755859375,5561287
2023-11-02 18:30:00+00:00,177.30209350585938,177.72000122070312,177.19000244140625,177.22999572753906,7714957
2023-11-02 19:30:00+00:00,177.23500061035156,177.77999877929688,177.1699981689453,177.77999877929688,9466400
2023-11-03 13:30:00+00:00,174.24000549316406,176.39999389648438,173.35000610351562,174.7100067138672,28550758
2023-11-03 14:30:00+00:00,174.6999969482422,175.94000244140625,174.66000366210938,174.8000030517578,9711814
2023-11-03 15:30:00+00:00,174.8000030517578,176.49000549316406,174.60000610351562,176.33999633789062,7570993
2023-11-03 16:30:00+00:00,176.35000610351562,176.4499969482422,175.7100067138672,175.7678985595703,5533801
2023-11-03 17:30:00+00:00,175.76170349121094,175.88999938964844,175.07000732421875,175.78990173339844,6023082
2023-11-03 18:30:00+00:00,175.77999877929688,176.46749877929688,175.67999267578125,176.04010009765625,6461456
2023-11-03 19:30:00+00:00,176.0399932861328,176.82000732421875,175.9499969482422,176.6300048828125,7080006
2023-11-06 14:30:00+00:00,176.3800048828125,178.86000061035156,176.2100067138672,178.25999450683594,19458592
2023-11-06 15:30:00+00:00,178.25999450683594,179.42999267578125,178.2100067138672,179.08999633789062,8179075
2023-11-06 16:30:00+00:00,179.08999633789062,179.38999938964844,178.7100067138672,178.889892578125,5026147
2023-11-06 17:30:00+00:00,178.88499450683594,179.05999755859375,178.00999450683594,178.3300018310547,4910582
2023-11-06 18:30:00+00:00,178.3249969482422,178.76499938964844,178.02000427246094,178.75990295410156,4555749
2023-11-06 19:30:00+00:00,178.75,179.32000732421875,178.67999267578125,179.10000610351562,5086313
2023-11-06 20:30:00+00:00,179.11000061035156,179.3300018310547,178.6999969482422,179.2899932861328,6666486
2023-11-07 14:30:00+00:00,179.17999267578125,180.82000732421875,179.00999450683594,180.7100067138672,16268674
2023-11-07 15:30:00+00:00,180.69500732421875,181.59500122070312,180.52999877929688,181.4550018310547,8190077
2023-11-07 16:30:00+00:00,181.4550018310547,181.63999938964844,180.5200042724609,181.1750030517578,7493420
2023-11-07 17:30:00+00:00,181.1750030517578,182.16000366210932,180.9349975585937,182.01499938964844,6208182
2023-11-07 18:30:00+00:00,182.0184936523437,182.44000244140625,181.92999267578125,182.3408966064453,5219872
2023-11-07 19:30:00+00:00,182.3500061035156,182.42999267578125,181.8999938964844,182.19830322265625,5513486
2023-11-07 20:30:00+00:00,182.19500732421875,182.33999633789065,181.5500030517578,181.8800048828125,8142789
2023-11-08 14:30:00+00:00,182.3500061035156,183.4499969482422,182.17999267578125,182.49850463867188,13792847
2023-11-08 15:30:00+00:00,182.4900054931641,182.9850006103516,182.0,182.1499938964844,6325309
2023-11-08 16:30:00+00:00,182.1499938964844,182.5,181.58999633789065,181.88999938964844,5030995
2023-11-08 17:30:00+00:00,181.8999938964844,182.5800018310547,181.7400054931641,182.509994506836,4014911
2023-11-08 18:30:00+00:00,182.509994506836,182.88999938964844,182.4600067138672,182.7749938964844,3100003
2023-11-08 19:30:00+00:00,182.77999877929688,182.8500061035156,182.3699951171875,182.78500366210932,4758437
2023-11-08 20:30:00+00:00,182.7899932861328,183.009994506836,182.6224975585937,182.88999938964844,5331712
2023-11-09 14:30:00+00:00,182.9600067138672,183.5500030517578,182.6000061035156,182.6300048828125,9703743
2023-11-09 15:30:00+00:00,182.634994506836,183.97970581054688,182.47999572753903,183.53500366210932,6858126
2023-11-09 16:30:00+00:00,183.5399932861328,184.1199951171875,183.47999572753903,183.57000732421875,5025374
2023-11-09 17:30:00+00:00,183.5800018310547,184.01499938964844,182.69000244140625,183.6999969482422,5877391
2023-11-09 18:30:00+00:00,183.6999969482422,183.72999572753903,182.33999633789065,182.82000732421875,7012436
2023-11-09 19:30:00+00:00,182.82000732421875,182.8300018310547,181.8099975585937,181.8600006103516,5497017
2023-11-09 20:30:00+00:00,181.8500061035156,182.47999572753903,181.8300018310547,182.44000244140625,5102309
2023-11-10 14:30:00+00:00,183.71099853515625,184.7899932861328,183.52999877929688,183.7799072265625,13042014
2023-11-10 15:30:00+00:00,183.77999877929688,184.94000244140625,183.6150054931641,184.75,6727223
2023-11-10 16:30:00+00:00,184.759994506836,185.0,184.42999267578125,184.94000244140625,4269310
2023-11-10 17:30:00+00:00,184.94009399414065,185.509994506836,184.8800048828125,185.40499877929688,6479424
2023-11-10 18:30:00+00:00,185.40499877929688,185.9750061035156,185.3999938964844,185.8500061035156,5159113
2023-11-10 19:30:00+00:00,185.8500061035156,186.1300048828125,185.55499267578125,186.1199951171875,6857111
2023-11-10 20:30:00+00:00,186.1100006103516,186.56500244140625,185.9550018310547,186.33999633789065,9456815
2023-11-13 14:30:00+00:00,185.82000732421875,186.02999877929688,184.2100067138672,184.7660980224609,11087334
2023-11-13 15:30:00+00:00,184.7700042724609,185.13999938964844,184.38999938964844,184.9600067138672,5748681
2023-11-13 16:30:00+00:00,184.9600067138672,185.134994506836,184.5,184.56500244140625,5079289
2023-11-13 17:30:00+00:00,184.57000732421875,184.92990112304688,184.38999938964844,184.5599975585937,2665925
2023-11-13 18:30:00+00:00,184.57000732421875,185.009994506836,184.4600067138672,184.99009704589844,2982413
2023-11-13 19:30:00+00:00,184.9900054931641,185.0800018310547,184.7299041748047,184.9499969482422,3878074
2023-11-13 20:30:00+00:00,184.9600067138672,185.009994506836,184.61050415039065,184.7700042724609,4422642
2023-11-14 14:30:00+00:00,187.33999633789065,187.5200042724609,186.3000030517578,187.4499969482422,16941276
2023-11-14 15:30:00+00:00,187.44000244140625,187.47999572753903,186.67999267578125,186.9259033203125,5319775
2023-11-14 16:30:00+00:00,186.9250030517578,187.22000122070312,186.41000366210932,187.05499267578125,4868237
2023-11-14 17:30:00+00:00,187.0599975585937,187.5,187.009994506836,187.4600067138672,3663476
2023-11-14 18:30:00+00:00,187.4600067138672,187.4900054931641,186.82000732421875,187.4136962890625,4558716
2023-11-14 19:30:00+00:00,187.4149932861328,188.1100006103516,187.4149932861328,187.91200256347656,7317327
2023-11-14 20:30:00+00:00,187.9199981689453,188.02999877929688,187.2100067138672,187.44000244140625,6872181
2023-11-15 14:30:00+00:00,187.84500122070312,188.6999969482422,187.8000030517578,188.1499938964844,11861855
2023-11-15 15:30:00+00:00,188.16000366210932,189.5,188.1100006103516,189.4149932861328,8051018
2023-11-15 16:30:00+00:00,189.4149932861328,189.4499053955078,188.52999877929688,189.1199951171875,5324873
2023-11-15 17:30:00+00:00,189.1199951171875,189.1699981689453,188.46499633789065,189.03500366210932,4164889
2023-11-15 18:30:00+00:00,189.031005859375,189.0800018310547,188.3999938964844,188.7700042724609,4508244
2023-11-15 19:30:00+00:00,188.7700042724609,188.77999877929688,187.9550018310547,188.19500732421875,3069538
2023-11-15 20:30:00+00:00,188.1999969482422,188.5599975585937,187.77999877929688,188.08999633789065,5901858
2023-11-16 14:30:00+00:00,189.92999267578125,190.9600067138672,189.63999938964844,190.0854034423828,18705132
2023-11-16 15:30:00+00:00,190.1000061035156,190.2100067138672,188.8099975585937,189.009994506836,6893426
2023-11-16 16:30:00+00:00,189.009994506836,189.66000366210932,188.72000122070312,189.6450042724609,4821908
2023-11-16 17:30:00+00:00,189.63999938964844,189.97999572753903,188.6499938964844,189.3300018310547,3843638
2023-11-16 18:30:00+00:00,189.3249969482422,189.57000732421875,188.97999572753903,189.35499572753903,3451913
2023-11-16 19:30:00+00:00,189.3500061035156,189.7350006103516,189.22000122070312,189.4250030517578,4436262
2023-11-16 20:30:00+00:00,189.4250030517578,189.8699951171875,189.33999633789065,189.76890563964844,5829780
2023-11-17 14:30:00+00:00,190.25,190.3800048828125,188.57000732421875,189.5800018310547,14964688
2023-11-17 15:30:00+00:00,189.5850067138672,189.759994506836,188.8699951171875,189.051498413086,5463980
2023-11-17 16:30:00+00:00,189.0599975585937,189.4600067138672,188.82000732421875,188.9676055908203,3598292
2023-11-17 17:30:00+00:00,188.96499633789065,189.6100006103516,188.8999938964844,189.4850006103516,3093549
2023-11-17 18:30:00+00:00,189.4900054931641,189.8999938964844,189.3500061035156,189.7350006103516,3674072
2023-11-17 19:30:00+00:00,189.7350006103516,190.17999267578125,189.5800018310547,189.88800048828125,4775134
2023-11-17 20:30:00+00:00,189.884994506836,189.9600067138672,189.5200042724609,189.7100067138672,5381674
2023-11-20 14:30:00+00:00,189.88999938964844,191.66900634765625,189.8800048828125,190.71499633789065,10886688
2023-11-20 15:30:00+00:00,190.72000122070312,191.3699951171875,190.52999877929688,191.1649932861328,5212746
2023-11-20 16:30:00+00:00,191.1699981689453,191.5500030517578,191.08999633789065,191.22999572753903,3453437
2023-11-20 17:30:00+00:00,191.25,191.8000030517578,191.0800018310547,191.625,4827400
2023-11-20 18:30:00+00:00,191.6199951171875,191.7700042724609,191.3300018310547,191.5198974609375,3173051
2023-11-20 19:30:00+00:00,191.509994506836,191.90499877929688,191.5,191.875,3980122
2023-11-20 20:30:00+00:00,191.875,191.875,191.16000366210932,191.49099731445312,5319166
2023-11-21 14:30:00+00:00,191.41000366210932,191.5200042724609,190.2700042724609,190.34750366210932,8992766
2023-11-21 15:30:00+00:00,190.3500061035156,190.47000122070312,189.7400054931641,189.94200134277344,5681421
2023-11-21 16:30:00+00:00,189.94000244140625,190.32000732421875,189.8300018310547,190.2749938964844,3359800
2023-11-21 17:30:00+00:00,190.2769927978516,190.6000061035156,190.0399932861328,190.1199951171875,3112369
2023-11-21 18:30:00+00:00,190.1199951171875,190.6150054931641,190.0850067138672,190.3800048828125,2874142
2023-11-21 19:30:00+00:00,190.3827972412109,190.7100067138672,190.2899932861328,190.6499938964844,3442863
2023-11-21 20:30:00+00:00,190.6450042724609,190.72999572753903,190.2899932861328,190.66000366210932,5535871
2023-11-22 14:30:00+00:00,192.3600006103516,192.92999267578125,191.42999267578125,191.93150329589844,11546645
2023-11-22 15:30:00+00:00,191.9499969482422,192.3699951171875,191.38999938964844,191.66000366210932,4786188
2023-11-22 16:30:00+00:00,191.66000366210932,191.9600067138672,191.47999572753903,191.9149932861328,3340080
2023-11-22 17:30:00+00:00,191.9149932861328,192.08999633789065,191.63999938964844,192.0050048828125,3467320
2023-11-22 18:30:00+00:00,192.009994506836,192.03030395507807,191.4900054931641,191.634994506836,3409564
2023-11-22 19:30:00+00:00,191.63999938964844,191.63999938964844,190.8249969482422,191.5124969482422,3992146
2023-11-22 20:30:00+00:00,191.5200042724609,191.6999969482422,191.22000122070312,191.3000030517578,3537662
2023-11-24 14:30:00+00:00,190.8699951171875,190.8999938964844,189.3000030517578,189.4600067138672,7873135
2023-11-24 15:30:00+00:00,189.47000122070312,189.6699981689453,189.25,189.6100006103516,4853829
2023-11-24 16:30:00+00:00,189.6000061035156,189.7888946533203,189.3500061035156,189.5399932861328,3827135
2023-11-27 14:30:00+00:00,190.25070190429688,190.2998962402344,188.8999938964844,189.0599975585937,8344466
2023-11-27 15:30:00+00:00,189.07000732421875,189.5,189.009994506836,189.4949951171875,3959357
2023-11-27 16:30:00+00:00,189.4900054931641,190.509994506836,189.44000244140625,190.3699951171875,4866435
2023-11-27 17:30:00+00:00,190.3789978027344,190.6699981689453,190.2557983398437,190.3650054931641,2958636
2023-11-27 18:30:00+00:00,190.3650054931641,190.3650054931641,189.9499969482422,190.07000732421875,2711904
2023-11-27 19:30:00+00:00,190.0749969482422,190.0749969482422,189.5200042724609,189.83999633789065,3148374
2023-11-27 20:30:00+00:00,189.8500061035156,190.0599975585937,189.60499572753903,189.7700042724609,4637560
2023-11-28 14:30:00+00:00,189.77999877929688,190.2700042724609,189.3999938964844,189.97999572753903,7575785
2023-11-28 15:30:00+00:00,189.98129272460932,190.6100006103516,189.94000244140625,190.5850067138672,4971867
2023-11-28 16:30:00+00:00,190.5800018310547,191.0800018310547,190.4900054931641,190.5200042724609,3957042
2023-11-28 17:30:00+00:00,190.51010131835932,190.5200042724609,189.759994506836,189.9700927734375,3610946
2023-11-28 18:30:00+00:00,189.9750061035156,190.1199951171875,189.66000366210932,189.81399536132807,3305993
2023-11-28 19:30:00+00:00,189.8099975585937,190.1100006103516,189.5850067138672,189.8300018310547,3364115
2023-11-28 20:30:00+00:00,189.82000732421875,190.3999938964844,189.77999877929688,190.38999938964844,4808968
2023-11-29 14:30:00+00:00,190.8999938964844,192.08999633789065,190.6000061035156,190.8800048828125,9347732
2023-11-29 15:30:00+00:00,190.88999938964844,191.0749969482422,190.0500030517578,190.097396850586,4753727
2023-11-29 16:30:00+00:00,190.1000061035156,190.2749938964844,189.5200042724609,189.8999938964844,4186819
2023-11-29 17:30:00+00:00,189.88999938964844,189.92999267578125,189.27999877929688,189.50030517578125,2949200
2023-11-29 18:30:00+00:00,189.5050048828125,189.509994506836,189.17999267578125,189.2635040283203,2911454
2023-11-29 19:30:00+00:00,189.26499938964844,189.40499877929688,189.009994506836,189.01499938964844,3344970
2023-11-29 20:30:00+00:00,189.009994506836,189.44500732421875,188.97000122070312,189.35499572753903,4438836
2023-11-30 14:30:00+00:00,189.83999633789065,190.32000732421875,188.66000366210932,188.82589721679688,8749839
2023-11-30 15:30:00+00:00,188.8300018310547,188.9900054931641,188.33999633789065,188.47999572753903,4576249
2023-11-30 16:30:00+00:00,188.47999572753903,188.6100006103516,188.19000244140625,188.3500061035156,3433969
2023-11-30 17:30:00+00:00,188.3500061035156,188.759506225586,188.2700042724609,188.3300018310547,2774969
2023-11-30 18:30:00+00:00,188.3350067138672,188.8300018310547,188.2899932861328,188.7899932861328,2750590
2023-11-30 19:30:00+00:00,188.7879943847656,189.2100067138672,188.63999938964844,188.77999877929688,3353372
2023-11-30 20:30:00+00:00,188.76499938964844,190.1999969482422,188.759994506836,189.97999572753903,7329917
2023-12-01 14:30:00+00:00,190.3300018310547,190.5,189.22999572753903,190.0599975585937,8588385
2023-12-01 15:30:00+00:00,190.0599975585937,190.9900054931641,189.9199981689453,190.83009338378903,5955415
2023-12-01 16:30:00+00:00,190.83999633789065,191.4501953125,190.6000061035156,191.44500732421875,5188633
2023-12-01 17:30:00+00:00,191.44000244140625,191.5599975585937,191.0399932861328,191.0599975585937,3380700
2023-12-01 18:30:00+00:00,191.0500030517578,191.2899932861328,190.82009887695312,191.27870178222656,3259102
2023-12-01 19:30:00+00:00,191.27999877929688,191.33999633789065,190.9199981689453,191.1199951171875,3998274
2023-12-01 20:30:00+00:00,191.12240600585932,191.3800048828125,190.8816070556641,191.259994506836,5182498
2023-12-04 14:30:00+00:00,189.8249969482422,190.0,188.08999633789065,188.16000366210932,10608539
2023-12-04 15:30:00+00:00,188.16000366210932,188.27999877929688,187.4510955810547,187.97000122070312,6707290
2023-12-04 16:30:00+00:00,187.9600067138672,188.57000732421875,187.8350067138672,188.4541931152344,3813425
2023-12-04 17:30:00+00:00,188.4600067138672,188.8099975585937,188.4199981689453,188.5498962402344,2820690
2023-12-04 18:30:00+00:00,188.5449981689453,188.96499633789065,188.4900054931641,188.8500061035156,2892130
2023-12-04 19:30:00+00:00,188.83999633789065,189.1300048828125,188.72000122070312,189.0599975585937,3402787
2023-12-04 20:30:00+00:00,189.06500244140625,189.66000366210932,188.97999572753903,189.4499969482422,5548831
2023-12-05 14:30:00+00:00,190.2100067138672,194.3099975585937,190.17999267578125,193.58999633789065,22073030
2023-12-05 15:30:00+00:00,193.5845947265625,194.3999938964844,193.47000122070312,193.5599975585937,8331133
2023-12-05 16:30:00+00:00,193.5599975585937,193.8000030517578,192.6199951171875,193.759994506836,6074350
2023-12-05 17:30:00+00:00,193.7700042724609,193.8300018310547,192.9499969482422,193.13999938964844,4164417
2023-12-05 18:30:00+00:00,193.1450042724609,193.3099975585937,192.75,192.9900054931641,5223621
2023-12-05 19:30:00+00:00,193.0,193.47000122070312,192.7700042724609,193.1916961669922,4787623
2023-12-05 20:30:00+00:00,193.19500732421875,193.5399932861328,192.8699951171875,193.5,6418486
2023-12-06 14:30:00+00:00,194.4499969482422,194.759994506836,192.2050018310547,192.4199981689453,11260893
2023-12-06 15:30:00+00:00,192.4199981689453,193.33999633789065,192.360107421875,193.09500122070312,4374474
2023-12-06 16:30:00+00:00,193.1000061035156,193.1300048828125,192.47000122070312,192.8300018310547,3252326
2023-12-06 17:30:00+00:00,192.83999633789065,192.97999572753903,192.3699951171875,192.9058990478516,3389634
2023-12-06 18:30:00+00:00,192.91000366210932,193.2350006103516,192.7400054931641,192.77999877929688,2713794
2023-12-06 19:30:00+00:00,192.77999877929688,193.0500030517578,192.33999633789065,192.42599487304688,3147189
2023-12-06 20:30:00+00:00,192.42999267578125,192.5599975585937,192.1100006103516,192.3099975585937,5184527
2023-12-07 14:30:00+00:00,193.6300048828125,194.9199981689453,193.58999633789065,194.7250061035156,11958910
2023-12-07 15:30:00+00:00,194.7250061035156,194.97999572753903,194.0200042724609,194.3000030517578,5216520
2023-12-07 16:30:00+00:00,194.2899932861328,195.0,194.21499633789065,194.94000244140625,4611066
2023-12-07 17:30:00+00:00,194.94000244140625,194.97000122070312,194.31309509277344,194.42999267578125,4481336
2023-12-07 18:30:00+00:00,194.42999267578125,194.52999877929688,194.1699981689453,194.47000122070312,3233037
2023-12-07 19:30:00+00:00,194.47000122070312,194.4750061035156,194.1199951171875,194.1699981689453,3026122
2023-12-07 20:30:00+00:00,194.1699981689453,194.3500061035156,194.009994506836,194.2400054931641,4479168
2023-12-08 14:30:00+00:00,194.1999969482422,195.0,193.6699981689453,194.64990234375,11185810
2023-12-08 15:30:00+00:00,194.6499938964844,195.0,194.17999267578125,194.759994506836,5158425
2023-12-08 16:30:00+00:00,194.759994506836,195.19000244140625,194.27099609375,195.1000061035156,5398492
2023-12-08 17:30:00+00:00,195.09930419921875,195.3600006103516,194.9199981689453,195.2400054931641,4520094
2023-12-08 18:30:00+00:00,195.2400054931641,195.72000122070312,195.15499877929688,195.71499633789065,3904469
2023-12-08 19:30:00+00:00,195.71499633789065,195.97999572753903,195.41000366210932,195.7400054931641,5640599
2023-12-08 20:30:00+00:00,195.7350006103516,195.9900054931641,195.6199951171875,195.72000122070312,5190666
2023-12-11 14:30:00+00:00,193.218994140625,193.41000366210932,192.0200042724609,192.1100006103516,18453650
2023-12-11 15:30:00+00:00,192.1199951171875,192.42999267578125,191.4199981689453,191.8099975585937,9504078
2023-12-11 16:30:00+00:00,191.8099975585937,192.38999938964844,191.4900054931641,192.1000061035156,4471150
2023-12-11 17:30:00+00:00,192.10989379882807,192.58999633789065,192.0599975585937,192.4550018310547,3798928
2023-12-11 18:30:00+00:00,192.47000122070312,192.97000122070312,192.47000122070312,192.7917938232422,3897170
2023-12-11 19:30:00+00:00,192.7949981689453,193.125,192.75,192.8699951171875,4731090
2023-12-11 20:30:00+00:00,192.8699951171875,193.3099975585937,192.8300018310547,193.17999267578125,5215874
2023-12-12 14:30:00+00:00,193.0800018310547,193.38999938964844,191.7209930419922,192.8350067138672,11344243
2023-12-12 15:30:00+00:00,192.83999633789065,193.6199951171875,192.7550048828125,193.2400054931641,5934316
2023-12-12 16:30:00+00:00,193.25,193.49989318847656,193.07000732421875,193.4658050537109,3481895
2023-12-12 17:30:00+00:00,193.47999572753903,193.8099975585937,193.259994506836,193.66000366210932,4224679
2023-12-12 18:30:00+00:00,193.6699981689453,194.3300018310547,193.6300048828125,194.22000122070312,4270270
2023-12-12 19:30:00+00:00,194.22000122070312,194.5599975585937,194.1450042724609,194.384994506836,4304737
2023-12-12 20:30:00+00:00,194.3800048828125,194.72000122070312,194.2100067138672,194.6699981689453,5381974
2023-12-13 14:30:00+00:00,195.08999633789065,196.6300048828125,194.8500061035156,196.5200958251953,12404139
2023-12-13 15:30:00+00:00,196.5249938964844,196.73809814453125,195.6499938964844,195.9600067138672,6786044
2023-12-13 16:30:00+00:00,195.96499633789065,196.27999877929688,195.69500732421875,195.7700042724609,4074995
2023-12-13 17:30:00+00:00,195.76629638671875,196.6199951171875,195.47999572753903,196.55499267578125,4814751
2023-12-13 18:30:00+00:00,196.55499267578125,197.4499969482422,196.42999267578125,197.2975006103516,9131091
2023-12-13 19:30:00+00:00,197.2949981689453,198.0,196.57000732421875,196.9750061035156,10813120
2023-12-13 20:30:00+00:00,196.9750061035156,197.88999938964844,196.6699981689453,197.8699951171875,8132395
2023-12-14 14:30:00+00:00,198.67999267578125,199.6199951171875,198.58999633789065,198.7899932861328,18480165
2023-12-14 15:30:00+00:00,198.8000030517578,199.384994506836,198.1450042724609,198.3600006103516,9432288
2023-12-14 16:30:00+00:00,198.35499572753903,198.5599975585937,197.58999633789065,198.3999938964844,5791822
2023-12-14 17:30:00+00:00,198.38999938964844,198.5599975585937,196.71499633789065,196.85499572753903,5584658
2023-12-14 18:30:00+00:00,196.8500061035156,197.8999938964844,196.16000366210932,197.8950042724609,4865005
2023-12-14 19:30:00+00:00,197.8950042724609,198.07989501953125,197.2350006103516,197.9100952148437,5349291
2023-12-14 20:30:00+00:00,197.91000366210932,198.16000366210932,197.5599975585937,198.13999938964844,7132229
2023-12-15 14:30:00+00:00,197.75,198.39990234375,197.0800018310547,198.02999877929688,27708449
2023-12-15 15:30:00+00:00,198.0399932861328,198.15899658203125,197.3500061035156,197.625,6069219
2023-12-15 16:30:00+00:00,197.6300048828125,198.0200042724609,197.53500366210932,197.72999572753903,4016473
2023-12-15 17:30:00+00:00,197.7400054931641,197.7400054931641,197.1000061035156,197.375,4909415
2023-12-15 18:30:00+00:00,197.3800048828125,197.6649932861328,197.0200042724609,197.2700042724609,4612469
2023-12-15 19:30:00+00:00,197.2908935546875,198.08999633789065,197.27999877929688,197.9900054931641,3896083
2023-12-15 20:30:00+00:00,197.99400329589844,198.1999969482422,197.0,197.1199951171875,9086193
2023-12-18 14:30:00+00:00,196.08999633789065,196.6300048828125,194.41000366210932,195.3650054931641,16633548
2023-12-18 15:30:00+00:00,195.3600006103516,195.5249938964844,194.6199951171875,194.92999267578125,6011735
2023-12-18 16:30:00+00:00,194.92999267578125,195.3500061035156,194.69500732421875,195.25010681152344,4447711
2023-12-18 17:30:00+00:00,195.25,196.16329956054688,195.15499877929688,196.1450042724609,3772276
2023-12-18 18:30:00+00:00,196.1499938964844,196.47999572753903,195.9949951171875,196.2098999023437,3900936
2023-12-18 19:30:00+00:00,196.2100067138672,196.4499969482422,196.1000061035156,196.1999969482422,3915676
2023-12-18 20:30:00+00:00,196.2100067138672,196.44000244140625,195.77999877929688,195.8623046875,5129751
2023-12-19 14:30:00+00:00,196.16000366210932,196.65499877929688,195.88999938964844,196.5399932861328,9236022
2023-12-19 15:30:00+00:00,196.5500030517578,196.9499969482422,196.27749633789065,196.6000061035156,4831194
2023-12-19 16:30:00+00:00,196.59500122070312,196.7400054931641,195.97000122070312,196.22999572753903,3463432
2023-12-19 17:30:00+00:00,196.22999572753903,196.3300018310547,195.97000122070312,196.2449951171875,2379955
2023-12-19 18:30:00+00:00,196.25,196.2899932861328,195.9900054931641,196.07000732421875,2263009
2023-12-19 19:30:00+00:00,196.0800018310547,196.47000122070312,195.97999572753903,196.4499969482422,2992125
2023-12-19 20:30:00+00:00,196.4499969482422,196.9499969482422,196.3249969482422,196.92999267578125,4003318
2023-12-20 14:30:00+00:00,196.92999267578125,197.67999267578125,196.69000244140625,197.384994506836,9234134
2023-12-20 15:30:00+00:00,197.384994506836,197.59500122070312,197.13999938964844,197.22999572753903,4183100
2023-12-20 16:30:00+00:00,197.22999572753903,197.44000244140625,197.009994506836,197.3583068847656,3204045
2023-12-20 17:30:00+00:00,197.3500061035156,197.45260620117188,197.2230987548828,197.3999938964844,2564829
2023-12-20 18:30:00+00:00,197.41000366210932,197.57000732421875,197.1150054931641,197.1849975585937,3246347
2023-12-20 19:30:00+00:00,197.19000244140625,197.2350006103516,195.16000366210932,195.1999969482422,8708764
2023-12-20 20:30:00+00:00,195.2100067138672,195.75,194.83999633789065,194.83999633789065,7046047
2023-12-21 14:30:00+00:00,196.1000061035156,197.0800018310547,194.82000732421875,195.12969970703125,9854488
2023-12-21 15:30:00+00:00,195.1300048828125,195.1999969482422,194.2899932861328,194.8600006103516,5694052
2023-12-21 16:30:00+00:00,194.8600006103516,194.97000122070312,193.91000366210932,194.0399932861328,4574715
2023-12-21 17:30:00+00:00,194.0500030517578,194.259994506836,193.5,194.0599975585937,4316193
2023-12-21 18:30:00+00:00,194.07000732421875,194.2400054931641,193.7700042724609,194.0,3625960
2023-12-21 19:30:00+00:00,193.9949951171875,194.4199981689453,193.759994506836,194.4051055908203,4415883
2023-12-21 20:30:00+00:00,194.41000366210932,194.97999572753903,194.3321075439453,194.67999267578125,5015136
2023-12-22 14:30:00+00:00,195.17999267578125,195.41000366210932,194.4250030517578,194.6649932861328,7689027
2023-12-22 15:30:00+00:00,194.6649932861328,194.7411956787109,194.009994506836,194.1750030517578,4730474
2023-12-22 16:30:00+00:00,194.1699981689453,194.3500061035156,193.83999633789065,194.0500030517578,3433322
2023-12-22 17:30:00+00:00,194.0599975585937,194.4600067138672,193.9499969482422,194.1300048828125,3020351
2023-12-22 18:30:00+00:00,194.125,194.2949981689453,193.0800018310547,193.1195068359375,3592914
2023-12-22 19:30:00+00:00,193.1150054931641,193.97999572753903,192.97000122070312,193.97999572753903,4274216
2023-12-22 20:30:00+00:00,193.9750061035156,193.9900054931641,193.4850006103516,193.52999877929688,4377805
2023-12-26 14:30:00+00:00,193.6100006103516,193.88999938964844,192.88999938964844,193.07000732421875,6773942
2023-12-26 15:30:00+00:00,193.0749969482422,193.44000244140625,192.88999938964844,192.96499633789065,3334201
2023-12-26 16:30:00+00:00,192.96499633789065,193.3000030517578,192.9600067138672,193.09500122070312,2510474
2023-12-26 17:30:00+00:00,193.09500122070312,193.3600006103516,193.02999877929688,193.13999938964844,2356084
2023-12-26 18:30:00+00:00,193.1450042724609,193.16000366210932,192.8300018310547,193.0800018310547,2499981
2023-12-26 19:30:00+00:00,193.08999633789065,193.4600067138672,192.9600067138672,193.4120941162109,2934413
2023-12-26 20:30:00+00:00,193.4199981689453,193.4900054931641,192.9199981689453,193.0399932861328,3715355
2023-12-27 14:30:00+00:00,192.4900054931641,192.897201538086,191.44500732421875,191.6385040283203,8800358
2023-12-27 15:30:00+00:00,191.634994506836,191.7749938964844,191.08999633789065,191.680404663086,5823979
2023-12-27 16:30:00+00:00,191.67999267578125,192.52999877929688,191.5500030517578,192.47999572753903,5827388
2023-12-27 17:30:00+00:00,192.4750061035156,193.1499938964844,192.4600067138672,192.9759979248047,5731943
2023-12-27 18:30:00+00:00,192.97900390625,193.5,192.77999877929688,193.1499938964844,4552245
2023-12-27 19:30:00+00:00,193.1699981689453,193.2400054931641,192.759994506836,192.92999267578125,3255762
2023-12-27 20:30:00+00:00,192.92999267578125,193.22000122070312,192.72999572753903,193.1699981689453,5694099
2023-12-28 14:30:00+00:00,194.13999938964844,194.66000366210932,193.72999572753903,194.2490997314453,8051158
2023-12-28 15:30:00+00:00,194.25,194.47999572753903,193.88999938964844,194.0500030517578,4231835
2023-12-28 16:30:00+00:00,194.05499267578125,194.42999267578125,193.9900054931641,194.16000366210932,2553278
2023-12-28 17:30:00+00:00,194.1649932861328,194.19000244140625,193.5800018310547,193.6999969482422,3732168
2023-12-28 18:30:00+00:00,193.6999969482422,194.07000732421875,193.6699981689453,194.01499938964844,2478139
2023-12-28 19:30:00+00:00,194.01499938964844,194.08999633789065,193.5500030517578,193.6750030517578,3023980
2023-12-28 20:30:00+00:00,193.6699981689453,193.8596954345703,193.1699981689453,193.5800018310547,5075432
2023-12-29 14:30:00+00:00,193.8999938964844,194.3999938964844,193.2203063964844,193.509994506836,5115085
2023-12-29 15:30:00+00:00,193.509994506836,193.5500030517578,191.909896850586,191.9600067138672,4269845
2023-12-29 16:30:00+00:00,191.96499633789065,192.47999572753903,191.7250061035156,191.8999938964844,4320986
2023-12-29 17:30:00+00:00,191.90499877929688,192.22999572753903,191.77999877929688,191.8999938964844,3916853
2023-12-29 18:30:00+00:00,191.90499877929688,192.4499969482422,191.8999938964844,192.1199951171875,2809737
2023-12-29 19:30:00+00:00,192.1150054931641,192.72999572753903,192.1100006103516,192.67999267578125,4109754
2023-12-29 20:30:00+00:00,192.6750030517578,193.1300048828125,192.0200042724609,192.5200042724609,7753795
2024-01-02 14:30:00+00:00,187.80099487304688,188.44000244140625,186.009994506836,186.1898956298828,21173291
2024-01-02 15:30:00+00:00,186.17999267578125,186.90499877929688,185.18429565429688,186.80499267578125,9010595
2024-01-02 16:30:00+00:00,186.8000030517578,187.3500061035156,186.57000732421875,186.6150054931641,6143754
2024-01-02 17:30:00+00:00,186.6150054931641,187.0399932861328,185.259994506836,185.2949981689453,5381701
2024-01-02 18:30:00+00:00,185.2899932861328,185.5399932861328,184.22999572753903,184.4949951171875,7228643
2024-01-02 19:30:00+00:00,184.4900054931641,184.67999267578125,183.884994506836,184.4199981689453,8238940
2024-01-02 20:30:00+00:00,184.4199981689453,185.63999938964844,184.4149932861328,185.5249938964844,9447841
2024-01-03 14:30:00+00:00,184.66799926757807,185.8800048828125,183.6300048828125,183.9586944580078,15935130
2024-01-03 15:30:00+00:00,183.9550018310547,184.2700042724609,183.4499969482422,184.1999969482422,7040280
2024-01-03 16:30:00+00:00,184.19000244140625,184.3800048828125,183.42999267578125,183.92999267578125,5295920
2024-01-03 17:30:00+00:00,183.92709350585932,184.5500030517578,183.8516998291016,184.4730987548828,3968490
2024-01-03 18:30:00+00:00,184.4750061035156,184.82000732421875,183.80499267578125,184.7400054931641,4500805
2024-01-03 19:30:00+00:00,184.7494964599609,184.94000244140625,184.2100982666016,184.38999938964844,4256338
2024-01-03 20:30:00+00:00,184.38999938964844,184.5200042724609,183.75,184.25,5053608
2024-01-04 14:30:00+00:00,182.1499938964844,183.0872039794922,181.22760009765625,181.67999267578125,16075231
2024-01-04 15:30:00+00:00,181.6699981689453,182.35499572753903,180.8800048828125,182.125,10313237
2024-01-04 16:30:00+00:00,182.1269989013672,182.44000244140625,181.32000732421875,182.13999938964844,7509793
2024-01-04 17:30:00+00:00,182.1300048828125,182.9900054931641,181.9600067138672,182.9149932861328,4961844
2024-01-04 18:30:00+00:00,182.91000366210932,183.07000732421875,182.4199981689453,182.5,4172442
2024-01-04 19:30:00+00:00,182.5,182.66000366210932,181.87210083007807,181.94009399414065,6011068
2024-01-04 20:30:00+00:00,181.94500732421875,182.4149932861328,181.42999267578125,181.9199981689453,7594098
2024-01-05 14:30:00+00:00,181.9900054931641,182.759994506836,181.5200042724609,182.07000732421875,13194900
2024-01-05 15:30:00+00:00,182.06629943847656,182.7400054931641,181.96499633789065,182.0876007080078,5524889
2024-01-05 16:30:00+00:00,182.0800018310547,182.2250061035156,181.32000732421875,181.3650054931641,4494198
2024-01-05 17:30:00+00:00,181.3600006103516,181.8600006103516,181.2100067138672,181.7400054931641,4262774
2024-01-05 18:30:00+00:00,181.7449951171875,182.22999572753903,180.4199981689453,181.1199951171875,9901415
2024-01-05 19:30:00+00:00,181.1100006103516,181.38999938964844,180.1699981689453,180.27999877929688,7993182
2024-01-05 20:30:00+00:00,180.2799072265625,181.259994506836,180.23809814453125,181.1699981689453,6775472
2024-01-08 14:30:00+00:00,182.0850067138672,183.884994506836,181.5,183.8099975585937,13311025
2024-01-08 15:30:00+00:00,183.82000732421875,183.8800048828125,183.2100067138672,183.2449951171875,5198974
2024-01-08 16:30:00+00:00,183.2449951171875,184.57000732421875,183.2350006103516,183.99009704589844,5720535
2024-01-08 17:30:00+00:00,184.0,184.47000122070312,183.9600067138672,184.1150054931641,4151910
2024-01-08 18:30:00+00:00,184.1199951171875,184.875,184.0500030517578,184.8325042724609,3724042
2024-01-08 19:30:00+00:00,184.83999633789065,185.4199981689453,184.6999969482422,185.22000122070312,5370765
2024-01-08 20:30:00+00:00,185.21499633789065,185.6000061035156,184.91000366210932,185.5500030517578,6759299
2024-01-09 14:30:00+00:00,183.9199981689453,184.22999572753903,182.72999572753903,183.5249938964844,10523629
2024-01-09 15:30:00+00:00,183.52999877929688,184.259994506836,183.2100067138672,184.22999572753903,4602813
2024-01-09 16:30:00+00:00,184.22999572753903,184.8300018310547,184.1499938964844,184.44000244140625,3908469
2024-01-09 17:30:00+00:00,184.44000244140625,184.9199981689453,184.38999938964844,184.3999938964844,2818553
2024-01-09 18:30:00+00:00,184.3999938964844,184.72999572753903,184.0399932861328,184.31500244140625,3180445
2024-01-09 19:30:00+00:00,184.3101043701172,184.8999938964844,184.3002014160156,184.7700042724609,3646429
2024-01-09 20:30:00+00:00,184.77999877929688,185.1499938964844,184.41000366210932,185.1100006103516,6123108
2024-01-10 14:30:00+00:00,184.3500061035156,184.9600067138672,183.9199981689453,184.5500030517578,8558186
2024-01-10 15:30:00+00:00,184.5449981689453,185.009994506836,184.22250366210932,184.509994506836,5574178
2024-01-10 16:30:00+00:00,184.51499938964844,184.5500030517578,184.0500030517578,184.2700042724609,3427864
2024-01-10 17:30:00+00:00,184.2700042724609,184.5749969482422,184.0800018310547,184.375,3133102
2024-01-10 18:30:00+00:00,184.3800048828125,185.67999267578125,184.35499572753903,185.625,3976057
2024-01-10 19:30:00+00:00,185.6300048828125,186.3999938964844,185.6199951171875,185.8249969482422,7533201
2024-01-10 20:30:00+00:00,185.8300018310547,186.2700042724609,185.2700042724609,186.13999938964844,5937690
2024-01-11 14:30:00+00:00,186.5399932861328,187.0500030517578,183.6199951171875,184.3699951171875,13337967
2024-01-11 15:30:00+00:00,184.3650054931641,184.8800048828125,183.8350067138672,184.19000244140625,5619114
2024-01-11 16:30:00+00:00,184.1849975585937,184.4499969482422,183.8350067138672,184.0500030517578,3849444
2024-01-11 17:30:00+00:00,184.0749969482422,184.77720642089844,184.0749969482422,184.65499877929688,4000614
2024-01-11 18:30:00+00:00,184.6699981689453,185.5399932861328,184.5599975585937,185.51499938964844,3924789
2024-01-11 19:30:00+00:00,185.5200042724609,185.6999969482422,184.7550048828125,185.3699951171875,4502053
2024-01-11 20:30:00+00:00,185.3699951171875,185.7700042724609,185.32000732421875,185.5800018310547,5030776
2024-01-12 14:30:00+00:00,186.0599975585937,186.7400054931641,185.4850006103516,185.7899932861328,8367726
2024-01-12 15:30:00+00:00,185.8000030517578,186.0599975585937,185.19000244140625,185.875,4645419
2024-01-12 16:30:00+00:00,185.875,185.9250030517578,185.38999938964844,185.6199951171875,3521446
2024-01-12 17:30:00+00:00,185.6150054931641,185.83999633789065,185.42999267578125,185.79379272460932,2308362
2024-01-12 18:30:00+00:00,185.8000030517578,186.06689453125,185.6000061035156,185.6100006103516,2732716
2024-01-12 19:30:00+00:00,185.60330200195312,185.6100006103516,185.22000122070312,185.51499938964844,3823230
2024-01-12 20:30:00+00:00,185.5200042724609,185.97999572753903,185.4658966064453,185.9199981689453,4865441
2024-01-16 14:30:00+00:00,182.5,182.8500061035156,180.9340057373047,182.759994506836,16725135
2024-01-16 15:30:00+00:00,182.7700042724609,184.259994506836,182.5200042724609,183.9499969482422,11408997
2024-01-16 16:30:00+00:00,183.9600067138672,184.16000366210932,182.3800048828125,182.4149932861328,5404103
2024-01-16 17:30:00+00:00,182.4199981689453,182.92999267578125,182.2100067138672,182.7350006103516,4292807
2024-01-16 18:30:00+00:00,182.75,182.9499053955078,182.13999938964844,182.45860290527344,6561011
2024-01-16 19:30:00+00:00,182.4550018310547,183.259994506836,182.2700042724609,183.1699981689453,4502430
2024-01-16 20:30:00+00:00,183.17999267578125,183.6300048828125,183.134994506836,183.6100006103516,4776796
2024-01-17 14:30:00+00:00,181.2700042724609,181.83999633789065,180.3000030517578,181.6999969482422,12537805
2024-01-17 15:30:00+00:00,181.6849975585937,182.06500244140625,181.3000030517578,181.80499267578125,5778219
2024-01-17 16:30:00+00:00,181.8099975585937,182.3300018310547,181.48800659179688,182.1199951171875,4248713
2024-01-17 17:30:00+00:00,182.1199951171875,182.53500366210932,181.8300018310547,182.1199951171875,3345645
2024-01-17 18:30:00+00:00,182.1150054931641,182.5500030517578,181.3699951171875,182.5355987548828,5569336
2024-01-17 19:30:00+00:00,182.5377960205078,182.6800994873047,182.0500946044922,182.2055053710937,4778525
2024-01-17 20:30:00+00:00,182.2050018310547,182.92999267578125,182.17999267578125,182.66000366210932,4353739
2024-01-18 14:30:00+00:00,186.08999633789065,187.6499938964844,185.8300018310547,187.4501037597656,19756876
2024-01-18 15:30:00+00:00,187.4600067138672,188.9600067138672,187.2700042724609,188.7700042724609,11697457
2024-01-18 16:30:00+00:00,188.76499938964844,188.77999877929688,187.67999267578125,187.92999267578125,8302899
2024-01-18 17:30:00+00:00,187.92999267578125,187.92999267578125,186.75010681152344,186.9250030517578,5973240
2024-01-18 18:30:00+00:00,186.92999267578125,188.9499969482422,186.9199981689453,188.92449951171875,6516026
2024-01-18 19:30:00+00:00,188.9250030517578,189.13999938964844,188.7050018310547,188.9598999023437,7066159
2024-01-18 20:30:00+00:00,188.9600067138672,188.9900054931641,188.509994506836,188.72999572753903,6982801
2024-01-19 14:30:00+00:00,189.3300018310547,189.96499633789065,188.82000732421875,189.94009399414065,16382763
2024-01-19 15:30:00+00:00,189.94000244140625,190.16000366210932,189.5800018310547,189.91000366210932,7573154
2024-01-19 16:30:00+00:00,189.8999938964844,190.42999267578125,189.33009338378903,190.31500244140625,5987140
2024-01-19 17:30:00+00:00,190.32000732421875,190.9900054931641,190.27999877929688,190.9349975585937,7184895
2024-01-19 18:30:00+00:00,190.9344940185547,191.9499969482422,190.9250030517578,191.47000122070312,6850175
2024-01-19 19:30:00+00:00,191.47999572753903,191.7400054931641,191.1699981689453,191.4349975585937,6438261
2024-01-19 20:30:00+00:00,191.43429565429688,191.82000732421875,191.32000732421875,191.5800018310547,5716572
2024-01-22 14:30:00+00:00,192.42999267578125,194.9499969482422,192.42999267578125,194.75,14810964
2024-01-22 15:30:00+00:00,194.7700042724609,195.3300018310547,193.1499938964844,193.77999877929688,10776514
2024-01-22 16:30:00+00:00,193.7899932861328,193.85499572753903,193.02999877929688,193.66749572753903,5000034
2024-01-22 17:30:00+00:00,193.66319274902344,194.13999938964844,193.509994506836,193.75729370117188,5093193
2024-01-22 18:30:00+00:00,193.759994506836,194.5,193.7449951171875,194.3800048828125,4701837
2024-01-22 19:30:00+00:00,194.38999938964844,194.57000732421875,193.7050018310547,193.9001007080078,4425371
2024-01-22 20:30:00+00:00,193.8999938964844,193.9199981689453,193.4600067138672,193.8699951171875,4882197
2024-01-23 14:30:00+00:00,195.0200042724609,195.75,193.82989501953125,194.19500732421875,10604009
2024-01-23 15:30:00+00:00,194.1999969482422,194.57000732421875,194.0,194.32000732421875,5112775
2024-01-23 16:30:00+00:00,194.32000732421875,194.77999877929688,194.2001037597656,194.6649932861328,3643345
2024-01-23 17:30:00+00:00,194.6699981689453,195.2400054931641,194.4949951171875,195.05499267578125,3772811
2024-01-23 18:30:00+00:00,195.0500030517578,195.1499938964844,194.57000732421875,194.73399353027344,3816695
2024-01-23 19:30:00+00:00,194.6450042724609,195.19000244140625,194.57000732421875,194.8350067138672,4587060
2024-01-23 20:30:00+00:00,194.8350067138672,195.25,194.659896850586,195.16000366210932,5178142
2024-01-24 14:30:00+00:00,195.4199981689453,196.3800048828125,194.66000366210932,196.0,11411670
2024-01-24 15:30:00+00:00,195.99009704589844,196.33999633789065,195.2700042724609,195.3999938964844,6599536
2024-01-24 16:30:00+00:00,195.41000366210932,195.8999938964844,195.34500122070312,195.75,6119557
2024-01-24 17:30:00+00:00,195.7527008056641,196.0800018310547,195.21499633789065,195.65499877929688,5360074
2024-01-24 18:30:00+00:00,195.66000366210932,195.6600952148437,194.69000244140625,194.8099975585937,4601531
2024-01-24 19:30:00+00:00,194.8099975585937,195.2182006835937,194.5500030517578,194.6566925048828,4745911
2024-01-24 20:30:00+00:00,194.659896850586,195.1000061035156,194.33999633789065,194.509994506836,4950346
2024-01-25 14:30:00+00:00,195.30499267578125,195.58999633789065,194.6300048828125,195.35499572753903,9104188
2024-01-25 15:30:00+00:00,195.3600006103516,195.8699951171875,195.13999938964844,195.83999633789065,6222253
2024-01-25 16:30:00+00:00,195.83999633789065,196.2675018310547,195.52999877929688,195.7400054931641,5865883
2024-01-25 17:30:00+00:00,195.75,195.9573974609375,194.1000061035156,194.7100067138672,7792813
2024-01-25 18:30:00+00:00,194.7050018310547,194.9349975585937,193.751693725586,193.91110229492188,5786472
2024-01-25 19:30:00+00:00,193.9149932861328,194.1300048828125,193.1125030517578,193.8535003662109,5204479
2024-01-25 20:30:00+00:00,193.85499572753903,194.3099975585937,193.759994506836,194.19000244140625,5031642
2024-01-26 14:30:00+00:00,194.2700042724609,194.759994506836,193.75,194.6849975585937,8196843
2024-01-26 15:30:00+00:00,194.69000244140625,194.7449951171875,194.3600006103516,194.38999938964844,3865162
2024-01-26 16:30:00+00:00,194.3999938964844,194.4750061035156,193.6000061035156,193.72000122070312,3732100
2024-01-26 17:30:00+00:00,193.7001037597656,193.7100067138672,192.2700042724609,192.66000366210932,6154152
2024-01-26 18:30:00+00:00,192.66000366210932,192.72999572753903,192.2700042724609,192.47509765625,3375089
2024-01-26 19:30:00+00:00,192.47999572753903,192.9750061035156,192.33999633789065,192.4250030517578,3467304
2024-01-26 20:30:00+00:00,192.4250030517578,192.58999633789065,191.94000244140625,192.3699951171875,6951830
2024-01-29 14:30:00+00:00,192.009994506836,192.1779937744141,189.5800018310547,190.8699951171875,11790966
2024-01-29 15:30:00+00:00,190.8699951171875,191.1499938964844,190.40499877929688,190.69000244140625,4793101
2024-01-29 16:30:00+00:00,190.6849975585937,191.138900756836,190.3999938964844,191.02999877929688,4112191
2024-01-29 17:30:00+00:00,191.03500366210932,191.2899932861328,190.77999877929688,191.25,2704473
2024-01-29 18:30:00+00:00,191.259994506836,191.6199951171875,191.2100067138672,191.53500366210932,3065266
2024-01-29 19:30:00+00:00,191.5355987548828,192.1999969482422,191.27999877929688,191.9349975585937,5766967
2024-01-29 20:30:00+00:00,191.9349975585937,192.10499572753903,191.38999938964844,191.77999877929688,5062975
2024-01-30 14:30:00+00:00,190.94000244140625,191.8000030517578,189.4600067138672,189.9499969482422,10879513
2024-01-30 15:30:00+00:00,189.92999267578125,190.25,187.8650054931641,188.6531982421875,12493978
2024-01-30 16:30:00+00:00,188.65499877929688,188.94000244140625,188.22999572753903,188.41000366210932,4796471
2024-01-30 17:30:00+00:00,188.3999938964844,188.57000732421875,187.67999267578125,188.56399536132807,4738358
2024-01-30 18:30:00+00:00,188.5599975585937,188.639892578125,187.47000122070312,187.84500122070312,4840030
2024-01-30 19:30:00+00:00,187.84500122070312,188.27999877929688,187.7700042724609,188.07000732421875,4500321
2024-01-30 20:30:00+00:00,188.06500244140625,188.13999938964844,187.8000030517578,187.97999572753903,5122448
2024-01-31 14:30:00+00:00,187.0399932861328,187.09500122070312,184.7899932861328,185.01499938964844,12426052
2024-01-31 15:30:00+00:00,185.0200042724609,185.8699951171875,184.8999938964844,185.7198944091797,5060007
2024-01-31 16:30:00+00:00,185.72000122070312,186.1100006103516,185.4199981689453,186.08999633789065,3731068
2024-01-31 17:30:00+00:00,186.0800018310547,186.44000244140625,185.8332977294922,186.16000366210932,3297036
2024-01-31 18:30:00+00:00,186.1699981689453,186.52999877929688,185.259994506836,185.6699981689453,4331208
2024-01-31 19:30:00+00:00,185.6699981689453,186.94000244140625,185.03500366210932,185.5200042724609,6707892
2024-01-31 20:30:00+00:00,185.5200042724609,185.5886993408203,184.3500061035156,184.3600006103516,6428646
2024-02-01 14:30:00+00:00,184.25,186.17999267578125,183.9600067138672,186.10499572753903,12493823
2024-02-01 15:30:00+00:00,186.1199951171875,186.3099975585937,185.2899932861328,185.3950042724609,5815982
2024-02-01 16:30:00+00:00,185.38999938964844,186.2949981689453,185.3600006103516,185.88999938964844,4622455
2024-02-01 17:30:00+00:00,185.88999938964844,186.44000244140625,185.57000732421875,185.72999572753903,4421852
2024-02-01 18:30:00+00:00,185.7400054931641,186.15499877929688,185.259994506836,185.9750061035156,4416220
2024-02-01 19:30:00+00:00,185.9799041748047,186.8000030517578,185.881103515625,186.66000366210932,5947190
2024-02-01 20:30:00+00:00,186.6499938964844,186.9499969482422,186.3600006103516,186.88999938964844,6843756
2024-02-02 14:30:00+00:00,180.4499969482422,184.1699981689453,180.0500030517578,183.31500244140625,35096943
2024-02-02 15:30:00+00:00,183.3300018310547,187.3300018310547,183.16000366210932,187.0,15943080
2024-02-02 16:30:00+00:00,187.009994506836,187.1000061035156,185.8300018310547,187.0209045410156,8987019
2024-02-02 17:30:00+00:00,187.02999877929688,187.1199951171875,184.85400390625,186.03500366210932,8500269
2024-02-02 18:30:00+00:00,186.0399932861328,186.2400054931641,185.58999633789065,186.0800018310547,5735681
2024-02-02 19:30:00+00:00,186.08999633789065,187.07000732421875,186.0800018310547,186.72999572753903,7311261
2024-02-02 20:30:00+00:00,186.7350006103516,186.88999938964844,185.8300018310547,185.83999633789065,7701037
2024-02-05 14:30:00+00:00,187.125,188.3600006103516,185.83999633789065,186.6999969482422,21074171
2024-02-05 15:30:00+00:00,186.6699981689453,187.759994506836,186.1100006103516,187.25,7579937
2024-02-05 16:30:00+00:00,187.25,188.4900054931641,187.2301025390625,188.42999267578125,6730072
2024-02-05 17:30:00+00:00,188.42999267578125,189.25,188.4199981689453,188.54010009765625,7252942
2024-02-05 18:30:00+00:00,188.54010009765625,189.0200042724609,188.384994506836,188.46499633789065,4527382
2024-02-05 19:30:00+00:00,188.48699951171875,188.83999633789065,188.02999877929688,188.3500061035156,6093208
2024-02-05 20:30:00+00:00,188.33999633789065,188.4199981689453,187.63999938964844,187.6699981689453,5767234
2024-02-06 14:30:00+00:00,186.8600006103516,188.6300048828125,186.76950073242188,187.92999267578125,11081527
2024-02-06 15:30:00+00:00,187.91000366210932,188.8600006103516,187.2700042724609,188.81500244140625,6268747
2024-02-06 16:30:00+00:00,188.82000732421875,189.13999938964844,188.41000366210932,188.83999633789065,4757028
2024-02-06 17:30:00+00:00,188.83999633789065,189.0,188.42999267578125,188.88999938964844,3663298
2024-02-06 18:30:00+00:00,188.8950042724609,188.94000244140625,188.3610992431641,188.4485015869141,2989009
2024-02-06 19:30:00+00:00,188.4499969482422,188.6383056640625,188.22999572753903,188.35499572753903,3103015
2024-02-06 20:30:00+00:00,188.3600006103516,189.3099975585937,188.1699981689453,189.2899932861328,4836714
2024-02-07 14:30:00+00:00,190.63999938964844,191.0500030517578,188.6100006103516,190.3710021972656,13070939
2024-02-07 15:30:00+00:00,190.3800048828125,190.3999938964844,188.80599975585932,189.0749969482422,6941625
2024-02-07 16:30:00+00:00,189.0749969482422,189.2700042724609,188.8099975585937,188.9949951171875,4142050
2024-02-07 17:30:00+00:00,189.0,189.1750030517578,188.6499938964844,189.1199951171875,4225096
2024-02-07 18:30:00+00:00,189.1300048828125,189.2949981689453,188.8600006103516,188.9734039306641,3634993
2024-02-07 19:30:00+00:00,188.97999572753903,189.41000366210932,188.88999938964844,189.1750030517578,4428203
2024-02-07 20:30:00+00:00,189.1750030517578,189.4199981689453,188.9349975585937,189.41000366210932,5356489
2024-02-08 14:30:00+00:00,189.384994506836,189.53500366210932,187.7700042724609,187.79640197753903,9404735
2024-02-08 15:30:00+00:00,187.8000030517578,188.22000122070312,187.3500061035156,188.0050048828125,5999088
2024-02-08 16:30:00+00:00,187.9907073974609,188.7198944091797,187.9349975585937,188.6999969482422,3704042
2024-02-08 17:30:00+00:00,188.70899963378903,188.75,188.0,188.22999572753903,3684608
2024-02-08 18:30:00+00:00,188.22999572753903,188.3500061035156,187.9900054931641,188.0200042724609,2950677
2024-02-08 19:30:00+00:00,188.01499938964844,188.44500732421875,187.9900054931641,188.33999633789065,3130920
2024-02-08 20:30:00+00:00,188.35499572753903,188.4199981689453,188.07000732421875,188.33999633789065,4392367
2024-02-09 14:30:00+00:00,188.6499938964844,188.92999267578125,188.0,188.4900054931641,7269191
2024-02-09 15:30:00+00:00,188.4900054931641,189.8600006103516,188.3999938964844,189.58580017089844,7262095
2024-02-09 16:30:00+00:00,189.58839416503903,189.9900054931641,189.10009765625,189.33999633789065,5933174
2024-02-09 17:30:00+00:00,189.3350067138672,189.67999267578125,189.1499938964844,189.4700927734375,3946336
2024-02-09 18:30:00+00:00,189.47999572753903,189.52999877929688,188.6999969482422,188.8500061035156,3957939
2024-02-09 19:30:00+00:00,188.8406982421875,189.02999877929688,188.56500244140625,188.8099975585937,3908875
2024-02-09 20:30:00+00:00,188.8099975585937,188.91000366210932,188.57000732421875,188.82000732421875,4247081
2024-02-12 14:30:00+00:00,188.4149932861328,188.6699981689453,187.44000244140625,187.46859741210932,9188512
2024-02-12 15:30:00+00:00,187.47000122070312,188.0599975585937,187.38009643554688,187.9900054931641,5040878
2024-02-12 16:30:00+00:00,187.9900054931641,188.17999267578125,187.6999969482422,187.8650054931641,3034871
2024-02-12 17:30:00+00:00,187.8603057861328,188.3699951171875,187.86019897460932,187.9750061035156,3095209
2024-02-12 18:30:00+00:00,187.9750061035156,188.1096954345703,187.41000366210932,187.4499969482422,3735143
2024-02-12 19:30:00+00:00,187.44500732421875,187.5,186.7899932861328,187.1100006103516,3698293
2024-02-12 20:30:00+00:00,187.10890197753903,187.4499969482422,186.8800048828125,187.17999267578125,4927400
2024-02-13 14:30:00+00:00,185.7700042724609,186.2100067138672,184.17999267578125,185.4707946777344,13054284
2024-02-13 15:30:00+00:00,185.4799041748047,186.11990356445312,185.3600006103516,185.6100006103516,5752805
2024-02-13 16:30:00+00:00,185.59500122070312,185.7393951416016,185.2516021728516,185.4750061035156,3585593
2024-02-13 17:30:00+00:00,185.47999572753903,185.7700042724609,185.1100006103516,185.2949981689453,3022354
2024-02-13 18:30:00+00:00,185.2899932861328,185.3800048828125,184.19000244140625,184.28500366210932,4531260
2024-02-13 19:30:00+00:00,184.27999877929688,184.59500122070312,183.51280212402344,183.7299041748047,5652730
2024-02-13 20:30:00+00:00,183.7250061035156,185.1999969482422,183.69000244140625,185.02999877929688,7155981
2024-02-14 14:30:00+00:00,185.32000732421875,185.52999877929688,183.4199981689453,183.8000030517578,10773002
2024-02-14 15:30:00+00:00,183.80499267578125,183.9600067138672,182.80349731445312,183.4900054931641,7267868
2024-02-14 16:30:00+00:00,183.4900054931641,183.6000061035156,182.509994506836,182.8000030517578,5070640
2024-02-14 17:30:00+00:00,182.8000030517578,182.92739868164065,182.44000244140625,182.57000732421875,4266603
2024-02-14 18:30:00+00:00,182.5800018310547,183.19000244140625,182.4900054931641,183.1499938964844,4242351
2024-02-14 19:30:00+00:00,183.16000366210932,183.5599975585937,182.8099975585937,183.5249938964844,4560865
2024-02-14 20:30:00+00:00,183.52999877929688,184.2700042724609,183.42449951171875,184.0200042724609,6170787
2024-02-15 14:30:00+00:00,183.5500030517578,184.0894012451172,181.3500061035156,181.8800048828125,15865879
2024-02-15 15:30:00+00:00,181.8999938964844,182.1199951171875,181.44000244140625,181.9900054931641,7072846
2024-02-15 16:30:00+00:00,182.0,182.24989318847656,181.5599975585937,182.0249938964844,4268275
2024-02-15 17:30:00+00:00,182.02999877929688,182.19500732421875,181.6649932861328,182.0500030517578,4337741
2024-02-15 18:30:00+00:00,182.0458984375,182.4600067138672,181.8600006103516,181.97889709472656,5128374
2024-02-15 19:30:00+00:00,181.97000122070312,182.6499938964844,181.7400054931641,182.38009643554688,5376205
2024-02-15 20:30:00+00:00,182.38690185546875,184.4900054931641,182.2100067138672,183.9499969482422,11866107
2024-02-16 14:30:00+00:00,183.75,184.8500061035156,181.8600006103516,182.5449981689453,14074668
2024-02-16 15:30:00+00:00,182.5500030517578,183.44729614257807,182.4199981689453,183.1499938964844,5935048
2024-02-16 16:30:00+00:00,183.15499877929688,183.2899932861328,182.72000122070312,182.94009399414065,3563098
2024-02-16 17:30:00+00:00,182.9499969482422,183.009994506836,182.47999572753903,182.6499938964844,3133873
2024-02-16 18:30:00+00:00,182.6569976806641,183.17999267578125,182.4850006103516,183.1430053710937,3501742
2024-02-16 19:30:00+00:00,183.1488037109375,183.197494506836,182.02999877929688,182.2559967041016,4414931
2024-02-16 20:30:00+00:00,182.259994506836,182.3099975585937,181.6649932861328,182.2899932861328,5087964
2024-02-20 14:30:00+00:00,182.0,182.42999267578125,180.2449951171875,180.4600067138672,11558221
2024-02-20 15:30:00+00:00,180.4600067138672,181.1649932861328,180.0,181.125,6406312
2024-02-20 16:30:00+00:00,181.1300048828125,181.3699951171875,180.6000061035156,180.7449951171875,5338226
2024-02-20 17:30:00+00:00,180.7449951171875,180.9499969482422,180.44000244140625,180.509994506836,3708310
2024-02-20 18:30:00+00:00,180.5050048828125,180.83999633789065,180.3999938964844,180.69000244140625,3193463
2024-02-20 19:30:00+00:00,180.69000244140625,181.4600067138672,180.47000122070312,181.38270568847656,3858975
2024-02-20 20:30:00+00:00,181.38999938964844,181.66000366210932,180.8600006103516,181.6100006103516,6301252
2024-02-21 14:30:00+00:00,181.6000061035156,182.8887939453125,181.55499267578125,182.5599975585937,9104336
2024-02-21 15:30:00+00:00,182.5599975585937,182.6499938964844,182.07000732421875,182.15499877929688,4359759
2024-02-21 16:30:00+00:00,182.1499938964844,182.3300018310547,181.3600006103516,181.38999938964844,3729837
2024-02-21 17:30:00+00:00,181.38999938964844,181.7250061035156,181.0599975585937,181.4199981689453,3311637
2024-02-21 18:30:00+00:00,181.42999267578125,181.5200042724609,180.66000366210932,180.9499969482422,3555971
2024-02-21 19:30:00+00:00,180.9499969482422,181.30499267578125,180.76499938964844,181.2050018310547,3885929
2024-02-21 20:30:00+00:00,181.2100067138672,182.38999938964844,181.2050018310547,182.3300018310547,4689099
2024-02-22 14:30:00+00:00,183.83999633789065,184.0399932861328,182.5240020751953,183.05499267578125,11857133
2024-02-22 15:30:00+00:00,183.0599975585937,183.2967987060547,182.4600067138672,183.03500366210932,4961137
2024-02-22 16:30:00+00:00,183.0399932861328,183.259994506836,182.7400054931641,183.0599975585937,3670959
2024-02-22 17:30:00+00:00,183.07000732421875,184.1100006103516,183.0,184.0399932861328,4935398
2024-02-22 18:30:00+00:00,184.0500030517578,184.9499969482422,183.94000244140625,184.94000244140625,4540628
2024-02-22 19:30:00+00:00,184.94000244140625,184.9550018310547,184.38999938964844,184.5599975585937,5171492
2024-02-22 20:30:00+00:00,184.56739807128903,184.6199951171875,184.17999267578125,184.3699951171875,7964831
2024-02-23 14:30:00+00:00,185.009994506836,185.0399932861328,183.2949981689453,183.3000030517578,8567439
2024-02-23 15:30:00+00:00,183.2949981689453,183.55599975585932,182.63999938964844,183.0590057373047,5717230
2024-02-23 16:30:00+00:00,183.05499267578125,183.1150054931641,182.39010620117188,182.5599975585937,4001601
2024-02-23 17:30:00+00:00,182.55499267578125,182.9600067138672,182.3099975585937,182.9550018310547,6905673
2024-02-23 18:30:00+00:00,182.9550018310547,182.97000122070312,182.4302978515625,182.47000122070312,2955884
2024-02-23 19:30:00+00:00,182.47999572753903,182.69500732421875,182.44000244140625,182.5850067138672,4028588
2024-02-23 20:30:00+00:00,182.58999633789065,182.82000732421875,182.22999572753903,182.509994506836,5352894
2024-02-26 14:30:00+00:00,182.3999938964844,182.759994506836,181.14840698242188,181.60220336914065,8939120
2024-02-26 15:30:00+00:00,181.6100006103516,181.8500061035156,180.7400054931641,180.94000244140625,5659166
2024-02-26 16:30:00+00:00,180.94000244140625,181.259994506836,180.8350067138672,180.97000122070312,3653300
2024-02-26 17:30:00+00:00,180.9730987548828,181.3300018310547,180.6499938964844,180.9850006103516,3721259
2024-02-26 18:30:00+00:00,180.9900054931641,181.72999572753903,180.8500061035156,181.7120056152344,3813825
2024-02-26 19:30:00+00:00,181.7100067138672,181.77999877929688,181.259994506836,181.3800048828125,3361670
2024-02-26 20:30:00+00:00,181.3800048828125,181.47000122070312,181.0749969482422,181.13999938964844,4001708
2024-02-27 14:30:00+00:00,181.25,181.6699981689453,180.3000030517578,181.1699981689453,8245225
2024-02-27 15:30:00+00:00,181.1600952148437,181.2700042724609,180.759994506836,180.86279296875,3681857
2024-02-27 16:30:00+00:00,180.8600006103516,181.01010131835932,180.5500030517578,180.69000244140625,2764462
2024-02-27 17:30:00+00:00,180.6849975585937,180.7899932861328,180.04010009765625,180.06539916992188,3614103
2024-02-27 18:30:00+00:00,180.07000732421875,182.6000061035156,179.55999755859375,182.6000061035156,10154303
2024-02-27 19:30:00+00:00,182.597900390625,183.9225006103516,182.17999267578125,182.60499572753903,12441282
2024-02-27 20:30:00+00:00,182.6000061035156,182.75,182.27999877929688,182.6300048828125,6563443
2024-02-28 14:30:00+00:00,182.509994506836,183.1199951171875,181.1100006103516,181.16000366210932,11442944
2024-02-28 15:30:00+00:00,181.16000366210932,181.76499938964844,180.9600067138672,181.6015014648437,5720266
2024-02-28 16:30:00+00:00,181.6199951171875,181.6699981689453,180.6000061035156,180.7010040283203,6240997
2024-02-28 17:30:00+00:00,180.70469665527344,180.70469665527344,180.1300048828125,180.60220336914065,5735191
2024-02-28 18:30:00+00:00,180.6100006103516,180.92999267578125,180.5301055908203,180.61990356445312,3681788
2024-02-28 19:30:00+00:00,180.60499572753903,180.8600006103516,180.3500061035156,180.8350067138672,4490821
2024-02-28 20:30:00+00:00,180.8350067138672,181.47000122070312,180.8350067138672,181.4199981689453,5579634
2024-02-29 14:30:00+00:00,182.0,182.3600006103516,181.2899932861328,181.6199951171875,12685419
2024-02-29 15:30:00+00:00,181.62530517578125,181.7100067138672,180.4199981689453,180.42999267578125,7277897
2024-02-29 16:30:00+00:00,180.4250030517578,180.42999267578125,179.52999877929688,179.82000732421875,8149732
2024-02-29 17:30:00+00:00,179.82000732421875,180.8000030517578,179.64999389648438,180.3800048828125,7795890
2024-02-29 18:30:00+00:00,180.3800048828125,180.4900054931641,179.67999267578125,180.11000061035156,6547702
2024-02-29 19:30:00+00:00,180.1199951171875,180.6999969482422,179.86000061035156,180.5850067138672,6246756
2024-02-29 20:30:00+00:00,180.5850067138672,181.1100006103516,179.57000732421875,180.7700042724609,13220925
2024-03-01 14:30:00+00:00,180.10000610351562,180.43310546875,178.29600524902344,178.30850219726562,11740393
2024-03-01 15:30:00+00:00,178.30999755859375,178.47000122070312,177.6699981689453,178.22999572753906,18570130
2024-03-01 16:30:00+00:00,178.25,178.25,177.3800048828125,178.0399932861328,8174326
2024-03-01 17:30:00+00:00,178.04220581054688,178.8000030517578,177.9499969482422,178.70010375976562,6896281
2024-03-01 18:30:00+00:00,178.7050018310547,180.22000122070312,178.55999755859375,180.1999969482422,7669052
2024-03-01 19:30:00+00:00,180.1999969482422,180.2050018310547,179.5500030517578,179.67999267578125,6521136
2024-03-01 20:30:00+00:00,179.67999267578125,179.8000030517578,179.4149932861328,179.63999938964844,5971790
2024-03-04 14:30:00+00:00,175.8000030517578,176.8300018310547,173.92999267578125,174.1699981689453,24053178
2024-03-04 15:30:00+00:00,174.19000244140625,175.02000427246094,173.89999389648438,174.81500244140625,0
2024-03-04 16:30:00+00:00,174.82000732421875,175.0050048828125,174.00999450683594,174.6269989013672,5211390
2024-03-04 17:30:00+00:00,174.6300048828125,174.67999267578125,173.79010009765625,173.90499877929688,4979309
2024-03-04 18:30:00+00:00,173.89999389648438,174.5050048828125,173.7949981689453,174.35000610351562,4710827
2024-03-04 19:30:00+00:00,174.35629272460938,175.64500427246094,174.35499572753906,175.44000244140625,5373792
2024-03-04 20:30:00+00:00,175.44500732421875,175.5,174.9499969482422,175.08999633789062,28556373
2024-03-05 14:30:00+00:00,171.0,171.97000122070312,169.89999389648438,169.91000366210938,28565817
2024-03-05 15:30:00+00:00,169.9199981689453,170.82000732421875,169.6199951171875,170.61000061035156,11409729
2024-03-05 16:30:00+00:00,170.07000732421875,170.89500427246094,169.86000061035156,170.78500366210938,0
2024-03-05 17:30:00+00:00,170.78500366210938,170.82870483398438,170.14999389648438,170.47000122070312,4315788
2024-03-05 18:30:00+00:00,170.4600067138672,170.4720001220703,169.94000244140625,170.04400634765625,5130323
2024-03-05 19:30:00+00:00,170.04989624023438,170.24830627441406,169.7899932861328,169.97999572753906,5324135
2024-03-05 20:30:00+00:00,169.99000549316406,170.1999969482422,169.8300018310547,170.1699981689453,32406499
2024-03-06 14:30:00+00:00,170.42999267578125,171.07000732421875,168.92999267578125,169.5800018310547,20056778
2024-03-06 15:30:00+00:00,169.58999633789062,170.0500030517578,169.27000427246094,169.77999877929688,0
2024-03-06 16:30:00+00:00,169.77499389648438,170.3000030517578,169.3350067138672,170.17990112304688,5004145
2024-03-06 17:30:00+00:00,170.1750030517578,170.35000610351562,169.91000366210938,169.9915008544922,3526171
2024-03-06 18:30:00+00:00,169.9949951171875,170.0449981689453,168.67999267578125,169.10000610351562,4963027
2024-03-06 19:30:00+00:00,169.11000061035156,169.24000549316406,168.6999969482422,169.0,4147280
2024-03-06 20:30:00+00:00,169.00999450683594,169.39500427246094,168.8699951171875,169.1199951171875,21763131
2024-03-07 14:30:00+00:00,169.14999389648438,169.77999877929688,168.49000549316406,168.97000122070312,15511305
2024-03-07 15:30:00+00:00,168.97999572753906,169.52999877929688,168.61000061035156,169.27999877929688,8462490
2024-03-07 16:30:00+00:00,169.2899932861328,169.60000610351562,168.9199981689453,169.16000366210938,6669342
2024-03-07 17:30:00+00:00,169.1699981689453,169.64999389648438,168.99000549316406,169.625,5894598
2024-03-07 18:30:00+00:00,169.6300048828125,170.72999572753906,169.5500030517578,170.10000610351562,9957544
2024-03-07 19:30:00+00:00,170.08999633789062,170.44000244140625,169.60049438476562,169.610107421875,6424710
2024-03-07 20:30:00+00:00,169.61500549316406,169.66000366210938,168.89999389648438,168.97999572753906,7405147
2024-03-08 14:30:00+00:00,169.0,171.8489990234375,168.94000244140625,171.77999877929688,16160343
2024-03-08 15:30:00+00:00,171.77999877929688,172.0500030517578,171.02000427246094,171.6199951171875,9142498
2024-03-08 16:30:00+00:00,171.6199951171875,172.77000427246094,170.92999267578125,172.71499633789062,10400918
2024-03-08 17:30:00+00:00,172.72000122070312,172.7899932861328,171.7100067138672,172.22999572753906,6861688
2024-03-08 18:30:00+00:00,172.23500061035156,173.5,172.08999633789062,173.47000122070312,7762851
2024-03-08 19:30:00+00:00,173.47000122070312,173.6999969482422,171.34500122070312,171.39999389648438,8844545
2024-03-08 20:30:00+00:00,171.41000366210938,171.73280334472656,170.72000122070312,170.74000549316406,8836925
2024-03-11 13:30:00+00:00,173.25,174.25,172.8300018310547,173.35000610351562,17506196
2024-03-11 14:30:00+00:00,173.34890747070312,173.63999938964844,172.2899932861328,172.673095703125,7509998
2024-03-11 15:30:00+00:00,172.67799377441406,173.32960510253906,172.5399932861328,172.82000732421875,5417242
2024-03-11 16:30:00+00:00,172.8249969482422,172.97999572753906,172.0500030517578,172.38999938964844,3959687
2024-03-11 17:30:00+00:00,172.38499450683594,173.4199981689453,172.22000122070312,172.625,5585359
2024-03-11 18:30:00+00:00,172.6300048828125,172.94000244140625,172.43499755859375,172.6999969482422,4048971
2024-03-11 19:30:00+00:00,172.7100067138672,173.0699005126953,172.4499969482422,172.7899932861328,5939837
2024-03-12 13:30:00+00:00,173.14999389648438,173.47000122070312,171.00999450683594,172.63499450683594,13927121
2024-03-12 14:30:00+00:00,172.63999938964844,172.91000366210938,172.32009887695312,172.67990112304688,6625420
2024-03-12 15:30:00+00:00,172.6750030517578,173.10000610351562,172.21499633789062,172.52000427246094,5867479
2024-03-12 16:30:00+00:00,172.52999877929688,173.25999450683594,171.94000244140625,173.0399932861328,6672048
2024-03-12 17:30:00+00:00,173.0449981689453,173.83999633789062,173.00999450683594,173.79989624023438,5308038
2024-03-12 18:30:00+00:00,173.7949981689453,174.00999450683594,173.35000610351562,173.84500122070312,5389586
2024-03-12 19:30:00+00:00,173.85499572753906,174.02999877929688,173.14999389648438,173.22000122070312,6368886
2024-03-13 13:30:00+00:00,172.77000427246094,173.18499755859375,170.75999450683594,170.98500061035156,11960722
2024-03-13 14:30:00+00:00,170.98500061035156,171.35000610351562,170.86500549316406,170.9949951171875,6130049
2024-03-13 15:30:00+00:00,171.0,171.17999267578125,170.8527069091797,171.05999755859375,4316300
2024-03-13 16:30:00+00:00,171.07000732421875,171.4600067138672,170.94000244140625,171.43499755859375,5621506
2024-03-13 17:30:00+00:00,171.42999267578125,171.75999450683594,171.16000366210938,171.5800018310547,3845695
2024-03-13 18:30:00+00:00,171.5800018310547,171.8000030517578,171.02999877929688,171.27999877929688,4228485
2024-03-13 19:30:00+00:00,171.27999877929688,171.7050018310547,171.0399932861328,171.1699981689453,5993931
2024-03-14 13:30:00+00:00,172.32000732421875,173.8249969482422,172.0500030517578,173.6649932861328,14937836
2024-03-14 14:30:00+00:00,173.6699981689453,174.30780029296875,173.3000030517578,173.33999633789062,8727021
2024-03-14 15:30:00+00:00,173.34500122070312,173.49000549316406,172.39999389648438,172.6699981689453,6752491
2024-03-14 16:30:00+00:00,172.67999267578125,173.36920166015625,172.24000549316406,172.96299743652344,9628933
2024-03-14 17:30:00+00:00,172.96890258789062,174.0,172.89999389648438,173.8249969482422,7128040
2024-03-14 18:30:00+00:00,173.8300018310547,173.83999633789062,172.22000122070312,172.66000366210938,6609776
2024-03-14 19:30:00+00:00,172.66000366210938,173.28250122070312,172.5032958984375,173.0800018310547,7750362
2024-03-15 13:30:00+00:00,171.0,172.47000122070312,170.56399536132812,170.610107421875,21995996
2024-03-15 14:30:00+00:00,170.61810302734375,171.1699981689453,170.2899932861328,170.9550018310547,5599492
2024-03-15 15:30:00+00:00,170.9550018310547,171.47999572753906,170.73199462890625,171.31500244140625,3771263
2024-03-15 16:30:00+00:00,171.31500244140625,171.51499938964844,170.60000610351562,170.69500732421875,3721006
2024-03-15 17:30:00+00:00,170.6999969482422,171.25,170.52499389648438,171.21499633789062,3679425
2024-03-15 18:30:00+00:00,171.21499633789062,171.99000549316406,171.08990478515625,171.86500549316406,4328832
2024-03-15 19:30:00+00:00,171.8560028076172,172.60000610351562,171.47799682617188,172.57000732421875,6260589
2024-03-18 13:30:00+00:00,175.60000610351562,177.5800018310547,174.89059448242188,177.35000610351562,22893626
2024-03-18 14:30:00+00:00,177.3699951171875,177.7100067138672,176.55999755859375,176.82000732421875,8667055
2024-03-18 15:30:00+00:00,176.82000732421875,176.90499877929688,175.1999969482422,175.25830078125,7068789
2024-03-18 16:30:00+00:00,175.2550048828125,175.6199951171875,174.75,175.39500427246094,5477904
2024-03-18 17:30:00+00:00,175.39999389648438,175.5399932861328,174.99000549316406,175.5301055908203,4053801
2024-03-18 18:30:00+00:00,175.53599548339844,175.5399932861328,174.82000732421875,175.06500244140625,5777258
2024-03-18 19:30:00+00:00,175.07000732421875,175.1750030517578,173.52000427246094,173.6999969482422,7286587
2024-03-19 13:30:00+00:00,174.08999633789062,175.0399932861328,173.02999877929688,174.7050018310547,11721089
2024-03-19 14:30:00+00:00,174.6999969482422,175.3699951171875,174.55999755859375,174.83999633789062,6172012
2024-03-19 15:30:00+00:00,174.83999633789062,175.41000366210938,174.83999633789062,175.30999755859375,4206842
2024-03-19 16:30:00+00:00,175.31500244140625,175.85000610351562,175.17129516601562,175.64500427246094,4140302
2024-03-19 17:30:00+00:00,175.64999389648438,176.43499755859375,175.63999938964844,176.4250030517578,5001221
2024-03-19 18:30:00+00:00,176.4217071533203,176.60499572753906,176.0,176.3300018310547,5274655
2024-03-19 19:30:00+00:00,176.3350067138672,176.5399932861328,175.7899932861328,176.0800018310547,6908180
2024-03-20 13:30:00+00:00,175.72999572753906,176.1699981689453,175.08999633789062,176.16050720214844,8587629
2024-03-20 14:30:00+00:00,176.1649932861328,176.3800048828125,175.72000122070312,176.05990600585938,4488283
2024-03-20 15:30:00+00:00,176.05929565429688,176.50999450683594,175.94500732421875,176.38009643554688,3092842
2024-03-20 16:30:00+00:00,176.3800048828125,176.77499389648438,176.30999755859375,176.3249969482422,3578644
2024-03-20 17:30:00+00:00,176.30999755859375,177.38999938964844,176.27999877929688,177.00750732421875,6092320
2024-03-20 18:30:00+00:00,177.00999450683594,178.42999267578125,176.72000122070312,178.21499633789062,9778064
2024-03-20 19:30:00+00:00,178.2100067138672,178.6699981689453,177.94500732421875,178.66000366210938,7696922
2024-03-21 13:30:00+00:00,177.0,177.49000549316406,175.00999450683594,175.0218048095703,15825386
2024-03-21 14:30:00+00:00,175.02999877929688,175.05999755859375,171.8300018310547,172.82130432128906,27939112
2024-03-21 15:30:00+00:00,172.82000732421875,173.23500061035156,171.86000061035156,172.56500244140625,13930077
2024-03-21 16:30:00+00:00,172.57000732421875,172.60000610351562,171.9499969482422,172.10830688476562,7139429
2024-03-21 17:30:00+00:00,172.10009765625,172.1300048828125,170.91000366210938,171.0749969482422,10317094
2024-03-21 18:30:00+00:00,171.0800018310547,171.3300018310547,170.85000610351562,171.25,9119635
2024-03-21 19:30:00+00:00,171.24000549316406,171.57000732421875,170.83999633789062,171.39999389648438,9723209
2024-03-22 13:30:00+00:00,171.86000061035156,172.32000732421875,170.05999755859375,171.78570556640625,22009712
2024-03-22 14:30:00+00:00,171.7949981689453,172.55999755859375,171.58999633789062,172.25999450683594,9035728
2024-03-22 15:30:00+00:00,172.27000427246094,172.88999938964844,172.07000732421875,172.36500549316406,5763015
2024-03-22 16:30:00+00:00,172.3699951171875,172.94000244140625,172.08999633789062,172.61399841308594,5023927
2024-03-22 17:30:00+00:00,172.6199951171875,172.67999267578125,172.36000061035156,172.625,4107617
2024-03-22 18:30:00+00:00,172.62759399414062,172.99000549316406,172.6199951171875,172.9868927001953,5786041
2024-03-22 19:30:00+00:00,172.98159790039062,173.0500030517578,172.24000549316406,172.25,7983892
2024-03-25 13:30:00+00:00,170.52999877929688,170.69000244140625,169.4499969482422,170.0399932861328,13738571
2024-03-25 14:30:00+00:00,170.0399932861328,170.72999572753906,169.97000122070312,170.1199951171875,6645377
2024-03-25 15:30:00+00:00,170.1199951171875,170.82000732421875,170.09500122070312,170.73789978027344,4597520
2024-03-25 16:30:00+00:00,170.73500061035156,171.47000122070312,170.64500427246094,171.36500549316406,4742467
2024-03-25 17:30:00+00:00,171.36000061035156,171.6096954345703,171.15499877929688,171.3300018310547,3830333
2024-03-25 18:30:00+00:00,171.3249969482422,171.6300048828125,171.23500061035156,171.55799865722656,3617953
2024-03-25 19:30:00+00:00,171.55999755859375,171.94000244140625,170.7899932861328,170.86000061035156,6913173
2024-03-26 13:30:00+00:00,170.0,171.068603515625,169.64999389648438,170.72000122070312,12465952
2024-03-26 14:30:00+00:00,170.72000122070312,170.88999938964844,170.36000061035156,170.6510009765625,5336353
2024-03-26 15:30:00+00:00,170.65499877929688,171.25,170.4949951171875,171.2346954345703,5311150
2024-03-26 16:30:00+00:00,171.23109436035156,171.4199981689453,170.6750030517578,170.82000732421875,4667926
2024-03-26 17:30:00+00:00,170.82400512695312,170.88999938964844,170.16000366210938,170.52000427246094,4370611
2024-03-26 18:30:00+00:00,170.5124969482422,170.68499755859375,170.3300018310547,170.5399932861328,4054402
2024-03-26 19:30:00+00:00,170.5399932861328,170.5500030517578,169.60000610351562,169.81500244140625,9108998
2024-03-27 13:30:00+00:00,170.4199981689453,173.11000061035156,170.11000061035156,172.0449981689453,16062624
2024-03-27 14:30:00+00:00,172.0399932861328,172.75999450683594,171.94009399414062,172.4550018310547,5913439
2024-03-27 15:30:00+00:00,172.4600067138672,172.6999969482422,171.86000061035156,172.0467987060547,4655107
2024-03-27 16:30:00+00:00,172.0500030517578,172.38999938964844,172.0,172.25999450683594,3604513
2024-03-27 17:30:00+00:00,172.27000427246094,172.82000732421875,172.13999938964844,172.75,3957014
2024-03-27 18:30:00+00:00,172.7550048828125,173.10000610351562,172.42630004882812,172.99000549316406,5418271
2024-03-27 19:30:00+00:00,173.0,173.60000610351562,172.8800048828125,173.41000366210938,8611965
2024-03-28 13:30:00+00:00,171.6999969482422,171.93499755859375,170.72000122070312,171.19500732421875,14682071
2024-03-28 14:30:00+00:00,171.1999969482422,171.2100067138672,170.50999450683594,170.8350067138672,7903177
2024-03-28 15:30:00+00:00,170.83999633789062,171.1999969482422,170.72999572753906,171.16920471191406,5070981
2024-03-28 16:30:00+00:00,171.1699981689453,171.3699951171875,170.9499969482422,170.96499633789062,4292029
2024-03-28 17:30:00+00:00,170.9600067138672,171.810302734375,170.88999938964844,171.7801055908203,4247361
2024-03-28 18:30:00+00:00,171.7899932861328,172.22999572753906,171.61000061035156,172.139892578125,4699109
2024-03-28 19:30:00+00:00,172.13999938964844,172.22999572753906,171.25999450683594,171.52000427246094,6848121
2024-04-01 13:30:00+00:00,171.1875,171.22000122070312,169.8350067138672,170.08990478515625,12016910
2024-04-01 14:30:00+00:00,170.08900451660156,170.16000366210938,169.47999572753906,169.84500122070312,5566284
2024-04-01 15:30:00+00:00,169.83999633789062,170.0800018310547,169.5850067138672,169.89500427246094,4325649
2024-04-01 16:30:00+00:00,169.89500427246094,170.02000427246094,169.75999450683594,169.9156951904297,2857559
2024-04-01 17:30:00+00:00,169.9199981689453,170.08999633789062,169.8800048828125,169.9949951171875,2605346
2024-04-01 18:30:00+00:00,169.99000549316406,170.24000549316406,169.85000610351562,169.93499755859375,3725960
2024-04-01 19:30:00+00:00,169.93499755859375,170.13999938964844,169.8699951171875,170.00999450683594,5786677
2024-04-02 13:30:00+00:00,169.05999755859375,169.33999633789062,168.23019409179688,169.0399932861328,11163207
2024-04-02 14:30:00+00:00,169.03500366210938,169.19500732421875,168.52999877929688,168.8321990966797,4826587
2024-04-02 15:30:00+00:00,168.8350067138672,169.1479949951172,168.3699951171875,168.6649932861328,4166243
2024-04-02 16:30:00+00:00,168.67999267578125,169.08999633789062,168.63999938964844,168.9949951171875,3340894
2024-04-02 17:30:00+00:00,169.0,169.10499572753906,168.86000061035156,168.9199981689453,3451310
2024-04-02 18:30:00+00:00,168.9199981689453,169.07000732421875,168.72999572753906,168.97500610351562,3699021
2024-04-02 19:30:00+00:00,168.99000549316406,169.2200927734375,168.77000427246094,168.94000244140625,6380958
2024-04-03 13:30:00+00:00,168.75,170.0800018310547,168.58999633789062,170.0366973876953,8758184
2024-04-03 14:30:00+00:00,170.02499389648438,170.67999267578125,169.97999572753906,170.52000427246094,6176025
2024-04-03 15:30:00+00:00,170.52000427246094,170.6750030517578,170.1999969482422,170.32000732421875,3684320
2024-04-03 16:30:00+00:00,170.30999755859375,170.44000244140625,169.75,170.2050018310547,3812096
2024-04-03 17:30:00+00:00,170.2100067138672,170.38999938964844,170.12010192871094,170.19700622558594,3156608
2024-04-03 18:30:00+00:00,170.1999969482422,170.60000610351562,169.27999877929688,169.52499389648438,6323307
2024-04-03 19:30:00+00:00,169.52999877929688,170.14999389648438,169.3800048828125,169.66000366210938,6602092
2024-04-04 13:30:00+00:00,170.2899932861328,171.19000244140625,170.0399932861328,171.00999450683594,9047827
2024-04-04 14:30:00+00:00,171.01499938964844,171.27999877929688,170.7100067138672,171.27000427246094,4545243
2024-04-04 15:30:00+00:00,171.27999877929688,171.9199981689453,171.27499389648438,171.72030639648438,4325890
2024-04-04 16:30:00+00:00,171.72999572753906,171.86990356445312,171.3350067138672,171.5399932861328,3395662
2024-04-04 17:30:00+00:00,171.5467987060547,171.61000061035156,169.6999969482422,169.75,6544667
2024-04-04 18:30:00+00:00,169.74000549316406,170.10000610351562,169.02000427246094,169.04100036621094,8346418
2024-04-04 19:30:00+00:00,169.0399932861328,169.74000549316406,168.8300018310547,168.88999938964844,8099922
2024-04-05 13:30:00+00:00,169.5,169.91000366210938,168.9499969482422,169.22000122070312,9721473
2024-04-05 14:30:00+00:00,169.22999572753906,169.82000732421875,169.08999633789062,169.46499633789062,4890929
2024-04-05 15:30:00+00:00,169.46499633789062,170.3800048828125,169.38900756835938,170.1699981689453,4669016
2024-04-05 16:30:00+00:00,170.1699981689453,170.375,169.77999877929688,170.07400512695312,3488779
2024-04-05 17:30:00+00:00,170.08999633789062,170.1699981689453,169.35000610351562,169.50030517578125,3347777
2024-04-05 18:30:00+00:00,169.50999450683594,169.9199981689453,169.36000061035156,169.88999938964844,4067851
2024-04-05 19:30:00+00:00,169.88999938964844,169.97999572753906,169.5,169.57000732421875,4423994
2024-04-08 13:30:00+00:00,169.05999755859375,169.19000244140625,168.24000549316406,168.82000732421875,8279940
2024-04-08 14:30:00+00:00,168.8249969482422,169.1300048828125,168.64999389648438,168.81500244140625,4718366
2024-04-08 15:30:00+00:00,168.81500244140625,168.81500244140625,168.26499938964844,168.4123992919922,4134102
2024-04-08 16:30:00+00:00,168.4149932861328,168.8350067138672,168.40499877929688,168.64500427246094,2982857
2024-04-08 17:30:00+00:00,168.64500427246094,168.89999389648438,168.47000122070312,168.79010009765625,2336490
2024-04-08 18:30:00+00:00,168.7949981689453,168.79989624023438,168.5449981689453,168.78500366210938,2798561
2024-04-08 19:30:00+00:00,168.78500366210938,168.9600067138672,168.3249969482422,168.4600067138672,4991117
2024-04-09 13:30:00+00:00,168.69200134277344,170.0749969482422,168.5,169.47000122070312,9892473
2024-04-09 14:30:00+00:00,169.47500610351562,169.49000549316406,168.47999572753906,168.69500732421875,5975622
2024-04-09 15:30:00+00:00,168.6999969482422,169.16000366210938,168.69000244140625,169.07000732421875,3680884
2024-04-09 16:30:00+00:00,169.07000732421875,169.55999755859375,168.89999389648438,169.25999450683594,3462971
2024-04-09 17:30:00+00:00,169.27000427246094,169.5,168.5,168.5850067138672,4167688
2024-04-09 18:30:00+00:00,168.5800018310547,169.25999450683594,168.35000610351562,169.25250244140625,4206061
2024-04-09 19:30:00+00:00,169.25999450683594,169.72999572753906,168.94000244140625,169.69000244140625,5472554
2024-04-10 13:30:00+00:00,168.83999633789062,169.08999633789062,167.11000061035156,168.02999877929688,14120359
2024-04-10 14:30:00+00:00,168.04400634765625,168.6999969482422,167.61000061035156,167.9149932861328,5526659
2024-04-10 15:30:00+00:00,167.94000244140625,168.11000061035156,167.5399932861328,168.01499938964844,4681455
2024-04-10 16:30:00+00:00,168.03700256347656,168.60000610351562,167.67999267578125,168.13499450683594,4311563
2024-04-10 17:30:00+00:00,168.12100219726562,168.5800018310547,167.6300048828125,167.75999450683594,4513653
2024-04-10 18:30:00+00:00,167.76499938964844,169.6699981689453,167.69000244140625,168.25999450683594,4221664
2024-04-10 19:30:00+00:00,168.25999450683594,168.68499755859375,167.6999969482422,167.75,5084905
2024-04-11 13:30:00+00:00,168.25,169.1699981689453,168.16009521484375,168.72000122070312,9488061
2024-04-11 14:30:00+00:00,168.72999572753906,169.4199981689453,168.57000732421875,169.0,7020839
2024-04-11 15:30:00+00:00,169.0010986328125,170.2899932861328,169.0,169.91000366210938,5616006
2024-04-11 16:30:00+00:00,169.9199981689453,172.19000244140625,169.83999633789062,172.10499572753906,9777671
2024-04-11 17:30:00+00:00,172.11000061035156,174.47999572753906,171.96009826660156,174.17999267578125,15507718
2024-04-11 18:30:00+00:00,174.17999267578125,174.86000061035156,173.5500030517578,174.73989868164062,15407602
2024-04-11 19:30:00+00:00,174.74000549316406,175.4600067138672,174.6199951171875,175.0399932861328,15008834
2024-04-12 13:30:00+00:00,174.28500366210938,178.36000061035156,174.2100067138672,176.75,35055623
2024-04-12 14:30:00+00:00,176.74249267578125,176.80999755859375,175.32000732421875,176.25430297851562,12592011
2024-04-12 15:30:00+00:00,176.25999450683594,176.99000549316406,175.56500244140625,175.58999633789062,8240618
2024-04-12 16:30:00+00:00,175.59500122070312,175.66000366210938,174.8000030517578,175.35000610351562,8466020
2024-04-12 17:30:00+00:00,175.33999633789062,176.0,175.23500061035156,175.97000122070312,6848567
2024-04-12 18:30:00+00:00,175.97000122070312,176.25999450683594,175.6300048828125,176.0175018310547,8125126
2024-04-12 19:30:00+00:00,176.01499938964844,176.74000549316406,175.9550018310547,176.56500244140625,10614487
2024-04-15 13:30:00+00:00,175.3800048828125,175.9799041748047,173.85000610351562,174.8800048828125,16099072
2024-04-15 14:30:00+00:00,174.8800048828125,176.6300048828125,174.55999755859375,175.41000366210938,9497153
2024-04-15 15:30:00+00:00,175.39999389648438,176.14999389648438,174.9600067138672,175.10000610351562,5334563
2024-04-15 16:30:00+00:00,175.09500122070312,175.57000732421875,174.51010131835938,174.52000427246094,6093345
2024-04-15 17:30:00+00:00,174.50999450683594,174.61000061035156,172.5,173.1300048828125,9423818
2024-04-15 18:30:00+00:00,173.1199951171875,173.75999450683594,172.8000030517578,172.92999267578125,6849808
2024-04-15 19:30:00+00:00,172.92999267578125,173.61000061035156,172.66000366210938,172.68499755859375,6819556
2024-04-16 13:30:00+00:00,171.7100067138672,173.7550048828125,171.1820068359375,171.22000122070312,14947039
2024-04-16 14:30:00+00:00,171.1999969482422,171.4499969482422,169.02000427246094,169.44500732421875,13407042
2024-04-16 15:30:00+00:00,169.4499969482422,169.85000610351562,168.27000427246094,169.4149932861328,11289116
2024-04-16 16:30:00+00:00,169.41000366210938,169.72999572753906,168.92999267578125,169.38999938964844,5079739
2024-04-16 17:30:00+00:00,169.39999389648438,170.39999389648438,168.39999389648438,168.9250030517578,8396515
2024-04-16 18:30:00+00:00,168.9250030517578,170.0800018310547,168.8800048828125,169.9949951171875,5187348
2024-04-16 19:30:00+00:00,169.99000549316406,170.01499938964844,169.27999877929688,169.33790588378906,5938491
2024-04-17 13:30:00+00:00,169.5800018310547,170.63999938964844,169.3101043701172,170.4550018310547,10358959
2024-04-17 14:30:00+00:00,170.4499969482422,170.47500610351562,169.2100067138672,169.2100067138672,7818704
2024-04-17 15:30:00+00:00,169.22000122070312,169.36000061035156,168.60000610351562,168.6999969482422,5853359
2024-04-17 16:30:00+00:00,168.6999969482422,168.97000122070312,168.07000732421875,168.82000732421875,4690283
2024-04-17 17:30:00+00:00,168.8300018310547,169.0,168.50999450683594,168.61000061035156,4907946
2024-04-17 18:30:00+00:00,168.6199951171875,169.17999267578125,168.02000427246094,168.08999633789062,4554925
2024-04-17 19:30:00+00:00,168.08999633789062,168.5449981689453,168.0,168.0,5025607
2024-04-18 13:30:00+00:00,168.0,168.63999938964844,167.3300018310547,168.03990173339844,9532841
2024-04-18 14:30:00+00:00,168.0399932861328,168.27999877929688,167.86000061035156,167.99000549316406,4639772
2024-04-18 15:30:00+00:00,168.0,168.01499938964844,167.39999389648438,167.56500244140625,3556423
2024-04-18 16:30:00+00:00,167.56500244140625,167.6999969482422,166.6300048828125,166.9799041748047,5691557
2024-04-18 17:30:00+00:00,166.99000549316406,167.11000061035156,166.5500030517578,166.85989379882812,4043124
2024-04-18 18:30:00+00:00,166.8800048828125,167.25,166.63999938964844,167.10000610351562,3707430
2024-04-18 19:30:00+00:00,167.10000610351562,167.37429809570312,166.77499389648438,167.0399932861328,4286307
2024-04-19 13:30:00+00:00,166.1199951171875,166.39999389648438,164.82000732421875,165.27000427246094,16054092
2024-04-19 14:30:00+00:00,165.25999450683594,165.66000366210938,164.875,164.98500061035156,6502988
2024-04-19 15:30:00+00:00,164.97999572753906,165.16000366210938,164.0800018310547,164.36239624023438,6573825
2024-04-19 16:30:00+00:00,164.3699951171875,165.3000030517578,164.17999267578125,164.9199981689453,6201635
2024-04-19 17:30:00+00:00,164.89999389648438,165.6699981689453,164.89999389648438,165.0399932861328,5158159
2024-04-19 18:30:00+00:00,165.02000427246094,165.24000549316406,164.52000427246094,165.1649932861328,6320854
2024-04-19 19:30:00+00:00,165.16000366210938,165.1999969482422,164.7949981689453,164.92999267578125,7970297
2024-04-22 13:30:00+00:00,165.75,166.22999572753906,165.22999572753906,165.3699951171875,9753629
2024-04-22 14:30:00+00:00,165.3699951171875,165.5399932861328,164.77000427246094,165.39500427246094,4939703
2024-04-22 15:30:00+00:00,165.39999389648438,165.8699951171875,165.3748016357422,165.6199951171875,4178724
2024-04-22 16:30:00+00:00,165.61419677734375,166.28500366210938,165.43499755859375,166.27499389648438,3510757
2024-04-22 17:30:00+00:00,166.27000427246094,167.25999450683594,166.27000427246094,166.85499572753906,5021219
2024-04-22 18:30:00+00:00,166.86000061035156,167.0500030517578,166.2550048828125,166.66000366210938,6192002
2024-04-22 19:30:00+00:00,166.66000366210938,166.73989868164062,165.63999938964844,165.83999633789062,5290621
2024-04-23 13:30:00+00:00,165.25999450683594,166.7100067138672,164.92999267578125,165.82000732421875,10992740
2024-04-23 14:30:00+00:00,165.82000732421875,166.97999572753906,165.82000732421875,166.625,6119113
2024-04-23 15:30:00+00:00,166.6199951171875,166.6999969482422,166.05740356445312,166.27000427246094,3828132
2024-04-23 16:30:00+00:00,166.27000427246094,166.63999938964844,166.1717071533203,166.39199829101562,4067219
2024-04-23 17:30:00+00:00,166.39999389648438,166.86000061035156,166.3249969482422,166.83999633789062,2849527
2024-04-23 18:30:00+00:00,166.83999633789062,166.86990356445312,166.5,166.85000610351562,3658150
2024-04-23 19:30:00+00:00,166.83999633789062,167.0500030517578,166.7550048828125,166.91000366210938,5719471
2024-04-24 13:30:00+00:00,166.39999389648438,168.3000030517578,166.2100067138672,167.9949951171875,9855592
2024-04-24 14:30:00+00:00,167.9949951171875,168.27999877929688,167.52000427246094,167.9199981689453,5213388
2024-04-24 15:30:00+00:00,167.9250030517578,169.27499389648438,167.91000366210938,168.72500610351562,6588577
2024-04-24 16:30:00+00:00,168.72500610351562,168.85000610351562,168.11000061035156,168.46170043945312,3760303
2024-04-24 17:30:00+00:00,168.47000122070312,169.2899932861328,168.4600067138672,168.75,3891894
2024-04-24 18:30:00+00:00,168.75,169.08990478515625,168.27999877929688,169.05499267578125,3796420
2024-04-24 19:30:00+00:00,169.05409240722656,169.3000030517578,168.6699981689453,168.9499969482422,5580723
2024-04-25 13:30:00+00:00,169.60000610351562,170.61000061035156,168.47000122070312,168.91749572753906,13123892
2024-04-25 14:30:00+00:00,168.89999389648438,169.08560180664062,168.4499969482422,168.5677947998047,4953755
2024-04-25 15:30:00+00:00,168.56500244140625,169.1999969482422,168.15109252929688,169.19000244140625,4246795
2024-04-25 16:30:00+00:00,169.18760681152344,169.53829956054688,168.9199981689453,169.05999755859375,3597812
2024-04-25 17:30:00+00:00,169.05499267578125,169.74989318847656,168.86000061035156,169.1300048828125,4047077
2024-04-25 18:30:00+00:00,169.11000061035156,170.03500366210938,168.96009826660156,169.93499755859375,5505667
2024-04-25 19:30:00+00:00,169.92999267578125,170.00999450683594,169.41000366210938,169.89999389648438,6221758
2024-04-26 13:30:00+00:00,169.8699951171875,171.05999755859375,169.5399932861328,170.66000366210938,9247096
2024-04-26 14:30:00+00:00,170.66000366210938,171.33999633789062,170.41000366210938,170.69000244140625,5410597
2024-04-26 15:30:00+00:00,170.68499755859375,170.9199981689453,170.2100067138672,170.2449951171875,3910867
2024-04-26 16:30:00+00:00,170.25,170.25999450683594,169.76010131835938,169.875,4152260
2024-04-26 17:30:00+00:00,169.8800048828125,169.88999938964844,169.3699951171875,169.6999969482422,4417993
2024-04-26 18:30:00+00:00,169.6999969482422,170.11000061035156,169.52000427246094,169.99000549316406,4106101
2024-04-26 19:30:00+00:00,169.97999572753906,170.08999633789062,169.19000244140625,169.2899932861328,6146863
2024-04-29 13:30:00+00:00,173.38999938964844,176.02999877929688,173.1300048828125,174.75999450683594,22509930
2024-04-29 14:30:00+00:00,174.75,175.1300048828125,173.97999572753906,174.50999450683594,7830323
2024-04-29 15:30:00+00:00,174.5198974609375,174.82000732421875,174.00999450683594,174.3249969482422,5706873
2024-04-29 16:30:00+00:00,174.32769775390625,174.8887939453125,174.22000122070312,174.8699951171875,4546336
2024-04-29 17:30:00+00:00,174.8699951171875,175.10499572753906,174.08999633789062,174.2657928466797,4501161
2024-04-29 18:30:00+00:00,174.26010131835938,174.66000366210938,173.35150146484375,173.8249969482422,5832343
2024-04-29 19:30:00+00:00,173.8249969482422,173.97889709472656,173.1199951171875,173.49000549316406,5978948
2024-04-30 13:30:00+00:00,173.20199584960938,174.99000549316406,172.64999389648438,174.42999267578125,9649989
2024-04-30 14:30:00+00:00,174.4250030517578,174.94500732421875,173.72459411621094,173.86500549316406,6074161
2024-04-30 15:30:00+00:00,173.86990356445312,174.1999053955078,173.60499572753906,173.8365936279297,3446845
2024-04-30 16:30:00+00:00,173.83999633789062,173.92999267578125,173.22000122070312,173.27529907226562,4148810
2024-04-30 17:30:00+00:00,173.30499267578125,173.87989807128906,173.10000610351562,173.17999267578125,3964263
2024-04-30 18:30:00+00:00,173.1999969482422,173.34500122070312,172.55999755859375,172.72999572753906,4786101
2024-04-30 19:30:00+00:00,172.74000549316406,172.94000244140625,170.02000427246094,170.08999633789062,11784580
2024-05-01 13:30:00+00:00,170.0,171.07000732421875,169.11000061035156,170.81500244140625,8294097
2024-05-01 14:30:00+00:00,170.78500366210938,171.36000061035156,170.64500427246094,171.1699981689453,4272367
2024-05-01 15:30:00+00:00,171.1699981689453,171.72000122070312,171.10000610351562,171.38999938964844,4126555
2024-05-01 16:30:00+00:00,171.3800048828125,171.4499969482422,170.7550048828125,171.1199951171875,2863605
2024-05-01 17:30:00+00:00,171.125,171.50999450683594,170.61000061035156,171.42300415039062,4066520
2024-05-01 18:30:00+00:00,171.4199981689453,172.69000244140625,170.89500427246094,172.3699951171875,8561606
2024-05-01 19:30:00+00:00,172.38499450683594,172.38499450683594,169.25,169.2899932861328,9451344
2024-05-02 13:30:00+00:00,172.4199981689453,172.66000366210938,170.88999938964844,171.58999633789062,16705177
2024-05-02 14:30:00+00:00,171.5941925048828,172.0800018310547,171.4199981689453,171.60000610351562,6210532
2024-05-02 15:30:00+00:00,171.59719848632812,172.5050048828125,171.46249389648438,172.3498992919922,6639465
2024-05-02 16:30:00+00:00,172.34500122070312,172.77999877929688,171.94000244140625,172.6988983154297,5497209
2024-05-02 17:30:00+00:00,172.6999969482422,172.94000244140625,172.41000366210938,172.89999389648438,6288261
2024-05-02 18:30:00+00:00,172.89999389648438,173.22000122070312,172.5500030517578,173.14999389648438,8749459
2024-05-02 19:30:00+00:00,173.14500427246094,173.4149932861328,172.5399932861328,173.08999633789062,9688076
2024-05-03 13:30:00+00:00,186.6699981689453,187.0,182.66000366210932,184.17999267578125,55819788
2024-05-03 14:30:00+00:00,184.19900512695312,184.9900054931641,183.5399932861328,184.6499938964844,17983283
2024-05-03 15:30:00+00:00,184.66000366210932,184.94000244140625,184.1300048828125,184.3600006103516,10376113
2024-05-03 16:30:00+00:00,184.35989379882807,185.4949951171875,184.3000030517578,185.360107421875,12652093
2024-05-03 17:30:00+00:00,185.3600006103516,185.8600006103516,184.8099975585937,185.75,12223485
2024-05-03 18:30:00+00:00,185.7550048828125,185.9900054931641,184.259994506836,184.9949951171875,16502580
2024-05-03 19:30:00+00:00,185.0,185.009994506836,183.0500030517578,183.38999938964844,14886978
2024-05-06 13:30:00+00:00,182.35400390625,184.1699981689453,181.6300048828125,182.6199951171875,21498066
2024-05-06 14:30:00+00:00,182.88999938964844,183.3800048828125,181.72999572753903,181.99710083007807,8234392
2024-05-06 15:30:00+00:00,182.0050048828125,182.3999938964844,181.5,181.6000061035156,7543780
2024-05-06 16:30:00+00:00,181.6000061035156,181.82989501953125,180.58120727539065,180.58999633789065,7567313
2024-05-06 17:30:00+00:00,180.58999633789065,181.33999633789065,180.4199981689453,180.80499267578125,7890598
2024-05-06 18:30:00+00:00,180.8099975585937,181.6199951171875,180.6999969482422,181.4806060791016,6903326
2024-05-06 19:30:00+00:00,181.4900054931641,182.0200042724609,181.2400054931641,181.6999969482422,8524836
2024-05-07 13:30:00+00:00,183.4499969482422,184.8999938964844,182.7100067138672,182.83990478515625,23887519
2024-05-07 14:30:00+00:00,182.8249969482422,183.1100006103516,182.16000366210932,182.17999267578125,10527042
2024-05-07 15:30:00+00:00,182.16000366210932,182.356201171875,181.41000366210932,181.5200042724609,7432182
2024-05-07 16:30:00+00:00,181.5200042724609,182.72000122070312,181.32000732421875,182.5599975585937,6083145
2024-05-07 17:30:00+00:00,182.5599975585937,182.9199981689453,182.08999633789065,182.37600708007807,5530053
2024-05-07 18:30:00+00:00,182.3699951171875,182.77999877929688,182.1699981689453,182.634994506836,4785926
2024-05-07 19:30:00+00:00,182.6300048828125,182.67999267578125,182.22000122070312,182.3699951171875,5031993
2024-05-08 13:30:00+00:00,182.7100067138672,182.9600067138672,181.4600067138672,181.91000366210932,10261929
2024-05-08 14:30:00+00:00,181.88999938964844,182.3800048828125,181.7550048828125,182.28500366210932,4657669
2024-05-08 15:30:00+00:00,182.28500366210932,182.6100006103516,181.8509979248047,182.33999633789065,4579068
2024-05-08 16:30:00+00:00,182.33999633789065,182.4900054931641,182.02999877929688,182.3000030517578,3047249
2024-05-08 17:30:00+00:00,182.30499267578125,182.72000122070312,182.2949981689453,182.6849975585937,3954343
2024-05-08 18:30:00+00:00,182.69000244140625,182.9900054931641,182.6100006103516,182.89010620117188,4937356
2024-05-08 19:30:00+00:00,182.8950042724609,183.0500030517578,182.6849975585937,182.7400054931641,5220918
2024-05-09 13:30:00+00:00,182.5599975585937,183.82989501953125,182.1199951171875,183.4199981689453,9634755
2024-05-09 14:30:00+00:00,183.4250030517578,183.8600006103516,183.1100006103516,183.63999938964844,5753829
2024-05-09 15:30:00+00:00,183.6499938964844,183.83999633789065,183.4349975585937,183.60499572753903,4233577
2024-05-09 16:30:00+00:00,183.60499572753903,184.5,183.53990173339844,184.3800048828125,6031102
2024-05-09 17:30:00+00:00,184.38999938964844,184.6499938964844,184.0599975585937,184.25,4829910
2024-05-09 18:30:00+00:00,184.2400054931641,184.6150054931641,184.22000122070312,184.31500244140625,4012982
2024-05-09 19:30:00+00:00,184.3099975585937,184.6499938964844,184.3000030517578,184.6499938964844,5820164
2024-05-10 13:30:00+00:00,184.9199981689453,185.08999633789065,183.1499938964844,183.2050018310547,12508339
2024-05-10 14:30:00+00:00,183.2100067138672,183.3997039794922,182.259994506836,182.69000244140625,7423228
2024-05-10 15:30:00+00:00,182.6999969482422,182.7350006103516,182.2449951171875,182.48880004882807,3801053
2024-05-10 16:30:00+00:00,182.4850006103516,182.58999633789065,182.2100067138672,182.3950042724609,2997546
2024-05-10 17:30:00+00:00,182.38999938964844,182.8500061035156,182.1300048828125,182.7400054931641,4477086
2024-05-10 18:30:00+00:00,182.72999572753903,182.9600067138672,182.57000732421875,182.94000244140625,4005294
2024-05-10 19:30:00+00:00,182.94000244140625,183.1999969482422,182.7899932861328,183.0,5183512
2024-05-13 13:30:00+00:00,185.4349975585937,185.8650054931641,184.6199951171875,185.68899536132807,13788872
2024-05-13 14:30:00+00:00,185.6849975585937,186.42999267578125,185.6300048828125,185.9199981689453,9423195
2024-05-13 15:30:00+00:00,185.9149932861328,186.5,185.77999877929688,186.2899932861328,7602808
2024-05-13 16:30:00+00:00,186.2899932861328,186.92999267578125,186.25,186.6585998535156,8098301
2024-05-13 17:30:00+00:00,186.66000366210932,186.9499969482422,186.3699951171875,186.6501007080078,5453676
2024-05-13 18:30:00+00:00,186.659896850586,187.1000061035156,186.5599975585937,186.98989868164065,6516486
2024-05-13 19:30:00+00:00,186.9850006103516,187.02999877929688,186.07000732421875,186.28500366210932,9250536
2024-05-14 13:30:00+00:00,187.6499938964844,188.3000030517578,186.5500030517578,187.009994506836,14754549
2024-05-14 14:30:00+00:00,187.009994506836,187.1999969482422,186.2899932861328,186.97999572753903,4957021
2024-05-14 15:30:00+00:00,186.9850006103516,187.0,186.5200042724609,186.8000030517578,3617615
2024-05-14 16:30:00+00:00,186.8000030517578,186.9499969482422,186.4510040283203,186.52999877929688,3012019
2024-05-14 17:30:00+00:00,186.53500366210932,187.3699951171875,186.4850006103516,187.32940673828125,5421425
2024-05-14 18:30:00+00:00,187.3249969482422,187.8099975585937,187.1999969482422,187.7449951171875,4923069
2024-05-14 19:30:00+00:00,187.75,187.91000366210932,187.16000366210932,187.38999938964844,5635981
2024-05-15 13:30:00+00:00,187.97999572753903,189.72999572753903,187.3800048828125,189.57899475097656,15211599
2024-05-15 14:30:00+00:00,189.5800018310547,190.07000732421875,189.5200042724609,189.9199981689453,10479415
2024-05-15 15:30:00+00:00,189.9250030517578,190.2100067138672,189.5399932861328,190.15499877929688,5434851
2024-05-15 16:30:00+00:00,190.15499877929688,190.6499938964844,190.13999938964844,190.3699951171875,6113081
2024-05-15 17:30:00+00:00,190.3800048828125,190.5500030517578,189.8603057861328,189.92999267578125,5363162
2024-05-15 18:30:00+00:00,189.9250030517578,190.259994506836,189.82000732421875,189.875,6702029
2024-05-15 19:30:00+00:00,189.8800048828125,190.1199951171875,189.5,189.7400054931641,8181060
2024-05-16 13:30:00+00:00,190.51600646972656,191.09500122070312,189.9750061035156,190.5802001953125,13478830
2024-05-16 14:30:00+00:00,190.5850067138672,190.75,189.7250061035156,189.9698944091797,6494017
2024-05-16 15:30:00+00:00,189.96499633789065,190.3800048828125,189.76499938964844,190.32110595703125,5165187
2024-05-16 16:30:00+00:00,190.3294982910156,190.48809814453125,189.97000122070312,190.009994506836,3483587
2024-05-16 17:30:00+00:00,190.00050354003903,190.259994506836,189.759994506836,189.92739868164065,3578815
2024-05-16 18:30:00+00:00,189.9199981689453,190.1000061035156,189.83999633789065,189.884994506836,3752308
2024-05-16 19:30:00+00:00,189.88999938964844,190.22000122070312,189.6600952148437,189.8999938964844,6377484
2024-05-17 13:30:00+00:00,189.3800048828125,190.8099975585937,189.22000122070312,190.1501007080078,10313420
2024-05-17 14:30:00+00:00,190.16000366210932,190.3000030517578,189.6519927978516,189.697006225586,3636563
2024-05-17 15:30:00+00:00,189.69000244140625,189.9600067138672,189.42010498046875,189.7899932861328,3477507
2024-05-17 16:30:00+00:00,189.7949981689453,189.9900054931641,189.5811004638672,189.6849975585937,2227185
2024-05-17 17:30:00+00:00,189.69000244140625,189.875,189.3800048828125,189.67999267578125,3173599
2024-05-17 18:30:00+00:00,189.6649932861328,190.1300048828125,189.6199951171875,190.1083068847656,3544941
2024-05-17 19:30:00+00:00,190.10499572753903,190.1499938964844,189.7503967285156,189.92999267578125,5767398
2024-05-20 13:30:00+00:00,189.3500061035156,191.7700042724609,189.009994506836,191.60499572753903,11170451
2024-05-20 14:30:00+00:00,191.6000061035156,191.9199066162109,191.1699981689453,191.17999267578125,6619615
2024-05-20 15:30:00+00:00,191.1750030517578,191.509994506836,191.0200042724609,191.1649932861328,3353981
2024-05-20 16:30:00+00:00,191.16000366210932,191.80499267578125,191.16000366210932,191.46499633789065,3398871
2024-05-20 17:30:00+00:00,191.4640045166016,191.6199951171875,191.1600952148437,191.41000366210932,2512725
2024-05-20 18:30:00+00:00,191.41000366210932,191.5,191.0800018310547,191.31399536132807,3014420
2024-05-20 19:30:00+00:00,191.3099975585937,191.34800720214844,190.8099975585937,191.0800018310547,4813353
2024-05-21 13:30:00+00:00,191.08999633789065,192.58999633789065,190.92010498046875,192.2100067138672,9575653
2024-05-21 14:30:00+00:00,192.22999572753903,192.64990234375,191.8600006103516,192.2826995849609,5835087
2024-05-21 15:30:00+00:00,192.2899932861328,192.42300415039065,191.8300018310547,192.17909240722656,3296315
2024-05-21 16:30:00+00:00,192.1750030517578,192.384994506836,191.77999877929688,192.3600006103516,3030314
2024-05-21 17:30:00+00:00,192.3699951171875,192.5399932861328,192.2949981689453,192.51499938964844,3614416
2024-05-21 18:30:00+00:00,192.51499938964844,192.67999267578125,192.3999938964844,192.52999877929688,3655229
2024-05-21 19:30:00+00:00,192.52999877929688,192.72999572753903,192.27999877929688,192.3600006103516,5302236
2024-05-22 13:30:00+00:00,192.25,192.82310485839844,191.97999572753903,192.71499633789065,6192624
2024-05-22 14:30:00+00:00,192.71499633789065,192.759994506836,192.0330047607422,192.13999938964844,3840572
2024-05-22 15:30:00+00:00,192.13999938964844,192.1999969482422,191.5249938964844,191.6199951171875,3221517
2024-05-22 16:30:00+00:00,191.6150054931641,191.72999572753903,191.0800018310547,191.3699951171875,2593453
2024-05-22 17:30:00+00:00,191.3600006103516,191.42999267578125,190.2700042724609,190.6000061035156,3969834
2024-05-22 18:30:00+00:00,190.59500122070312,190.94000244140625,190.5200042724609,190.9398956298828,2705299
2024-05-22 19:30:00+00:00,190.9300994873047,191.30499267578125,190.3800048828125,190.97999572753903,4670368
2024-05-23 13:30:00+00:00,191.0,191.0,188.5050048828125,189.0500030517578,10163386
2024-05-23 14:30:00+00:00,189.0599975585937,189.69000244140625,188.67999267578125,189.4499969482422,6137975
2024-05-23 15:30:00+00:00,189.4550018310547,189.7100067138672,189.07000732421875,189.5249938964844,3243022
2024-05-23 16:30:00+00:00,189.5249938964844,189.59950256347656,188.42999267578125,188.64010620117188,3640141
2024-05-23 17:30:00+00:00,188.6499938964844,188.6849975585937,187.3099975585937,187.7050018310547,5194146
2024-05-23 18:30:00+00:00,187.6999969482422,187.8000030517578,187.16000366210932,187.6199951171875,4566990
2024-05-23 19:30:00+00:00,187.6199951171875,187.82000732421875,186.625,186.91000366210932,5803901
2024-05-24 13:30:00+00:00,188.82000732421875,189.5200042724609,188.0404052734375,189.5200042724609,9165795
2024-05-24 14:30:00+00:00,189.51499938964844,190.2899932861328,189.259994506836,190.1199951171875,4878308
2024-05-24 15:30:00+00:00,190.1100006103516,190.5800018310547,189.72999572753903,190.37989807128903,3569741
2024-05-24 16:30:00+00:00,190.3800048828125,190.5599975585937,190.22999572753903,190.4149932861328,2486685
2024-05-24 17:30:00+00:00,190.4199981689453,190.46499633789065,190.05499267578125,190.1499938964844,3081217
2024-05-24 18:30:00+00:00,190.1499938964844,190.38999938964844,189.9349975585937,190.08999633789065,2750429
2024-05-24 19:30:00+00:00,190.0850067138672,190.2400054931641,189.82000732421875,190.0,3538245
2024-05-28 13:30:00+00:00,191.5319976806641,192.9900054931641,190.33999633789065,191.63999938964844,15396828
2024-05-28 14:30:00+00:00,191.6300048828125,191.7700042724609,191.13009643554688,191.6199951171875,5008372
2024-05-28 15:30:00+00:00,191.6100006103516,191.9499969482422,191.0599975585937,191.2550048828125,4381780
2024-05-28 16:30:00+00:00,191.2501983642578,191.45899963378903,190.8600006103516,190.875,3205058
2024-05-28 17:30:00+00:00,190.875,190.9600067138672,189.6499938964844,189.72979736328125,4766217
2024-05-28 18:30:00+00:00,189.7250061035156,189.8699951171875,189.1000061035156,189.5328063964844,5144489
2024-05-28 19:30:00+00:00,189.5379943847656,190.1000061035156,189.3300018310547,190.1000061035156,4991097
2024-05-29 13:30:00+00:00,189.509994506836,192.2469940185547,189.509994506836,191.8500061035156,12968690
2024-05-29 14:30:00+00:00,191.84890747070312,192.2400054931641,191.125,191.48370361328125,6819860
2024-05-29 15:30:00+00:00,191.4850006103516,191.77999877929688,191.0800018310547,191.759994506836,4646271
2024-05-29 16:30:00+00:00,191.7624969482422,192.02999877929688,191.5030059814453,191.7949981689453,3262501
2024-05-29 17:30:00+00:00,191.7899932861328,191.97000122070312,191.3099975585937,191.5601043701172,4166095
2024-05-29 18:30:00+00:00,191.5599975585937,191.6300048828125,190.72000122070312,191.13999938964844,4716309
2024-05-29 19:30:00+00:00,191.13999938964844,191.2100067138672,189.9598999023437,190.3699951171875,6936004
2024-05-30 13:30:00+00:00,190.78500366210932,192.1000061035156,190.6300048828125,191.44500732421875,11192477
2024-05-30 14:30:00+00:00,191.4499969482422,191.82400512695312,191.0,191.69500732421875,5533218
2024-05-30 15:30:00+00:00,191.6699981689453,191.75,191.1000061035156,191.259994506836,2975839
2024-05-30 16:30:00+00:00,191.259994506836,192.13999938964844,191.2050018310547,192.0787048339844,3757523
2024-05-30 17:30:00+00:00,192.0800018310547,192.17999267578125,191.3600006103516,191.53500366210932,3362017
2024-05-30 18:30:00+00:00,191.5366973876953,191.8000030517578,191.41000366210932,191.56500244140625,4143522
2024-05-30 19:30:00+00:00,191.5800018310547,191.83999633789065,190.8500061035156,191.2899932861328,6616325
2024-05-31 13:30:00+00:00,191.44000244140625,192.57000732421875,191.2700042724609,191.69000244140625,10359581
2024-05-31 14:30:00+00:00,191.69000244140625,191.97000122070312,190.1000061035156,190.41000366210932,6925875
2024-05-31 15:30:00+00:00,190.38999938964844,190.7073974609375,189.91000366210932,190.1972045898437,4332092
2024-05-31 16:30:00+00:00,190.1999969482422,190.58999633789065,189.91000366210932,190.57000732421875,3119084
2024-05-31 17:30:00+00:00,190.57000732421875,190.82000732421875,190.3800048828125,190.55499267578125,2877661
2024-05-31 18:30:00+00:00,190.5500030517578,191.26980590820312,190.3300018310547,191.02999877929688,6023627
2024-05-31 19:30:00+00:00,191.0200042724609,192.4900054931641,190.8999938964844,192.47000122070312,9872872
2024-06-03 13:30:00+00:00,192.97999572753903,194.9900054931641,192.52999877929688,194.8350067138672,14806084
2024-06-03 14:30:00+00:00,194.8300018310547,194.9199981689453,193.5800018310547,194.1300048828125,6469352
2024-06-03 15:30:00+00:00,194.1199951171875,194.38999938964844,193.2400054931641,193.28939819335932,4781872
2024-06-03 16:30:00+00:00,193.27999877929688,193.826400756836,192.83999633789065,193.7899932861328,4233538
2024-06-03 17:30:00+00:00,193.759994506836,194.05499267578125,193.08999633789065,193.1000061035156,3561086
2024-06-03 18:30:00+00:00,193.1000061035156,193.5200042724609,192.9100952148437,193.35400390625,3785048
2024-06-03 19:30:00+00:00,193.3600006103516,194.1100006103516,193.27999877929688,194.08999633789065,5118764
2024-06-04 13:30:00+00:00,194.72000122070312,195.0,193.03419494628903,194.02999877929688,10693104
2024-06-04 14:30:00+00:00,194.0249938964844,194.3999938964844,193.66000366210932,194.0500030517578,5032304
2024-06-04 15:30:00+00:00,194.05499267578125,194.4900054931641,193.71499633789065,194.47000122070312,3593838
2024-06-04 16:30:00+00:00,194.47000122070312,194.82000732421875,194.33999633789065,194.80499267578125,3308960
2024-06-04 17:30:00+00:00,194.8099975585937,195.32000732421875,194.41000366210932,195.2350006103516,5053574
2024-06-04 18:30:00+00:00,195.22999572753903,195.32000732421875,193.92999267578125,194.5072021484375,5071285
2024-06-04 19:30:00+00:00,194.5050048828125,194.8699951171875,194.17999267578125,194.3650054931641,4327507
2024-06-05 13:30:00+00:00,195.4199981689453,196.4199981689453,194.8800048828125,195.375,11655383
2024-06-05 14:30:00+00:00,195.3800048828125,196.1699981689453,195.19500732421875,196.13999938964844,6044987
2024-06-05 15:30:00+00:00,196.13999938964844,196.8999938964844,195.82000732421875,195.9250030517578,6551624
2024-06-05 16:30:00+00:00,195.9199981689453,196.259994506836,195.60009765625,195.8851928710937,4380580
2024-06-05 17:30:00+00:00,195.8800048828125,196.6999969482422,195.8800048828125,196.2050018310547,5004091
2024-06-05 18:30:00+00:00,196.1999969482422,196.44000244140625,195.72000122070312,196.139892578125,4731794
2024-06-05 19:30:00+00:00,196.1300048828125,196.4499969482422,195.6199951171875,195.8999938964844,6222302
2024-06-06 13:30:00+00:00,195.6849975585937,196.5,195.2100067138672,195.9199981689453,9631306
2024-06-06 14:30:00+00:00,195.91000366210932,196.0,195.44000244140625,195.8350067138672,4451666
2024-06-06 15:30:00+00:00,195.8350067138672,195.83999633789065,195.41000366210932,195.6699981689453,3210636
2024-06-06 16:30:00+00:00,195.6768035888672,196.07000732421875,195.46499633789065,195.6479949951172,3210252
2024-06-06 17:30:00+00:00,195.6450042724609,195.7350006103516,194.9499969482422,195.54449462890625,3816320
2024-06-06 18:30:00+00:00,195.5399932861328,195.54080200195312,195.0200042724609,195.3930053710937,3431671
2024-06-06 19:30:00+00:00,195.3950042724609,195.5,194.1699981689453,194.47999572753903,5961018
2024-06-07 13:30:00+00:00,194.66000366210932,195.75,194.13999938964844,194.8099975585937,10154074
2024-06-07 14:30:00+00:00,194.80499267578125,195.97000122070312,194.74009704589844,195.6199951171875,6480520
2024-06-07 15:30:00+00:00,195.625,196.1849975585937,195.6000061035156,195.9550018310547,7373793
2024-06-07 16:30:00+00:00,195.9600067138672,196.4900054931641,195.7100067138672,196.3600006103516,4552773
2024-06-07 17:30:00+00:00,196.3600006103516,196.5800018310547,195.72000122070312,195.8699951171875,5669748
2024-06-07 18:30:00+00:00,195.8600006103516,196.44000244140625,195.5800018310547,196.4394989013672,4413006
2024-06-07 19:30:00+00:00,196.4349975585937,196.94000244140625,196.2400054931641,196.8999938964844,7738011
2024-06-10 13:30:00+00:00,197.1999969482422,197.2816925048828,194.8300018310547,195.6199951171875,15640700
2024-06-10 14:30:00+00:00,195.6217041015625,195.7400054931641,195.25,195.55419921875,5515526
2024-06-10 15:30:00+00:00,195.5599975585937,196.2100067138672,195.07000732421875,195.88839721679688,6844150
2024-06-10 16:30:00+00:00,195.88999938964844,196.3800048828125,195.1100006103516,195.4250030517578,7537803
2024-06-10 17:30:00+00:00,195.44000244140625,196.4499969482422,192.1499938964844,193.16000366210932,23696662
2024-06-10 18:30:00+00:00,193.1499938964844,194.3000030517578,192.3300018310547,192.96499633789065,17145821
2024-06-10 19:30:00+00:00,192.9600067138672,193.19000244140625,192.2899932861328,193.1300048828125,9924521
2024-06-11 13:30:00+00:00,193.66000366210932,201.0449981689453,193.63999938964844,200.8999938964844,41754118
2024-06-11 14:30:00+00:00,200.8925018310547,204.509994506836,200.8800048828125,204.409896850586,33923446
2024-06-11 15:30:00+00:00,204.3950042724609,205.4499969482422,203.4499969482422,204.2250061035156,23287350
2024-06-11 16:30:00+00:00,204.2476043701172,206.02999877929688,203.8000030517578,205.0399932861328,15916325
2024-06-11 17:30:00+00:00,205.02999877929688,205.41000366210932,204.44000244140625,205.0800018310547,11453848
2024-06-11 18:30:00+00:00,205.08999633789065,205.92999267578125,204.6999969482422,205.72999572753903,12935816
2024-06-11 19:30:00+00:00,205.72999572753903,207.16000366210932,205.4900054931641,207.13999938964844,16510894
2024-06-12 13:30:00+00:00,207.3600006103516,215.9900054931641,206.91000366210932,215.2350006103516,56496065
2024-06-12 14:30:00+00:00,215.22000122070312,218.1199951171875,214.67999267578125,217.58009338378903,28525914
2024-06-12 15:30:00+00:00,217.5800018310547,217.6000061035156,215.2700042724609,215.3500061035156,17483667
2024-06-12 16:30:00+00:00,215.33059692382807,217.3600006103516,214.86099243164065,216.92999267578125,12561436
2024-06-12 17:30:00+00:00,216.9275054931641,219.3249969482422,216.4600067138672,218.960205078125,17876803
2024-06-12 18:30:00+00:00,218.9501037597656,220.1999969482422,217.3699951171875,217.72999572753903,23575609
2024-06-12 19:30:00+00:00,217.7400054931641,217.759994506836,212.83999633789065,213.1116943359375,27633505
2024-06-13 13:30:00+00:00,214.77999877929688,216.75,213.13999938964844,213.85020446777344,30111186
2024-06-13 14:30:00+00:00,213.8643035888672,214.5590057373047,212.17010498046875,213.44500732421875,11890302
2024-06-13 15:30:00+00:00,213.43589782714844,214.06179809570312,211.6000061035156,212.1000061035156,8952250
2024-06-13 16:30:00+00:00,212.1100006103516,213.7400054931641,212.02999877929688,213.6000061035156,6757287
2024-06-13 17:30:00+00:00,213.60499572753903,213.7899932861328,212.4001007080078,213.19000244140625,6146495
2024-06-13 18:30:00+00:00,213.1999969482422,214.3999938964844,213.0399932861328,214.33999633789065,12111802
2024-06-13 19:30:00+00:00,214.3300018310547,214.8800048828125,213.83200073242188,214.1300048828125,9252524
2024-06-14 13:30:00+00:00,213.8099975585937,215.1699981689453,212.6199951171875,213.38999938964844,16970905
2024-06-14 14:30:00+00:00,213.38999938964844,213.9199066162109,212.66000366210932,213.59500122070312,9007098
2024-06-14 15:30:00+00:00,213.59500122070312,213.82000732421875,211.6699981689453,211.75,9057332
2024-06-14 16:30:00+00:00,211.75,212.2790069580078,211.3000030517578,211.77999877929688,6971182
2024-06-14 17:30:00+00:00,211.77999877929688,212.4499969482422,211.69000244140625,212.2250061035156,5419804
2024-06-14 18:30:00+00:00,212.22950744628903,212.38999938964844,211.67999267578125,212.3800048828125,5080813
2024-06-14 19:30:00+00:00,212.375,212.58790588378903,211.4199981689453,212.5200042724609,7731194
2024-06-17 13:30:00+00:00,213.3000030517578,216.4900054931641,212.72000122070312,216.0914001464844,23579228
2024-06-17 14:30:00+00:00,216.08999633789065,217.3300018310547,215.3300018310547,216.3314971923828,11752782
2024-06-17 15:30:00+00:00,216.3300018310547,217.07000732421875,215.82000732421875,216.5399932861328,7605894
2024-06-17 16:30:00+00:00,216.5399932861328,218.1000061035156,216.1300048828125,217.82000732421875,7465754
2024-06-17 17:30:00+00:00,217.8300018310547,218.75,217.75,218.3500061035156,8525981
2024-06-17 18:30:00+00:00,218.3451995849609,218.94500732421875,217.9600067138672,218.15499877929688,9383966
2024-06-17 19:30:00+00:00,218.16000366210932,218.33999633789065,215.47999572753903,216.7100067138672,11852085
2024-06-18 13:30:00+00:00,217.6100006103516,218.6300048828125,214.44000244140625,215.3099975585937,21562377
2024-06-18 14:30:00+00:00,215.3099975585937,215.8000030517578,213.44000244140625,214.3600006103516,11158176
2024-06-18 15:30:00+00:00,214.35499572753903,214.44000244140625,213.0,213.22000122070312,7665650
2024-06-18 16:30:00+00:00,213.22000122070312,214.22999572753903,213.2165069580078,213.66000366210932,7074821
2024-06-18 17:30:00+00:00,213.66000366210932,214.05569458007807,213.07000732421875,213.72300720214844,5483651
2024-06-18 18:30:00+00:00,213.7250061035156,214.91000366210932,213.4001007080078,214.6499938964844,7084903
2024-06-18 19:30:00+00:00,214.6450042724609,215.1000061035156,213.91000366210932,214.3800048828125,7980426
2024-06-20 13:30:00+00:00,213.92999267578125,214.2400054931641,211.47999572753903,211.6385955810547,18864147
2024-06-20 14:30:00+00:00,211.6300048828125,211.97000122070312,209.52999877929688,209.53500366210932,12783233
2024-06-20 15:30:00+00:00,209.5399932861328,211.1699981689453,209.4199981689453,209.5249938964844,9155236
2024-06-20 16:30:00+00:00,209.52999877929688,210.28990173339844,209.1300048828125,209.3800048828125,6958427
2024-06-20 17:30:00+00:00,209.3699951171875,210.6000061035156,209.2100067138672,210.0399932861328,6536332
2024-06-20 18:30:00+00:00,210.0399932861328,210.1699981689453,209.16000366210932,209.67320251464844,8591610
2024-06-20 19:30:00+00:00,209.6750030517578,209.75,208.8500061035156,209.5599975585937,9279123
2024-06-21 13:30:00+00:00,210.38999938964844,211.88999938964844,209.58999633789065,210.82009887695312,29890095
2024-06-21 14:30:00+00:00,210.8300018310547,211.434799194336,210.4199981689453,210.82000732421875,9274770
2024-06-21 15:30:00+00:00,210.82000732421875,211.6300048828125,210.72000122070312,211.1000061035156,4060107
2024-06-21 16:30:00+00:00,211.08999633789065,211.10989379882807,209.8500061035156,210.0599975585937,8297469
2024-06-21 17:30:00+00:00,210.0599975585937,210.97999572753903,209.9499969482422,210.84500122070312,5231252
2024-06-21 18:30:00+00:00,210.83999633789065,210.97000122070312,209.97000122070312,210.4199981689453,9306373
2024-06-21 19:30:00+00:00,210.4149932861328,210.8500061035156,207.1100006103516,207.1100006103516,19612185
2024-06-24 13:30:00+00:00,207.72000122070312,209.5599975585937,206.58999633789065,209.0050048828125,15818722
2024-06-24 14:30:00+00:00,209.0,212.6999969482422,208.9199981689453,212.3654937744141,13997902
2024-06-24 15:30:00+00:00,212.3800048828125,212.6100006103516,210.6300048828125,210.91000366210932,8594567
2024-06-24 16:30:00+00:00,210.91000366210932,211.0,209.3919982910156,210.0050048828125,6365972
2024-06-24 17:30:00+00:00,210.0,210.08999633789065,208.8800048828125,209.3699951171875,5647376
2024-06-24 18:30:00+00:00,209.3800048828125,209.509994506836,208.5200042724609,208.85899353027344,5602001
2024-06-24 19:30:00+00:00,208.8500061035156,208.91000366210932,207.8446044921875,208.1499938964844,8540682
2024-06-25 13:30:00+00:00,209.0800018310547,211.3800048828125,208.6100006103516,209.7998962402344,14332677
2024-06-25 14:30:00+00:00,209.8000030517578,210.259994506836,209.2001037597656,209.7100067138672,6546201
2024-06-25 15:30:00+00:00,209.72000122070312,210.4850006103516,209.7100067138672,210.03140258789065,3540240
2024-06-25 16:30:00+00:00,210.02999877929688,210.19000244140625,209.3800048828125,210.1150054931641,3379196
2024-06-25 17:30:00+00:00,210.1150054931641,210.67010498046875,209.94000244140625,210.66000366210932,3356142
2024-06-25 18:30:00+00:00,210.65890502929688,210.66900634765625,209.88999938964844,210.14010620117188,3656016
2024-06-25 19:30:00+00:00,210.13999938964844,210.13999938964844,208.82000732421875,209.0760040283203,5902321
2024-06-26 13:30:00+00:00,211.44000244140625,213.0,210.63999938964844,212.3600006103516,15333791
2024-06-26 14:30:00+00:00,212.3699951171875,213.7400054931641,212.343994140625,213.2100067138672,8758442
2024-06-26 15:30:00+00:00,213.2100067138672,214.77999877929688,213.02999877929688,214.34500122070312,6975792
2024-06-26 16:30:00+00:00,214.34500122070312,214.3699951171875,213.22999572753903,213.5599975585937,4272468
2024-06-26 17:30:00+00:00,213.5516967773437,214.8600006103516,213.4900054931641,214.3500061035156,5926758
2024-06-26 18:30:00+00:00,214.34500122070312,214.57000732421875,212.8300018310547,213.26199340820312,5748909
2024-06-26 19:30:00+00:00,213.28990173339844,213.5,212.72000122070312,213.1199951171875,5827438
2024-06-27 13:30:00+00:00,214.6300048828125,215.739501953125,213.38999938964844,213.8099975585937,14261692
2024-06-27 14:30:00+00:00,213.8099975585937,213.9600067138672,212.3500061035156,212.9705047607422,6786057
2024-06-27 15:30:00+00:00,212.97000122070312,213.8600006103516,212.57000732421875,213.85499572753903,4414449
2024-06-27 16:30:00+00:00,213.8513946533203,214.19000244140625,213.5599975585937,214.0,3649798
2024-06-27 17:30:00+00:00,213.99400329589844,214.07000732421875,213.0500030517578,213.4199981689453,3166588
2024-06-27 18:30:00+00:00,213.4199981689453,214.0200042724609,213.2700042724609,213.8289031982422,3516414
2024-06-27 19:30:00+00:00,213.8300018310547,214.1199951171875,213.1450042724609,214.1100006103516,5152491
2024-06-28 13:30:00+00:00,215.80499267578125,216.07000732421875,213.5702972412109,214.63999938964844,13755548
2024-06-28 14:30:00+00:00,214.634994506836,215.3000030517578,213.7700042724609,214.33999633789065,6226559
2024-06-28 15:30:00+00:00,214.3300018310547,214.7100067138672,213.5200042724609,213.83999633789065,5602697
2024-06-28 16:30:00+00:00,213.8350067138672,214.52999877929688,213.2700042724609,213.83009338378903,4952402
2024-06-28 17:30:00+00:00,213.8500061035156,214.0800018310547,213.1300048828125,213.2100067138672,3774396
2024-06-28 18:30:00+00:00,213.2100067138672,213.4850006103516,212.6999969482422,213.05499267578125,4936041
2024-06-28 19:30:00+00:00,213.0500030517578,213.60989379882807,210.3000030517578,210.6100006103516,13592315
2024-07-01 13:30:00+00:00,212.1300048828125,215.58999633789065,211.9199981689453,215.22999572753903,14827486
2024-07-01 14:30:00+00:00,215.22000122070312,215.5599975585937,214.08999633789065,215.0133056640625,7684917
2024-07-01 15:30:00+00:00,215.009994506836,216.5800018310547,214.6999969482422,216.5050048828125,6860373
2024-07-01 16:30:00+00:00,216.509994506836,217.509994506836,216.47000122070312,217.2543029785156,8436608
2024-07-01 17:30:00+00:00,217.25,217.25,215.9199981689453,215.9349975585937,4141471
2024-07-01 18:30:00+00:00,215.9199981689453,216.2400054931641,215.13999938964844,215.53500366210932,5270483
2024-07-01 19:30:00+00:00,215.53500366210932,217.0,215.4600067138672,216.72999572753903,5500033
2024-07-02 13:30:00+00:00,216.1499938964844,218.8999938964844,215.1000061035156,218.7098999023437,14475116
2024-07-02 14:30:00+00:00,218.7100067138672,220.3300018310547,218.5637969970703,219.5101928710937,11555006
2024-07-02 15:30:00+00:00,219.52999877929688,220.1100006103516,218.759994506836,219.1649932861328,5151809
2024-07-02 16:30:00+00:00,219.1499938964844,219.5,218.830795288086,219.3999938964844,3236672
2024-07-02 17:30:00+00:00,219.4001007080078,220.07000732421875,219.2700042724609,220.02999877929688,3762941
2024-07-02 18:30:00+00:00,220.02999877929688,220.3300018310547,219.509994506836,219.6199951171875,4789218
2024-07-02 19:30:00+00:00,219.6100006103516,220.3800048828125,219.5,220.3699951171875,5279602
2024-07-03 13:30:00+00:00,220.42999267578125,221.3999938964844,219.02999877929688,219.3800048828125,14372255
2024-07-03 14:30:00+00:00,219.37989807128903,220.72999572753903,219.10009765625,220.1150054931641,6600486
2024-07-03 15:30:00+00:00,220.1150054931641,221.3000030517578,219.7700042724609,221.3000030517578,5274586
2024-07-05 13:30:00+00:00,221.6499938964844,225.44000244140625,221.6499938964844,225.1708068847656,17905237
2024-07-05 14:30:00+00:00,225.1699981689453,225.19000244140625,223.8300018310547,224.72000122070312,6883671
2024-07-05 15:30:00+00:00,224.72000122070312,225.41909790039065,224.67999267578125,225.22000122070312,5004157
2024-07-05 16:30:00+00:00,225.22999572753903,225.3699951171875,224.72999572753903,225.3500061035156,3808323
2024-07-05 17:30:00+00:00,225.35499572753903,225.63999938964844,224.97999572753903,225.25,4601702
2024-07-05 18:30:00+00:00,225.259994506836,225.5249938964844,225.009994506836,225.4199981689453,4332445
2024-07-05 19:30:00+00:00,225.4199066162109,226.4499969482422,225.3600006103516,226.3099975585937,7165954
2024-07-08 13:30:00+00:00,227.08999633789065,227.3500061035156,223.25,225.1999969482422,16387202
2024-07-08 14:30:00+00:00,225.1997985839844,226.8099975585937,224.783203125,226.509994506836,8150247
2024-07-08 15:30:00+00:00,226.52999877929688,227.0,225.7899932861328,226.5200042724609,5305936
2024-07-08 16:30:00+00:00,226.509994506836,226.8999938964844,226.0500030517578,226.5998992919922,4946609
2024-07-08 17:30:00+00:00,226.5800018310547,227.44000244140625,226.38999938964844,227.3300018310547,4890440
2024-07-08 18:30:00+00:00,227.3300018310547,227.3600006103516,226.4600067138672,226.8249969482422,4484923
2024-07-08 19:30:00+00:00,226.8099975585937,227.83999633789065,226.76010131835932,227.8000030517578,6040675
2024-07-09 13:30:00+00:00,228.1849975585937,229.3950042724609,226.37210083007807,228.52999877929688,13450286
2024-07-09 14:30:00+00:00,228.5229034423828,228.65499877929688,227.3000030517578,227.9149932861328,8133838
2024-07-09 15:30:00+00:00,227.9100952148437,228.2480010986328,227.6000061035156,228.17999267578125,4278456
2024-07-09 16:30:00+00:00,228.1699981689453,228.72540283203125,228.009994506836,228.009994506836,4244252
2024-07-09 17:30:00+00:00,228.0,228.53500366210932,227.8500061035156,228.44000244140625,3230951
2024-07-09 18:30:00+00:00,228.4499969482422,228.5198974609375,228.16000366210932,228.3600006103516,3274100
2024-07-09 19:30:00+00:00,228.3500061035156,228.77999877929688,228.1842041015625,228.6999969482422,4806474
2024-07-10 13:30:00+00:00,229.44000244140625,231.7220001220703,229.25,231.1000061035156,14711583
2024-07-10 14:30:00+00:00,231.1100006103516,231.15499877929688,230.10499572753903,230.9949951171875,6360484
2024-07-10 15:30:00+00:00,231.0,232.7400054931641,230.9550018310547,232.19500732421875,9467527
2024-07-10 16:30:00+00:00,232.1999969482422,232.4199981689453,230.7100067138672,231.5599975585937,7182941
2024-07-10 17:30:00+00:00,231.57000732421875,232.1499938964844,231.5200042724609,232.1000061035156,4334817
2024-07-10 18:30:00+00:00,232.1000061035156,232.19000244140625,231.6300048828125,231.759994506836,4261881
2024-07-10 19:30:00+00:00,231.759994506836,233.0800018310547,231.7050018310547,232.91000366210932,7115598
2024-07-11 13:30:00+00:00,231.31170654296875,232.38999938964844,228.52999877929688,228.8999938964844,16644797
2024-07-11 14:30:00+00:00,228.8699951171875,229.63999938964844,226.2700042724609,226.6199951171875,10923612
2024-07-11 15:30:00+00:00,226.6199951171875,227.83999633789065,225.7700042724609,227.7657928466797,7102718
2024-07-11 16:30:00+00:00,227.759994506836,228.72000122070312,227.2700042724609,227.97999572753903,5833847
2024-07-11 17:30:00+00:00,227.97000122070312,227.9750061035156,226.58999633789065,227.26499938964844,3327985
2024-07-11 18:30:00+00:00,227.259994506836,228.5500030517578,227.2100067138672,227.7100067138672,4129270
2024-07-11 19:30:00+00:00,227.72000122070312,228.6999969482422,227.5500030517578,227.5500030517578,6050973
2024-07-12 13:30:00+00:00,229.0,231.5,228.67999267578125,230.8800048828125,14080146
2024-07-12 14:30:00+00:00,230.8800048828125,232.3979949951172,230.6199951171875,231.89990234375,7527748
2024-07-12 15:30:00+00:00,231.8999938964844,231.9900054931641,230.509994506836,230.7100067138672,5014273
2024-07-12 16:30:00+00:00,230.7100067138672,231.91000366210932,230.57000732421875,231.90249633789065,4220317
2024-07-12 17:30:00+00:00,231.8999938964844,232.63999938964844,231.83999633789065,232.2700042724609,4525973
2024-07-12 18:30:00+00:00,232.26499938964844,232.3600006103516,231.5599975585937,231.85989379882807,3484723
2024-07-12 19:30:00+00:00,231.8600006103516,231.8699951171875,229.91000366210932,230.57000732421875,5822133
2024-07-15 13:30:00+00:00,236.5319976806641,237.22999572753903,233.33999633789065,234.79010009765625,20535733
2024-07-15 14:30:00+00:00,234.82000732421875,236.3101043701172,234.47999572753903,235.6000061035156,6820287
2024-07-15 15:30:00+00:00,235.5800018310547,235.9497985839844,234.5,235.30799865722656,6582105
2024-07-15 16:30:00+00:00,235.32000732421875,235.8800048828125,234.6199951171875,234.69000244140625,3851727
2024-07-15 17:30:00+00:00,234.6595001220703,234.8000030517578,233.9040069580078,234.2050018310547,3774759
2024-07-15 18:30:00+00:00,234.2100067138672,235.07000732421875,233.97000122070312,234.5800018310547,4097236
2024-07-15 19:30:00+00:00,234.5800018310547,234.7899932861328,233.08999633789065,234.4199981689453,5847732
2024-07-16 13:30:00+00:00,235.2050018310547,236.2700042724609,233.009994506836,233.8300018310547,11433979
2024-07-16 14:30:00+00:00,233.8300018310547,234.91000366210932,233.6750030517578,234.16000366210932,5219269
2024-07-16 15:30:00+00:00,234.16000366210932,234.3500061035156,232.6199951171875,232.94790649414065,5683620
2024-07-16 16:30:00+00:00,232.9250030517578,233.7971954345703,232.3300018310547,233.5449981689453,4383942
2024-07-16 17:30:00+00:00,233.5399932861328,234.5500030517578,233.4149932861328,234.38999938964844,3187466
2024-07-16 18:30:00+00:00,234.3995056152344,234.8650054931641,234.3000030517578,234.55990600585932,3209757
2024-07-16 19:30:00+00:00,234.5500030517578,234.97999572753903,234.28500366210932,234.8099975585937,2857260
2024-07-17 13:30:00+00:00,229.47999572753903,231.4598999023437,226.63999938964844,227.82000732421875,17630432
2024-07-17 14:30:00+00:00,227.8000030517578,228.8300018310547,227.4499969482422,228.6199951171875,5951133
2024-07-17 15:30:00+00:00,228.6300048828125,229.009994506836,228.09500122070312,228.4949951171875,4229799
2024-07-17 16:30:00+00:00,228.4850006103516,229.009994506836,228.1499938964844,228.6999969482422,3870619
2024-07-17 17:30:00+00:00,228.67999267578125,229.77999877929688,228.259994506836,229.51910400390625,4477036
2024-07-17 18:30:00+00:00,229.5180053710937,229.8000030517578,228.9600067138672,229.13999938964844,4776274
2024-07-17 19:30:00+00:00,229.13999938964844,229.82000732421875,228.57000732421875,228.884994506836,6250577
2024-07-18 13:30:00+00:00,230.34500122070312,230.44000244140625,226.58999633789065,227.88999938964844,12105218
2024-07-18 14:30:00+00:00,227.8699951171875,228.009994506836,222.7899932861328,222.9900054931641,12436258
2024-07-18 15:30:00+00:00,222.97999572753903,224.02999877929688,222.4499969482422,223.3500061035156,7965624
2024-07-18 16:30:00+00:00,223.3500061035156,225.06500244140625,222.47000122070312,224.5599975585937,6798222
2024-07-18 17:30:00+00:00,224.5500030517578,225.1999969482422,224.4149932861328,224.60009765625,5011871
2024-07-18 18:30:00+00:00,224.5800018310547,225.07000732421875,223.45089721679688,224.1300048828125,4639961
2024-07-18 19:30:00+00:00,224.1199951171875,225.1499938964844,223.8249969482422,224.19000244140625,5051993
2024-07-19 13:30:00+00:00,224.8520050048828,226.8000030517578,224.4199981689453,225.0142059326172,14532936
2024-07-19 14:30:00+00:00,225.0599975585937,225.8600006103516,223.8708038330078,223.9600067138672,5048006
2024-07-19 15:30:00+00:00,223.9600067138672,225.0500030517578,223.5599975585937,223.94500732421875,5582598
2024-07-19 16:30:00+00:00,223.94000244140625,224.57989501953125,223.2749938964844,224.4600067138672,3519449
2024-07-19 17:30:00+00:00,224.42999267578125,224.94500732421875,223.8600006103516,224.44000244140625,3290229
2024-07-19 18:30:00+00:00,224.4600067138672,225.1199951171875,223.88999938964844,225.009994506836,3663851
2024-07-19 19:30:00+00:00,225.0,225.0699005126953,224.009994506836,224.3800048828125,5391560
2024-07-22 13:30:00+00:00,227.2700042724609,227.77999877929688,225.5800018310547,226.8000030517578,10034749
2024-07-22 14:30:00+00:00,226.80499267578125,227.12510681152344,223.72000122070312,223.82989501953125,6311242
2024-07-22 15:30:00+00:00,223.77999877929688,224.13999938964844,223.08999633789065,223.8350067138672,5069673
2024-07-22 16:30:00+00:00,223.8300018310547,224.58999633789065,223.6999969482422,224.38999938964844,3586983
2024-07-22 17:30:00+00:00,224.3699951171875,225.42010498046875,224.3300018310547,225.0500030517578,3036671
2024-07-22 18:30:00+00:00,225.0599975585937,225.6300048828125,224.6300048828125,224.67999267578125,4186965
2024-07-22 19:30:00+00:00,224.67999267578125,225.0399932861328,223.77999877929688,223.92999267578125,4547672
2024-07-23 13:30:00+00:00,224.3999938964844,225.13999938964844,222.67999267578125,224.625,7388967
2024-07-23 14:30:00+00:00,224.63999938964844,226.72999572753903,224.10060119628903,226.60890197753903,6042663
2024-07-23 15:30:00+00:00,226.6150054931641,226.92999267578125,225.1999969482422,225.639892578125,4384033
2024-07-23 16:30:00+00:00,225.6300048828125,225.6999053955078,224.6150054931641,224.72000122070312,3440068
2024-07-23 17:30:00+00:00,224.7100067138672,225.0399932861328,224.3800048828125,224.5399932861328,2742571
2024-07-23 18:30:00+00:00,224.5724029541016,225.1000061035156,224.3280029296875,225.07470703125,2717902
2024-07-23 19:30:00+00:00,225.0599975585937,225.27999877929688,224.32000732421875,225.009994506836,3762733
2024-07-24 13:30:00+00:00,224.0,224.8000030517578,220.3000030517578,220.88999938964844,11171284
2024-07-24 14:30:00+00:00,220.8999938964844,221.02999877929688,218.2899932861328,218.6750030517578,9222223
2024-07-24 15:30:00+00:00,218.6699981689453,218.83999633789065,217.1300048828125,217.90499877929688,6271860
2024-07-24 16:30:00+00:00,217.909896850586,218.5500030517578,217.72000122070312,218.0258026123047,4492564
2024-07-24 17:30:00+00:00,218.0200042724609,218.8600006103516,217.83999633789065,218.16000366210932,3875716
2024-07-24 18:30:00+00:00,218.16000366210932,218.42999267578125,217.7563018798828,217.88999938964844,4462246
2024-07-24 19:30:00+00:00,217.8800048828125,218.77999877929688,217.6999969482422,218.57000732421875,7678488
2024-07-25 13:30:00+00:00,218.8699951171875,219.84500122070312,214.6199951171875,215.8099975585937,14511135
2024-07-25 14:30:00+00:00,215.82000732421875,219.3999938964844,215.44009399414065,218.67999267578125,7290939
2024-07-25 15:30:00+00:00,218.6840057373047,220.5200042724609,218.1100006103516,220.19200134277344,5424720
2024-07-25 16:30:00+00:00,220.1999969482422,220.8500061035156,219.2700042724609,219.4199981689453,4035246
2024-07-25 17:30:00+00:00,219.42999267578125,220.47999572753903,219.3572998046875,219.8800048828125,3151089
2024-07-25 18:30:00+00:00,219.8600006103516,220.4199981689453,218.61700439453125,220.125,3922802
2024-07-25 19:30:00+00:00,220.1000061035156,220.2700042724609,217.3300018310547,217.4900054931641,5667186
2024-07-26 13:30:00+00:00,218.8500061035156,219.14990234375,216.009994506836,217.3999938964844,10822541
2024-07-26 14:30:00+00:00,217.3950042724609,218.1540069580078,216.45590209960932,217.9553985595703,4349192
2024-07-26 15:30:00+00:00,217.9550018310547,219.0200042724609,217.509994506836,218.69119262695312,4508080
2024-07-26 16:30:00+00:00,218.7100067138672,219.4900054931641,218.7100067138672,219.30450439453125,3011413
2024-07-26 17:30:00+00:00,219.30499267578125,219.326904296875,217.67999267578125,218.1499938964844,3519375
2024-07-26 18:30:00+00:00,218.16000366210932,218.75,217.56100463867188,218.60499572753903,3261740
2024-07-26 19:30:00+00:00,218.6199951171875,218.6199951171875,217.1300048828125,218.1199951171875,4479378
2024-07-29 13:30:00+00:00,216.67999267578125,219.3000030517578,215.92999267578125,217.72999572753903,9684510
2024-07-29 14:30:00+00:00,217.75,218.69000244140625,216.509994506836,217.13999938964844,5007715
2024-07-29 15:30:00+00:00,217.1100006103516,218.9600067138672,216.6004943847656,218.5449981689453,3349338
2024-07-29 16:30:00+00:00,218.5500030517578,219.27999877929688,218.375,218.6999969482422,2769535
2024-07-29 17:30:00+00:00,218.6999969482422,219.0868988037109,218.0500030517578,218.3500061035156,2855524
2024-07-29 18:30:00+00:00,218.33999633789065,218.75,217.97000122070312,218.58999633789065,3092834
2024-07-29 19:30:00+00:00,218.58999633789065,219.1199951171875,218.0,218.2100067138672,3984140
2024-07-30 13:30:00+00:00,219.0399932861328,220.3249969482422,218.5599975585937,219.07000732421875,8172417
2024-07-30 14:30:00+00:00,219.07000732421875,219.33580017089844,217.1699981689453,217.2899932861328,5639492
2024-07-30 15:30:00+00:00,217.27999877929688,217.5399932861328,216.3300018310547,216.97999572753903,3537121
2024-07-30 16:30:00+00:00,216.9600067138672,217.3500061035156,216.1199951171875,217.25,3365740
2024-07-30 17:30:00+00:00,217.2400054931641,218.7400054931641,216.9600067138672,218.28500366210932,3146102
2024-07-30 18:30:00+00:00,218.27999877929688,218.7100067138672,217.97000122070312,218.6300048828125,3328246
2024-07-30 19:30:00+00:00,218.63999938964844,219.9199981689453,218.4499969482422,218.7899932861328,5666938
2024-07-31 13:30:00+00:00,221.52999877929688,223.44000244140625,220.63999938964844,222.8300018310547,10706115
2024-07-31 14:30:00+00:00,222.83999633789065,223.82000732421875,222.3000030517578,223.15499877929688,5147851
2024-07-31 15:30:00+00:00,223.15499877929688,223.3699951171875,222.1699981689453,222.3699951171875,3107571
2024-07-31 16:30:00+00:00,222.38360595703125,223.009994506836,222.08009338378903,222.6000061035156,3484238
2024-07-31 17:30:00+00:00,222.59500122070312,223.009994506836,221.3099975585937,222.92999267578125,3509520
2024-07-31 18:30:00+00:00,222.94000244140625,223.3699951171875,221.28500366210932,221.610107421875,4951278
2024-07-31 19:30:00+00:00,221.63999938964844,223.00929260253903,221.3699951171875,221.9900054931641,5618520
2024-08-01 13:30:00+00:00,224.3699951171875,224.45050048828125,221.259994506836,221.27999877929688,10512069
2024-08-01 14:30:00+00:00,221.2796936035156,221.72999572753903,220.1199951171875,220.5399932861328,6309661
2024-08-01 15:30:00+00:00,220.5599975585937,220.8500061035156,219.0200042724609,219.32000732421875,4477931
2024-08-01 16:30:00+00:00,219.33999633789065,219.5,217.6300048828125,218.1499938964844,4455108
2024-08-01 17:30:00+00:00,218.16000366210932,218.8000030517578,217.1907958984375,217.7899932861328,6390068
2024-08-01 18:30:00+00:00,217.7949981689453,218.159896850586,217.0200042724609,218.05499267578125,6030523
2024-08-01 19:30:00+00:00,218.0500030517578,219.13999938964844,217.134994506836,218.27999877929688,7438049
2024-08-02 13:30:00+00:00,219.1499938964844,224.4149932861328,217.7100067138672,222.65499877929688,29536982
2024-08-02 14:30:00+00:00,222.6300048828125,224.37989807128903,221.759994506836,222.8300018310547,14319380
2024-08-02 15:30:00+00:00,222.8600006103516,224.72000122070312,221.4199981689453,224.6199951171875,9098444
2024-08-02 16:30:00+00:00,224.6150054931641,225.6000061035156,223.4499969482422,224.63999938964844,7487153
2024-08-02 17:30:00+00:00,224.6300048828125,225.0050048828125,221.91000366210932,223.4349975585937,7549443
2024-08-02 18:30:00+00:00,223.4199981689453,224.1000061035156,222.1100006103516,222.6199951171875,6527167
2024-08-02 19:30:00+00:00,222.6300048828125,222.98829650878903,219.0599975585937,219.8000030517578,11042774
2024-08-05 13:30:00+00:00,199.13999938964844,211.1100006103516,196.2100067138672,207.97869873046875,43357359
2024-08-05 14:30:00+00:00,207.94070434570312,213.47000122070312,207.82000732421875,211.1699981689453,13404154
2024-08-05 15:30:00+00:00,211.1999969482422,213.0,209.5050048828125,212.6150054931641,8715135
2024-08-05 16:30:00+00:00,212.6199951171875,212.6499938964844,209.72000122070312,210.8099975585937,6246693
2024-08-05 17:30:00+00:00,210.7899932861328,211.88999938964844,209.3699951171875,210.6100006103516,5113963
2024-08-05 18:30:00+00:00,210.56300354003903,210.9499969482422,203.9199981689453,206.42999267578125,16677734
2024-08-05 19:30:00+00:00,206.42999267578125,209.3500061035156,206.0117034912109,209.19000244140625,11251750
2024-08-06 13:30:00+00:00,205.38999938964844,206.25,201.07000732421875,204.89010620117188,23694537
2024-08-06 14:30:00+00:00,204.97999572753903,207.739501953125,204.3699951171875,206.1100006103516,7809373
2024-08-06 15:30:00+00:00,206.1204071044922,208.9900054931641,206.0599975585937,208.6309967041016,5843682
2024-08-06 16:30:00+00:00,208.6699981689453,209.97999572753903,208.3600006103516,208.9900054931641,4607591
2024-08-06 17:30:00+00:00,209.009994506836,209.4799041748047,207.7050018310547,209.44639587402344,4690988
2024-08-06 18:30:00+00:00,209.4499969482422,209.9499969482422,207.3999938964844,208.5050048828125,5270629
2024-08-06 19:30:00+00:00,208.5050048828125,208.58999633789065,206.3999938964844,207.125,6519030
2024-08-07 13:30:00+00:00,206.88999938964844,212.8999938964844,206.41000366210932,211.6999969482422,15714668
2024-08-07 14:30:00+00:00,211.69000244140625,213.58999633789065,211.47000122070312,213.16000366210932,6367518
2024-08-07 15:30:00+00:00,213.12399291992188,213.63999938964844,211.17999267578125,212.5850067138672,5060827
2024-08-07 16:30:00+00:00,212.5997009277344,212.97000122070312,210.3500061035156,211.0399932861328,5212227
2024-08-07 17:30:00+00:00,211.0399932861328,211.4900054931641,210.0200042724609,211.0599975585937,5095212
2024-08-07 18:30:00+00:00,211.0200042724609,211.0200042724609,208.47999572753903,210.5200958251953,6015049
2024-08-07 19:30:00+00:00,210.5500030517578,210.9900054931641,209.41000366210932,209.8600006103516,5358011
2024-08-08 13:30:00+00:00,213.09500122070312,213.2100067138672,208.8300018310547,212.5599975585937,10203691
2024-08-08 14:30:00+00:00,212.5800018310547,212.9900054931641,211.0800018310547,212.2100067138672,4980328
2024-08-08 15:30:00+00:00,212.2100067138672,213.4600067138672,211.7100067138672,213.25,4471605
2024-08-08 16:30:00+00:00,213.26499938964844,213.9900054931641,212.5,213.8975982666016,3897513
2024-08-08 17:30:00+00:00,213.8999938964844,214.1999969482422,212.7075042724609,212.97999572753903,3971724
2024-08-08 18:30:00+00:00,212.9958953857422,213.42999267578125,212.1199951171875,212.13009643554688,3833831
2024-08-08 19:30:00+00:00,212.13999938964844,213.5200042724609,211.8800048828125,213.33999633789065,4665159
2024-08-09 13:30:00+00:00,212.0800018310547,214.7895050048828,211.97999572753903,214.6999969482422,7767530
2024-08-09 14:30:00+00:00,214.7100067138672,215.7350006103516,213.6699981689453,215.134994506836,4852988
2024-08-09 15:30:00+00:00,215.1199951171875,215.7100067138672,214.41000366210932,214.5301055908203,3993538
2024-08-09 16:30:00+00:00,214.52999877929688,216.5399932861328,214.51010131835932,216.53500366210932,3806159
2024-08-09 17:30:00+00:00,216.5399932861328,216.77999877929688,214.9199981689453,215.27999877929688,3531367
2024-08-09 18:30:00+00:00,215.2749938964844,216.3800048828125,214.8999938964844,216.28500366210932,4226291
2024-08-09 19:30:00+00:00,216.259994506836,216.6150054931641,215.33999633789065,216.3000030517578,5238718
2024-08-12 13:30:00+00:00,216.0,218.71499633789065,215.6000061035156,218.4499969482422,8545889
2024-08-12 14:30:00+00:00,218.44000244140625,219.5099029541016,217.1499938964844,217.8099975585937,5732544
2024-08-12 15:30:00+00:00,217.7947998046875,218.7574005126953,217.3500061035156,217.97999572753903,4072901
2024-08-12 16:30:00+00:00,217.97000122070312,218.33999633789065,217.02999877929688,217.2476959228516,3376508
2024-08-12 17:30:00+00:00,217.25,217.4550018310547,216.47999572753903,216.7449951171875,2928826
2024-08-12 18:30:00+00:00,216.6999969482422,217.42999267578125,216.59500122070312,217.02999877929688,2657864
2024-08-12 19:30:00+00:00,217.0399932861328,217.6300048828125,216.58999633789065,217.5500030517578,3179687
2024-08-13 13:30:00+00:00,219.10499572753903,221.7100067138672,219.009994506836,221.0,11857628
2024-08-13 14:30:00+00:00,220.9949951171875,221.5,220.26060485839844,221.05499267578125,4325256
2024-08-13 15:30:00+00:00,221.0500030517578,221.59869384765625,220.88999938964844,221.11050415039065,3691243
2024-08-13 16:30:00+00:00,221.08999633789065,221.8000030517578,220.9600067138672,221.69000244140625,2825480
2024-08-13 17:30:00+00:00,221.69000244140625,221.88999938964844,220.56500244140625,221.218002319336,3040248
2024-08-13 18:30:00+00:00,221.24609375,221.48489379882807,220.5399932861328,220.66000366210932,2559260
2024-08-13 19:30:00+00:00,220.6699981689453,221.27999877929688,220.4199981689453,221.2700042724609,3842702
2024-08-14 13:30:00+00:00,220.56500244140625,222.0200042724609,219.6999969482422,221.1103973388672,10322006
2024-08-14 14:30:00+00:00,221.1100006103516,222.5599975585937,220.4550018310547,222.55870056152344,4517827
2024-08-14 15:30:00+00:00,222.5500030517578,223.02999877929688,221.01499938964844,221.30499267578125,4029799
2024-08-14 16:30:00+00:00,221.32000732421875,221.4600067138672,220.3800048828125,221.1750030517578,3645945
2024-08-14 17:30:00+00:00,221.16000366210932,221.7689971923828,220.91000366210932,221.5399932861328,3099853
2024-08-14 18:30:00+00:00,221.52999877929688,221.6100006103516,220.8099975585937,221.16000366210932,2990194
2024-08-14 19:30:00+00:00,221.16000366210932,222.3500061035156,221.15310668945312,221.6199951171875,4112373
2024-08-15 13:30:00+00:00,224.5500030517578,224.9900054931641,222.759994506836,224.7899932861328,9897134
2024-08-15 14:30:00+00:00,224.77999877929688,225.33999633789065,223.8999938964844,224.0050048828125,5316678
2024-08-15 15:30:00+00:00,224.009994506836,225.01499938964844,223.8500061035156,224.9949951171875,3233561
2024-08-15 16:30:00+00:00,225.0,225.0200042724609,224.2449951171875,224.5449981689453,3507566
2024-08-15 17:30:00+00:00,224.5599975585937,225.1499938964844,224.509994506836,225.07000732421875,2520626
2024-08-15 18:30:00+00:00,225.0599975585937,225.3300018310547,224.913803100586,225.0599975585937,3818557
2024-08-15 19:30:00+00:00,225.05499267578125,225.08999633789065,223.84500122070312,224.7100067138672,5065291
2024-08-16 13:30:00+00:00,223.9199981689453,225.0200042724609,223.6501007080078,224.38999938964844,11905855
2024-08-16 14:30:00+00:00,224.3800048828125,225.0200042724609,223.96609497070312,224.91000366210932,4388806
2024-08-16 15:30:00+00:00,224.91000366210932,226.4456024169922,224.91000366210932,226.33999633789065,5068731
2024-08-16 16:30:00+00:00,226.3500061035156,226.8271026611328,226.3099975585937,226.5500030517578,4500362
2024-08-16 17:30:00+00:00,226.5500030517578,226.6699981689453,225.6300048828125,225.9900054931641,3023962
2024-08-16 18:30:00+00:00,225.9850006103516,226.2100067138672,225.7635955810547,225.9600067138672,2364036
2024-08-16 19:30:00+00:00,225.9604949951172,226.13999938964844,225.5399932861328,226.1000061035156,3252354
2024-08-19 13:30:00+00:00,225.69500732421875,225.69500732421875,223.0399932861328,224.16000366210932,9670189
2024-08-19 14:30:00+00:00,224.16000366210932,224.72999572753903,223.4900054931641,224.43020629882807,4193053
2024-08-19 15:30:00+00:00,224.42759704589844,224.6499938964844,223.75,224.4250030517578,3379602
2024-08-19 16:30:00+00:00,224.41000366210932,224.46499633789065,223.75,224.0249938964844,2649753
2024-08-19 17:30:00+00:00,224.02999877929688,224.66000366210932,223.8000030517578,224.63999938964844,3556772
2024-08-19 18:30:00+00:00,224.6450042724609,224.9499969482422,224.5800018310547,224.92999267578125,2814556
2024-08-19 19:30:00+00:00,224.9250030517578,225.97000122070312,224.88999938964844,225.8999938964844,4867293
2024-08-20 13:30:00+00:00,225.7700042724609,227.1699981689453,225.4499969482422,226.66000366210932,7693400
2024-08-20 14:30:00+00:00,226.67999267578125,226.69000244140625,225.7100067138672,226.2100067138672,3611714
2024-08-20 15:30:00+00:00,226.2050018310547,227.09500122070312,226.08999633789065,226.8999938964844,2572227
2024-08-20 16:30:00+00:00,226.8950042724609,227.08999633789065,226.1100006103516,226.7100067138672,2086631
2024-08-20 17:30:00+00:00,226.6999969482422,227.1100006103516,226.3500061035156,227.01499938964844,1991274
2024-08-20 18:30:00+00:00,227.02999877929688,227.0599975585937,226.19000244140625,226.4850006103516,2299219
2024-08-20 19:30:00+00:00,226.47999572753903,226.92999267578125,226.38999938964844,226.4900054931641,2581538
2024-08-21 13:30:00+00:00,226.4900054931641,227.6699981689453,225.91000366210932,227.2250061035156,8159799
2024-08-21 14:30:00+00:00,227.22999572753903,227.97999572753903,225.8800048828125,226.4900054931641,4755603
2024-08-21 15:30:00+00:00,226.49989318847656,226.58999633789065,225.634994506836,226.2400054931641,2772090
2024-08-21 16:30:00+00:00,226.25,226.5039978027344,225.92010498046875,226.00010681152344,2061134
2024-08-21 17:30:00+00:00,226.009994506836,226.4499969482422,225.8300018310547,226.4499969482422,2566714
2024-08-21 18:30:00+00:00,226.4499969482422,226.5800018310547,225.3302001953125,225.7700042724609,2984227
2024-08-21 19:30:00+00:00,225.77999877929688,226.5599975585937,225.1909942626953,226.3999938964844,3834165
2024-08-22 13:30:00+00:00,227.6000061035156,228.33999633789065,226.5500030517578,226.7700042724609,8837839
2024-08-22 14:30:00+00:00,226.759994506836,227.2100067138672,226.13999938964844,226.17999267578125,3513476
2024-08-22 15:30:00+00:00,226.13999938964844,226.44000244140625,224.92010498046875,226.42999267578125,3401206
2024-08-22 16:30:00+00:00,226.4349975585937,226.6100006103516,225.0847930908203,225.6450042724609,2873698
2024-08-22 17:30:00+00:00,225.6300048828125,225.82000732421875,223.8999938964844,224.85989379882807,3951613
2024-08-22 18:30:00+00:00,224.8600006103516,224.94000244140625,224.1499938964844,224.32000732421875,2652812
2024-08-22 19:30:00+00:00,224.33999633789065,224.9199981689453,224.02999877929688,224.52999877929688,4874043
2024-08-23 13:30:00+00:00,225.65890502929688,228.22000122070312,225.5200042724609,227.9750061035156,8606738
2024-08-23 14:30:00+00:00,227.9900054931641,228.1000061035156,225.19009399414065,225.9499969482422,5457419
2024-08-23 15:30:00+00:00,225.968505859375,226.7100067138672,224.8800048828125,225.1150054931641,3192087
2024-08-23 16:30:00+00:00,225.1100006103516,225.9900054931641,224.33999633789065,225.96499633789065,2664126
2024-08-23 17:30:00+00:00,225.97000122070312,226.5500030517578,225.9499969482422,226.45269775390625,2323736
2024-08-23 18:30:00+00:00,226.4550018310547,227.1000061035156,226.22000122070312,227.0599975585937,2752049
2024-08-23 19:30:00+00:00,227.06500244140625,227.1669006347656,226.22999572753903,226.7736053466797,3536618
2024-08-26 13:30:00+00:00,227.2100067138672,227.2100067138672,224.47720336914065,224.9499969482422,6251104
2024-08-26 14:30:00+00:00,224.9199981689453,225.19000244140625,223.8905029296875,225.07000732421875,3930509
2024-08-26 15:30:00+00:00,225.0599975585937,225.82000732421875,224.63999938964844,225.8105010986328,3335827
2024-08-26 16:30:00+00:00,225.81100463867188,226.3999938964844,225.75,226.1199951171875,2092165
2024-08-26 17:30:00+00:00,226.1300048828125,226.4250030517578,225.4429931640625,225.8699951171875,2251610
2024-08-26 18:30:00+00:00,225.8600006103516,226.6699981689453,225.76010131835932,226.4300994873047,2444527
2024-08-26 19:30:00+00:00,226.42999267578125,227.27999877929688,226.2899932861328,227.259994506836,3543413
2024-08-27 13:30:00+00:00,226.2100982666016,228.22000122070312,224.88999938964844,227.97000122070312,8575296
2024-08-27 14:30:00+00:00,227.9600067138672,228.8099975585937,227.6501007080078,228.6300048828125,4591987
2024-08-27 15:30:00+00:00,228.57000732421875,228.66000366210932,227.8699951171875,227.94000244140625,2877065
2024-08-27 16:30:00+00:00,227.92999267578125,228.52999877929688,227.5500030517578,228.4900054931641,2150303
2024-08-27 17:30:00+00:00,228.5,228.6640014648437,228.07000732421875,228.4832000732422,1944293
2024-08-27 18:30:00+00:00,228.47999572753903,228.5489959716797,228.08999633789065,228.1499938964844,1885195
2024-08-27 19:30:00+00:00,228.1499938964844,228.2700042724609,227.75,228.13999938964844,3396614
2024-08-28 13:30:00+00:00,228.0500030517578,229.66000366210932,227.8710021972656,229.63999938964844,8121114
2024-08-28 14:30:00+00:00,229.6300048828125,229.8500061035156,226.3300018310547,226.8099975585937,5991731
2024-08-28 15:30:00+00:00,226.8000030517578,227.2700042724609,226.259994506836,227.02999877929688,5540740
2024-08-28 16:30:00+00:00,227.0200042724609,227.759994506836,227.009994506836,227.47000122070312,2481723
2024-08-28 17:30:00+00:00,227.47000122070312,227.6000061035156,225.6800994873047,226.0800018310547,2007338
2024-08-28 18:30:00+00:00,226.0800018310547,227.63999938964844,225.9600067138672,227.4600067138672,3017614
2024-08-28 19:30:00+00:00,227.4499969482422,227.5399932861328,226.33999633789065,226.4900054931641,3607065
2024-08-29 13:30:00+00:00,230.27999877929688,231.94000244140625,228.8800048828125,231.4199981689453,15038494
2024-08-29 14:30:00+00:00,231.42999267578125,232.88999938964844,231.3800048828125,232.4499969482422,7514577
2024-08-29 15:30:00+00:00,232.44760131835932,232.7091064453125,231.4900054931641,232.4499969482422,5159347
2024-08-29 16:30:00+00:00,232.4499969482422,232.7100067138672,231.8699951171875,232.1300048828125,3294078
2024-08-29 17:30:00+00:00,232.13999938964844,232.5,230.5500030517578,230.83599853515625,4397159
2024-08-29 18:30:00+00:00,230.8300018310547,230.97000122070312,229.6201019287109,230.13999938964844,5247050
2024-08-29 19:30:00+00:00,230.1699981689453,230.7700042724609,229.3300018310547,229.8099975585937,4555191
2024-08-30 13:30:00+00:00,230.0,230.3999938964844,228.54010009765625,229.19500732421875,8962269
2024-08-30 14:30:00+00:00,229.1999969482422,230.009994506836,227.72999572753903,228.2449951171875,4933862
2024-08-30 15:30:00+00:00,228.22000122070312,228.875,227.5500030517578,228.02999877929688,3257176
2024-08-30 16:30:00+00:00,228.02020263671875,228.6999969482422,227.47999572753903,228.1499938964844,2683350
2024-08-30 17:30:00+00:00,228.134994506836,228.31500244140625,227.66000366210932,227.9900054931641,2414533
2024-08-30 18:30:00+00:00,228.0,229.0500030517578,227.9499969482422,229.0399932861328,3332557
2024-08-30 19:30:00+00:00,229.0399932861328,229.8500061035156,228.3800048828125,228.8600006103516,6922500
2024-09-03 13:30:00+00:00,228.6100006103516,229.0,224.72999572753903,225.3099975585937,10969784
2024-09-03 14:30:00+00:00,225.30499267578125,225.30499267578125,223.509994506836,223.85499572753903,5984800
2024-09-03 15:30:00+00:00,223.8600006103516,224.42999267578125,223.2700042724609,223.88999938964844,3719653
2024-09-03 16:30:00+00:00,223.8800048828125,224.1499938964844,223.4499969482422,223.8314971923828,2520844
2024-09-03 17:30:00+00:00,223.8251953125,223.9199981689453,221.83999633789065,222.1300048828125,4242288
2024-09-03 18:30:00+00:00,222.1199951171875,222.72999572753903,221.7700042724609,222.4499969482422,4336460
2024-09-03 19:30:00+00:00,222.44000244140625,222.77999877929688,221.1699981689453,222.75,6650499
2024-09-04 13:30:00+00:00,221.66000366210932,221.7550048828125,217.47999572753903,218.634994506836,13419708
2024-09-04 14:30:00+00:00,218.6300048828125,220.25,218.5399932861328,218.6800994873047,6164983
2024-09-04 15:30:00+00:00,218.69500732421875,219.96499633789065,218.0200042724609,219.92999267578125,3511080
2024-09-04 16:30:00+00:00,220.1100006103516,220.7843017578125,219.5399932861328,220.1199951171875,3078968
2024-09-04 17:30:00+00:00,220.10459899902344,221.1100006103516,220.07000732421875,220.91000366210932,3084195
2024-09-04 18:30:00+00:00,220.8999938964844,221.13999938964844,220.1699981689453,220.5500030517578,3235652
2024-09-04 19:30:00+00:00,220.5500030517578,221.4300994873047,220.4199981689453,220.7899932861328,4798702
2024-09-05 13:30:00+00:00,222.5,225.47999572753903,222.3600006103516,225.0599975585937,10704308
2024-09-05 14:30:00+00:00,225.0800018310547,225.38999938964844,222.3800048828125,222.47999572753903,4610729
2024-09-05 15:30:00+00:00,222.4600067138672,222.8195953369141,221.88999938964844,222.79519653320312,3171908
2024-09-05 16:30:00+00:00,222.7899932861328,223.1499938964844,222.33999633789065,222.38999938964844,2425313
2024-09-05 17:30:00+00:00,222.397705078125,223.75,222.37420654296875,223.33059692382807,2790012
2024-09-05 18:30:00+00:00,223.33999633789065,223.8999938964844,222.1100006103516,222.8300018310547,2545064
2024-09-05 19:30:00+00:00,222.82000732421875,223.3699951171875,221.8101043701172,222.3999938964844,3426613
2024-09-06 13:30:00+00:00,224.0,225.2400054931641,222.3800048828125,222.69000244140625,10837039
2024-09-06 14:30:00+00:00,222.6699981689453,223.0200042724609,220.8300018310547,221.25,6152793
2024-09-06 15:30:00+00:00,221.25,222.0677947998047,220.66200256347656,220.68569946289065,3892594
2024-09-06 16:30:00+00:00,220.6999969482422,221.63999938964844,220.4600067138672,220.97999572753903,3419148
2024-09-06 17:30:00+00:00,220.9499969482422,221.08999633789065,219.7700042724609,220.18780517578125,3000383
2024-09-06 18:30:00+00:00,220.19000244140625,221.47000122070312,219.82000732421875,221.0599975585937,3924346
2024-09-06 19:30:00+00:00,221.0625,221.5500030517578,220.13999938964844,220.91000366210932,4598421
2024-09-09 13:30:00+00:00,220.8999938964844,221.0,217.82000732421875,218.875,13584735
2024-09-09 14:30:00+00:00,218.8800048828125,219.009994506836,217.0500030517578,218.9600067138672,6687156
2024-09-09 15:30:00+00:00,218.97999572753903,220.5,218.92999267578125,220.2039031982422,4368450
2024-09-09 16:30:00+00:00,220.2126007080078,220.92999267578125,219.8099975585937,220.83999633789065,4747989
2024-09-09 17:30:00+00:00,220.83799743652344,220.8500061035156,217.0800018310547,217.1699981689453,11488645
2024-09-09 18:30:00+00:00,217.13999938964844,219.2725067138672,216.72000122070312,219.259994506836,9269515
2024-09-09 19:30:00+00:00,219.2700042724609,221.0364990234375,219.2700042724609,220.9900054931641,8206929
2024-09-10 13:30:00+00:00,219.58999633789065,219.9750061035156,216.72999572753903,219.77999877929688,14107205
2024-09-10 14:30:00+00:00,219.76499938964844,220.22000122070312,218.22000122070312,219.9499969482422,6070511
2024-09-10 15:30:00+00:00,219.9499969482422,220.41000366210932,218.0404052734375,218.5399932861328,4556201
2024-09-10 16:30:00+00:00,218.5301055908203,220.6499938964844,218.4900054931641,220.2700042724609,3685902
2024-09-10 17:30:00+00:00,220.2700042724609,221.47999572753903,220.19590759277344,220.8099975585937,3978034
2024-09-10 18:30:00+00:00,220.8300018310547,221.0449981689453,220.2100067138672,220.75,5332395
2024-09-10 19:30:00+00:00,220.7449951171875,221.1100006103516,219.67999267578125,220.1699981689453,4674197
2024-09-11 13:30:00+00:00,221.0,222.75,219.1499938964844,219.25,9711642
2024-09-11 14:30:00+00:00,219.2400054931641,219.33999633789065,217.968994140625,218.8999938964844,4829294
2024-09-11 15:30:00+00:00,218.8999938964844,220.9499969482422,218.6699981689453,220.835205078125,3877451
2024-09-11 16:30:00+00:00,220.8600006103516,221.8500061035156,220.509994506836,221.209701538086,2846309
2024-09-11 17:30:00+00:00,221.22000122070312,221.6999969482422,220.83999633789065,221.6199951171875,3495565
2024-09-11 18:30:00+00:00,221.6499938964844,221.97000122070312,221.1100006103516,221.97000122070312,4285668
2024-09-11 19:30:00+00:00,221.9550018310547,223.0,221.67999267578125,222.8600006103516,5531388
2024-09-12 13:30:00+00:00,222.0,222.37939453125,219.82000732421875,222.07000732421875,8196037
2024-09-12 14:30:00+00:00,222.0711975097656,223.0675048828125,221.08999633789065,221.8999938964844,4368515
2024-09-12 15:30:00+00:00,221.8999938964844,222.5399932861328,221.6199951171875,221.92999267578125,2289208
2024-09-12 16:30:00+00:00,221.9499969482422,223.0500030517578,221.7100067138672,222.6199951171875,2450018
2024-09-12 17:30:00+00:00,222.6000061035156,223.22999572753903,222.5800018310547,223.14010620117188,2928926
2024-09-12 18:30:00+00:00,223.13999938964844,223.5399932861328,222.16000366210932,222.94000244140625,3839512
2024-09-12 19:30:00+00:00,222.92999267578125,223.3489990234375,222.44000244140625,222.8699951171875,5236457
2024-09-13 13:30:00+00:00,223.0,223.38999938964844,222.19000244140625,222.3699951171875,9588879
2024-09-13 14:30:00+00:00,222.3500061035156,223.75,221.91000366210932,223.5449981689453,4492924
2024-09-13 15:30:00+00:00,223.5449981689453,223.9900054931641,223.05499267578125,223.3101043701172,2825345
2024-09-13 16:30:00+00:00,223.32000732421875,224.02999877929688,223.22000122070312,223.58380126953125,2326834
2024-09-13 17:30:00+00:00,223.5800018310547,224.0200042724609,222.8500061035156,223.0,2945593
2024-09-13 18:30:00+00:00,222.9949951171875,223.0500030517578,222.33120727539065,222.53399658203125,3150741
2024-09-13 19:30:00+00:00,222.5399932861328,222.843002319336,222.3099975585937,222.4600067138672,4426267
2024-09-16 13:30:00+00:00,216.47000122070312,217.1999969482422,213.9199981689453,216.66000366210932,21390264
2024-09-16 14:30:00+00:00,216.64010620117188,216.9149932861328,214.83999633789065,216.55650329589844,8162076
2024-09-16 15:30:00+00:00,216.5500030517578,216.5800018310547,214.91000366210932,215.3999938964844,4852521
2024-09-16 16:30:00+00:00,215.38999938964844,215.97999572753903,214.92010498046875,215.96499633789065,3748142
2024-09-16 17:30:00+00:00,215.9600067138672,216.5200042724609,215.75,216.42999267578125,3606890
2024-09-16 18:30:00+00:00,216.4250030517578,216.466796875,215.9199981689453,216.2250061035156,4144167
2024-09-16 19:30:00+00:00,216.2250061035156,216.6999969482422,216.17999267578125,216.3000030517578,5232224
2024-09-17 13:30:00+00:00,215.5,216.5599975585937,214.5,216.4199981689453,11537502
2024-09-17 14:30:00+00:00,216.3999938964844,216.8999938964844,215.88999938964844,216.2050018310547,5086619
2024-09-17 15:30:00+00:00,216.2100067138672,216.83999633789065,215.509994506836,215.759994506836,4563369
2024-09-17 16:30:00+00:00,215.7700042724609,216.22999572753903,215.22999572753903,216.1699981689453,4929353
2024-09-17 17:30:00+00:00,216.16000366210932,216.38999938964844,215.0599975585937,216.1499938964844,3204596
2024-09-17 18:30:00+00:00,216.13999938964844,216.6199951171875,215.3000030517578,216.6100006103516,3928149
2024-09-17 19:30:00+00:00,216.6000061035156,216.8500061035156,216.1699981689453,216.8500061035156,4733527
2024-09-18 13:30:00+00:00,218.25,220.7350006103516,218.1721954345703,220.7350006103516,11719770
2024-09-18 14:30:00+00:00,220.7301025390625,221.6100006103516,220.25100708007807,220.6300048828125,8156545
2024-09-18 15:30:00+00:00,220.63999938964844,220.86990356445312,219.5200042724609,220.8099975585937,4730443
2024-09-18 16:30:00+00:00,220.8000030517578,221.3500061035156,220.259994506836,221.2100982666016,4663209
2024-09-18 17:30:00+00:00,221.22000122070312,222.6999969482422,219.92999267578125,221.4073028564453,7417109
2024-09-18 18:30:00+00:00,221.4958953857422,221.8500061035156,218.92999267578125,221.5,7309128
2024-09-18 19:30:00+00:00,221.5399932861328,221.8099975585937,219.8800048828125,220.69000244140625,6247706
2024-09-19 13:30:00+00:00,225.0,229.6000061035156,224.63999938964844,229.4949951171875,18240508
2024-09-19 14:30:00+00:00,229.58999633789065,229.7400054931641,227.66000366210932,228.4900054931641,8846328
2024-09-19 15:30:00+00:00,228.484603881836,229.17999267578125,228.0,228.9949951171875,5729594
2024-09-19 16:30:00+00:00,228.9900054931641,229.3300018310547,228.7207946777344,229.17010498046875,4098355
2024-09-19 17:30:00+00:00,229.1768951416016,229.4557037353516,228.3999938964844,228.8699951171875,4410441
2024-09-19 18:30:00+00:00,228.8699951171875,229.4900054931641,228.76010131835932,229.4671936035156,4815301
2024-09-19 19:30:00+00:00,229.4600067138672,229.58999633789065,228.2899932861328,228.82000732421875,7376731
2024-09-20 13:30:00+00:00,230.1300048828125,231.16000366210932,229.3011016845703,230.0345001220703,28984531
2024-09-20 14:30:00+00:00,230.02999877929688,230.5800018310547,229.1999969482422,229.7700042724609,12497143
2024-09-20 15:30:00+00:00,229.759994506836,231.7400054931641,229.7400054931641,231.72999572753903,7914719
2024-09-20 16:30:00+00:00,231.72000122070312,231.9199981689453,230.6100006103516,230.75,6485883
2024-09-20 17:30:00+00:00,230.7400054931641,231.259994506836,229.6000061035156,229.77720642089844,7870480
2024-09-20 18:30:00+00:00,229.7700042724609,232.0,229.5,231.9750061035156,10546962
2024-09-20 19:30:00+00:00,231.9750061035156,233.08999633789065,227.6199951171875,228.52999877929688,25542112
2024-09-23 13:30:00+00:00,227.33999633789065,228.07000732421875,225.8600006103516,228.009994506836,13371841
2024-09-23 14:30:00+00:00,228.009994506836,229.4499969482422,227.6300048828125,228.6533966064453,6527900
2024-09-23 15:30:00+00:00,228.66000366210932,228.8999938964844,226.92999267578125,226.94000244140625,3575768
2024-09-23 16:30:00+00:00,226.94000244140625,227.41000366210932,226.6201019287109,226.7400054931641,3228628
2024-09-23 17:30:00+00:00,226.74899291992188,227.17999267578125,226.509994506836,226.67999267578125,2921492
2024-09-23 18:30:00+00:00,226.69000244140625,226.759994506836,225.8999938964844,226.2899932861328,3625613
2024-09-23 19:30:00+00:00,226.27999877929688,226.6999969482422,225.8099975585937,226.4499969482422,4397453
2024-09-24 13:30:00+00:00,228.6450042724609,229.3500061035156,226.0500030517578,226.07000732421875,7586055
2024-09-24 14:30:00+00:00,226.07000732421875,227.47999572753903,225.7400054931641,227.01210021972656,4155816
2024-09-24 15:30:00+00:00,227.0200042724609,227.7393951416016,226.6999969482422,227.5500030517578,2884573
2024-09-24 16:30:00+00:00,227.5399932861328,227.759994506836,226.8099975585937,227.2400054931641,2149179
2024-09-24 17:30:00+00:00,227.24220275878903,227.47999572753903,226.8099975585937,226.8791046142578,1936488
2024-09-24 18:30:00+00:00,226.8699951171875,227.08999633789065,226.5399932861328,227.0260009765625,1999556
2024-09-24 19:30:00+00:00,227.0399932861328,227.5,226.3699951171875,227.3600006103516,4656959
2024-09-25 13:30:00+00:00,225.25,227.2899932861328,224.6100006103516,226.384994506836,8474136
2024-09-25 14:30:00+00:00,226.2700042724609,226.7998962402344,225.3800048828125,225.4499969482422,4105730
2024-09-25 15:30:00+00:00,225.3999938964844,225.98989868164065,225.32000732421875,225.8701019287109,2773314
2024-09-25 16:30:00+00:00,225.8600006103516,226.0200042724609,225.2700042724609,225.3600006103516,2776012
2024-09-25 17:30:00+00:00,225.3500061035156,225.4499969482422,224.02999877929688,224.8999938964844,4550963
2024-09-25 18:30:00+00:00,224.88999938964844,225.32000732421875,224.76499938964844,225.2599029541016,2750104
2024-09-25 19:30:00+00:00,225.25,226.44000244140625,225.19000244140625,226.3099975585937,4052788
2024-09-26 13:30:00+00:00,227.0,227.0997009277344,225.88999938964844,226.8999938964844,8068048
2024-09-26 14:30:00+00:00,226.91000366210932,228.5,226.52999877929688,227.3896942138672,5650385
2024-09-26 15:30:00+00:00,227.38650512695312,227.82000732421875,226.67999267578125,227.3099975585937,2992378
2024-09-26 16:30:00+00:00,227.31500244140625,227.3999938964844,226.6699981689453,227.15499877929688,1819367
2024-09-26 17:30:00+00:00,227.15499877929688,227.7100067138672,226.9709930419922,227.7050018310547,2270366
2024-09-26 18:30:00+00:00,227.7100067138672,227.8650054931641,227.4620056152344,227.5749969482422,2387943
2024-09-26 19:30:00+00:00,227.5800018310547,227.7899932861328,226.9900054931641,227.6199951171875,3934449
2024-09-27 13:30:00+00:00,229.0,229.5200042724609,227.9900054931641,228.96499633789065,7075016
2024-09-27 14:30:00+00:00,228.96499633789065,229.07000732421875,227.83999633789065,228.1300048828125,4071369
2024-09-27 15:30:00+00:00,228.1199951171875,228.25,227.3000030517578,228.1499938964844,3339358
2024-09-27 16:30:00+00:00,228.13999938964844,228.6199951171875,227.9199981689453,227.9949951171875,1914209
2024-09-27 17:30:00+00:00,227.9900054931641,228.5200042724609,227.8099975585937,227.8950042724609,2008696
2024-09-27 18:30:00+00:00,227.8999938964844,228.19000244140625,227.52999877929688,227.8099975585937,2165156
2024-09-27 19:30:00+00:00,227.82000732421875,228.0,227.5500030517578,227.82000732421875,3703154
2024-09-30 13:30:00+00:00,231.0,232.34120178222656,230.3099975585937,230.97999572753903,11787517
2024-09-30 14:30:00+00:00,230.97000122070312,232.0498962402344,230.75,231.8999938964844,4589294
2024-09-30 15:30:00+00:00,232.0200042724609,232.53829956054688,231.8300018310547,232.1199951171875,3947937
2024-09-30 16:30:00+00:00,232.1199951171875,232.1999969482422,231.3099975585937,231.6450042724609,2500766
2024-09-30 17:30:00+00:00,231.6499938964844,232.0,230.5500030517578,231.009994506836,3105354
2024-09-30 18:30:00+00:00,231.0,231.91000366210932,230.77639770507807,231.22000122070312,3385830
2024-09-30 19:30:00+00:00,231.2050018310547,233.0,231.1100006103516,233.0,9077998
2024-10-01 13:30:00+00:00,228.5,228.7700042724609,224.66000366210932,224.9600067138672,18785859
2024-10-01 14:30:00+00:00,224.6999969482422,225.5,224.5200042724609,225.4750061035156,7238550
2024-10-01 15:30:00+00:00,225.47000122070312,225.94000244140625,225.0500030517578,225.31300354003903,5236262
2024-10-01 16:30:00+00:00,225.3000030517578,225.3950042724609,223.7400054931641,223.92999267578125,4629057
2024-10-01 17:30:00+00:00,223.92999267578125,225.63999938964844,223.83999633789065,225.4600067138672,4115947
2024-10-01 18:30:00+00:00,225.44000244140625,226.1884002685547,225.2460021972656,226.1501007080078,4202375
2024-10-01 19:30:00+00:00,226.1499938964844,226.33999633789065,225.87570190429688,226.259994506836,5044106
2024-10-02 13:30:00+00:00,225.88999938964844,226.1100006103516,223.02999877929688,225.4199981689453,9385176
2024-10-02 14:30:00+00:00,225.3999938964844,226.6000061035156,225.2700042724609,226.2050018310547,4586645
2024-10-02 15:30:00+00:00,226.22000122070312,227.0500030517578,226.1649932861328,226.95199584960932,3954712
2024-10-02 16:30:00+00:00,226.9499969482422,227.03939819335932,226.58999633789065,226.9598999023437,2173028
2024-10-02 17:30:00+00:00,226.94000244140625,227.17999267578125,226.3500061035156,226.82000732421875,2418335
2024-10-02 18:30:00+00:00,226.8000030517578,227.3300018310547,226.6499938964844,227.2400054931641,2105356
2024-10-02 19:30:00+00:00,227.2250061035156,227.3699951171875,226.69009399414065,226.8099975585937,2793983
2024-10-03 13:30:00+00:00,225.2400054931641,226.8000030517578,224.72000122070312,224.8350067138672,6220681
2024-10-03 14:30:00+00:00,224.8099975585937,225.52999877929688,224.26499938964844,224.87420654296875,4150076
2024-10-03 15:30:00+00:00,224.88839721679688,225.3699951171875,224.8300018310547,225.0711975097656,3280055
2024-10-03 16:30:00+00:00,225.08999633789065,225.09629821777344,223.3238983154297,223.8350067138672,3492200
2024-10-03 17:30:00+00:00,223.83999633789065,224.409896850586,223.7001037597656,223.8401031494141,1911305
2024-10-03 18:30:00+00:00,223.8350067138672,224.0399932861328,223.50010681152344,223.6999969482422,2380663
2024-10-03 19:30:00+00:00,223.7100067138672,225.83999633789065,223.66000366210932,225.6699981689453,5709739
2024-10-04 13:30:00+00:00,227.88999938964844,228.0,224.3800048828125,224.510498046875,8338473
2024-10-04 14:30:00+00:00,224.4900054931641,225.5399932861328,224.13999938964844,224.5599975585937,4171900
2024-10-04 15:30:00+00:00,224.52999877929688,225.57000732421875,224.3249969482422,224.9499969482422,3129678
2024-10-04 16:30:00+00:00,224.9571075439453,225.47999572753903,224.8675994873047,225.10009765625,1978865
2024-10-04 17:30:00+00:00,225.1199951171875,225.3500061035156,224.5500030517578,225.08999633789065,2430951
2024-10-04 18:30:00+00:00,225.08999633789065,226.19000244140625,225.0399932861328,226.0901031494141,3128943
2024-10-04 19:30:00+00:00,226.09500122070312,226.97999572753903,225.92999267578125,226.77999877929688,4791908
2024-10-07 13:30:00+00:00,224.4600067138672,225.5399932861328,224.05499267578125,225.32000732421875,7846943
2024-10-07 14:30:00+00:00,225.31500244140625,225.69000244140625,224.47999572753903,225.0601043701172,3155397
2024-10-07 15:30:00+00:00,225.0800018310547,225.27999877929688,224.07000732421875,224.259994506836,2733871
2024-10-07 16:30:00+00:00,224.25,224.57000732421875,223.8099975585937,223.8099975585937,2471325
2024-10-07 17:30:00+00:00,223.82000732421875,224.0599975585937,223.3999938964844,223.74989318847656,2377594
2024-10-07 18:30:00+00:00,223.72999572753903,223.72999572753903,222.22999572753903,222.56500244140625,4495723
2024-10-07 19:30:00+00:00,222.56399536132807,222.6300048828125,221.3350067138672,221.72000122070312,4695507
2024-10-08 13:30:00+00:00,224.3099975585937,225.8800048828125,223.25,224.8999938964844,8969276
2024-10-08 14:30:00+00:00,224.8975982666016,225.9600067138672,224.66000366210932,225.3300018310547,3802538
2024-10-08 15:30:00+00:00,225.3392944335937,225.6000061035156,224.7400054931641,224.82000732421875,2178501
2024-10-08 16:30:00+00:00,224.8300018310547,225.0,224.222396850586,224.7400054931641,1971901
2024-10-08 17:30:00+00:00,224.7400054931641,225.1150054931641,224.66000366210932,224.92970275878903,1560837
2024-10-08 18:30:00+00:00,224.9199981689453,225.58999633789065,224.77999877929688,225.2700042724609,2592549
2024-10-08 19:30:00+00:00,225.2700042724609,225.9750061035156,225.2350006103516,225.77999877929688,3794652
2024-10-09 13:30:00+00:00,225.1699981689453,227.1699981689453,224.8300018310547,227.1000061035156,6790643
2024-10-09 14:30:00+00:00,227.1000061035156,228.2899932861328,226.97000122070312,228.19000244140625,4601032
2024-10-09 15:30:00+00:00,228.2100067138672,228.7100067138672,228.08200073242188,228.7100067138672,3064533
2024-10-09 16:30:00+00:00,228.72000122070312,229.03990173339844,228.5200042724609,228.8600006103516,2317434
2024-10-09 17:30:00+00:00,228.83999633789065,229.6699981689453,228.02999877929688,229.6300048828125,2705052
2024-10-09 18:30:00+00:00,229.6199951171875,229.62989807128903,228.8000030517578,229.0742034912109,3361168
2024-10-09 19:30:00+00:00,229.07000732421875,229.75,229.0599975585937,229.509994506836,3238655
2024-10-10 13:30:00+00:00,227.77999877929688,228.82980346679688,227.1699981689453,228.2554931640625,6391325
2024-10-10 14:30:00+00:00,228.2364044189453,228.39599609375,227.6300048828125,228.2899932861328,3150593
2024-10-10 15:30:00+00:00,228.2899932861328,229.22999572753903,228.13999938964844,228.7100067138672,2234297
2024-10-10 16:30:00+00:00,228.7250061035156,228.73910522460932,228.12030029296875,228.5,1857916
2024-10-10 17:30:00+00:00,228.4900054931641,228.8000030517578,228.0399932861328,228.32000732421875,1786905
2024-10-10 18:30:00+00:00,228.32000732421875,228.94500732421875,228.07000732421875,228.85499572753903,1924289
2024-10-10 19:30:00+00:00,228.85499572753903,229.5,228.80499267578125,229.02999877929688,3089900
2024-10-11 13:30:00+00:00,229.32000732421875,229.41000366210932,227.33999633789065,228.759994506836,6270537
2024-10-11 14:30:00+00:00,228.7400054931641,229.19000244140625,227.7899932861328,227.9750061035156,3392321
2024-10-11 15:30:00+00:00,227.9700927734375,228.1100006103516,227.66000366210932,227.83009338378903,3047535
2024-10-11 16:30:00+00:00,227.8300018310547,227.9850006103516,227.41000366210932,227.83999633789065,2091191
2024-10-11 17:30:00+00:00,227.8249969482422,228.4499969482422,227.5800018310547,228.19500732421875,2354655
2024-10-11 18:30:00+00:00,228.19500732421875,228.97000122070312,228.0599975585937,228.69000244140625,2828890
2024-10-11 19:30:00+00:00,228.688705444336,228.759994506836,227.5,227.5200042724609,3955806
2024-10-14 13:30:00+00:00,228.6999969482422,231.3099975585937,228.6000061035156,230.6849975585937,8542412
2024-10-14 14:30:00+00:00,230.6849975585937,230.8800048828125,229.1499938964844,229.69000244140625,3661063
2024-10-14 15:30:00+00:00,229.67999267578125,230.5292053222656,229.42999267578125,230.2494964599609,2488171
2024-10-14 16:30:00+00:00,230.259994506836,230.6063995361328,230.1999969482422,230.42999267578125,1601087
2024-10-14 17:30:00+00:00,230.41000366210932,230.55029296875,230.0599975585937,230.4600067138672,2240039
2024-10-14 18:30:00+00:00,230.48350524902344,231.44679260253903,230.4499969482422,231.2225952148437,3574497
2024-10-14 19:30:00+00:00,231.22000122070312,231.7277984619141,231.0399932861328,231.3000030517578,4541236
2024-10-15 13:30:00+00:00,233.58999633789065,237.4900054931641,232.3699951171875,235.82000732421875,21113589
2024-10-15 14:30:00+00:00,235.82000732421875,236.1300048828125,234.67010498046875,235.431396484375,8085291
2024-10-15 15:30:00+00:00,235.42999267578125,236.2899932861328,234.5500030517578,234.759994506836,5436418
2024-10-15 16:30:00+00:00,234.75,235.1999969482422,233.8500061035156,234.0200042724609,3242105
2024-10-15 17:30:00+00:00,233.9640045166016,234.47000122070312,233.5,233.94000244140625,3554666
2024-10-15 18:30:00+00:00,233.94000244140625,234.0800018310547,233.0449981689453,233.2400054931641,3377696
2024-10-15 19:30:00+00:00,233.25,234.0699005126953,232.8099975585937,233.8000030517578,5720018
2024-10-16 13:30:00+00:00,231.6199951171875,232.1199951171875,229.8500061035156,230.72970581054688,10626875
2024-10-16 14:30:00+00:00,230.7100067138672,231.13999938964844,230.0500030517578,230.5850067138672,3846997
2024-10-16 15:30:00+00:00,230.5800018310547,230.9598999023437,230.06100463867188,230.33999633789065,3420832
2024-10-16 16:30:00+00:00,230.34500122070312,231.2899932861328,230.32000732421875,230.909896850586,2259958
2024-10-16 17:30:00+00:00,230.909896850586,231.3600006103516,230.5800018310547,231.1100006103516,2251178
2024-10-16 18:30:00+00:00,231.1000061035156,231.6199951171875,230.97999572753903,231.6150054931641,2354257
2024-10-16 19:30:00+00:00,231.6199951171875,231.92999267578125,231.22000122070312,231.75,3021398
2024-10-17 13:30:00+00:00,233.44000244140625,233.8500061035156,230.52999877929688,232.4138946533203,7775579
2024-10-17 14:30:00+00:00,232.41000366210932,232.48989868164065,231.1999969482422,232.259994506836,2860182
2024-10-17 15:30:00+00:00,232.259994506836,232.8040008544922,232.0500030517578,232.25,2263962
2024-10-17 16:30:00+00:00,232.2400054931641,232.52999877929688,232.02999877929688,232.3874053955078,2159812
2024-10-17 17:30:00+00:00,232.3999938964844,232.5800018310547,231.2749938964844,231.5865020751953,2722249
2024-10-17 18:30:00+00:00,231.5800018310547,232.1100006103516,231.3699951171875,231.7550048828125,2566480
2024-10-17 19:30:00+00:00,231.7550048828125,232.3300018310547,231.63999938964844,232.259994506836,3485679
2024-10-18 13:30:00+00:00,235.8800048828125,236.0500030517578,234.0200042724609,234.7700042724609,17238560
2024-10-18 14:30:00+00:00,234.759994506836,235.1499938964844,234.2749938964844,235.0399932861328,4579796
2024-10-18 15:30:00+00:00,235.0399932861328,235.33999633789065,234.75,234.9900054931641,4353306
2024-10-18 16:30:00+00:00,234.9900054931641,235.8500061035156,234.94000244140625,235.2400054931641,2973498
2024-10-18 17:30:00+00:00,235.2400054931641,235.75,235.0415954589844,235.52999877929688,2317890
2024-10-18 18:30:00+00:00,235.5249938964844,235.63999938964844,235.02999877929688,235.3000030517578,2651508
2024-10-18 19:30:00+00:00,235.2899932861328,235.3000030517578,234.8000030517578,234.97999572753903,3233611
2024-10-21 13:30:00+00:00,234.4499969482422,235.9900054931641,234.4499969482422,235.6699981689453,7360513
2024-10-21 14:30:00+00:00,235.6699981689453,236.1000061035156,235.1199951171875,235.4199981689453,5509527
2024-10-21 15:30:00+00:00,235.3999938964844,236.60499572753903,235.28500366210932,236.27999877929688,3915718
2024-10-21 16:30:00+00:00,236.3000030517578,236.6150054931641,236.113998413086,236.3701019287109,2531558
2024-10-21 17:30:00+00:00,236.3800048828125,236.8500061035156,236.1999969482422,236.2250061035156,2198486
2024-10-21 18:30:00+00:00,236.22999572753903,236.2700042724609,235.88999938964844,236.134994506836,2196498
2024-10-21 19:30:00+00:00,236.134994506836,236.5800018310547,235.82749938964844,236.5800018310547,3275560
2024-10-22 13:30:00+00:00,233.8300018310547,234.1999969482422,232.6100006103516,233.91000366210932,10307807
2024-10-22 14:30:00+00:00,233.90499877929688,234.4499969482422,233.47000122070312,234.3995056152344,3560805
2024-10-22 15:30:00+00:00,234.40069580078125,234.909896850586,234.1300048828125,234.1699981689453,2234313
2024-10-22 16:30:00+00:00,234.19000244140625,235.0800018310547,234.1499938964844,234.8500061035156,3239691
2024-10-22 17:30:00+00:00,234.8500061035156,236.0050048828125,234.84500122070312,235.31320190429688,3270200
2024-10-22 18:30:00+00:00,235.3300018310547,235.7400054931641,235.17999267578125,235.6999969482422,1919543
2024-10-22 19:30:00+00:00,235.6999969482422,236.19000244140625,235.6999969482422,235.8600006103516,3335830
2024-10-23 13:30:00+00:00,234.32000732421875,235.1439971923828,233.8099975585937,234.72000122070312,6240289
2024-10-23 14:30:00+00:00,234.72000122070312,235.11990356445312,233.3249969482422,233.5,3486087
2024-10-23 15:30:00+00:00,233.4900054931641,233.7362060546875,229.63999938964844,229.69000244140625,12888223
2024-10-23 16:30:00+00:00,229.6699981689453,230.25,228.92999267578125,230.05499267578125,6554954
2024-10-23 17:30:00+00:00,230.0200042724609,230.07000732421875,227.759994506836,228.6199951171875,4848232
2024-10-23 18:30:00+00:00,228.6000061035156,229.80990600585932,228.509994506836,229.6750030517578,3897807
2024-10-23 19:30:00+00:00,229.6999969482422,230.8600006103516,229.6100006103516,230.75,4272929
2024-10-24 13:30:00+00:00,229.91700744628903,230.3999938964844,228.41000366210932,229.8099975585937,7720502
2024-10-24 14:30:00+00:00,229.8500061035156,230.3800048828125,229.22999572753903,229.82000732421875,3120118
2024-10-24 15:30:00+00:00,229.82000732421875,230.0399932861328,228.6699981689453,229.51939392089844,3095463
2024-10-24 16:30:00+00:00,229.5200042724609,230.82000732421875,229.5200042724609,230.2700042724609,2497557
2024-10-24 17:30:00+00:00,230.27999877929688,230.5399932861328,230.0399932861328,230.4600067138672,1809617
2024-10-24 18:30:00+00:00,230.42999267578125,230.8099975585937,230.1199951171875,230.52999877929688,1900378
2024-10-24 19:30:00+00:00,230.5399932861328,230.8000030517578,230.22000122070312,230.57000732421875,2953907
2024-10-25 13:30:00+00:00,229.7400054931641,232.42990112304688,229.57000732421875,232.1300048828125,8235944
2024-10-25 14:30:00+00:00,232.1199951171875,233.1999969482422,232.1199951171875,232.22999572753903,4138746
2024-10-25 15:30:00+00:00,232.22999572753903,232.73199462890625,231.759994506836,232.7100067138672,3211126
2024-10-25 16:30:00+00:00,232.7350006103516,232.94000244140625,231.52999877929688,231.8574981689453,2367087
2024-10-25 17:30:00+00:00,231.8300018310547,231.97149658203125,231.07000732421875,231.83999633789065,2818009
2024-10-25 18:30:00+00:00,231.84689331054688,232.1999969482422,231.3699951171875,231.6199951171875,2642893
2024-10-25 19:30:00+00:00,231.6499938964844,231.8000030517578,231.1100006103516,231.3999938964844,3572932
2024-10-28 13:30:00+00:00,233.31500244140625,234.5500030517578,232.5500030517578,233.6345977783203,7460256
2024-10-28 14:30:00+00:00,233.6199951171875,234.3300018310547,233.22000122070312,233.5500030517578,3740019
2024-10-28 15:30:00+00:00,233.5500030517578,234.31500244140625,233.1499938964844,234.3101043701172,2911796
2024-10-28 16:30:00+00:00,234.3099975585937,234.72999572753903,233.9326019287109,234.42999267578125,2874054
2024-10-28 17:30:00+00:00,234.4250030517578,234.6450042724609,233.91000366210932,233.9149932861328,1760124
2024-10-28 18:30:00+00:00,233.91000366210932,234.1100006103516,233.57000732421875,233.97000122070312,2014045
2024-10-28 19:30:00+00:00,233.9600067138672,233.98129272460932,233.1100006103516,233.4900054931641,4008212
2024-10-29 13:30:00+00:00,233.19500732421875,234.05499267578125,232.32000732421875,233.0599975585937,6668061
2024-10-29 14:30:00+00:00,233.0500030517578,233.69000244140625,233.0399932861328,233.2700042724609,3007074
2024-10-29 15:30:00+00:00,233.259994506836,233.58999633789065,233.0200958251953,233.1000061035156,2252024
2024-10-29 16:30:00+00:00,233.10499572753903,234.2100067138672,233.0200042724609,233.88999938964844,2623926
2024-10-29 17:30:00+00:00,233.9199981689453,234.13999938964844,233.759994506836,233.97000122070312,1696611
2024-10-29 18:30:00+00:00,233.9850006103516,234.2198944091797,233.8800048828125,234.1999969482422,3638890
2024-10-29 19:30:00+00:00,234.2050018310547,234.32000732421875,233.5399932861328,233.75,3460514
2024-10-30 13:30:00+00:00,232.6199951171875,233.2299041748047,231.69000244140625,231.8600006103516,8472341
2024-10-30 14:30:00+00:00,231.8668975830078,231.9499969482422,230.5050048828125,231.55499267578125,5454960
2024-10-30 15:30:00+00:00,231.5599975585937,231.6649932861328,231.0599975585937,231.1999053955078,3239280
2024-10-30 16:30:00+00:00,231.1999969482422,231.38999938964844,230.22999572753903,230.24110412597656,2657234
2024-10-30 17:30:00+00:00,230.2449951171875,231.0,229.8704071044922,230.6499938964844,3567357
2024-10-30 18:30:00+00:00,230.6201019287109,230.94000244140625,230.1699981689453,230.72999572753903,2963500
2024-10-30 19:30:00+00:00,230.72999572753903,230.83999633789065,229.5599975585937,230.13999938964844,6851304
2024-10-31 13:30:00+00:00,229.22999572753903,229.8300018310547,227.8099975585937,228.44500732421875,9145169
2024-10-31 14:30:00+00:00,228.4499969482422,228.72999572753903,226.8800048828125,227.31500244140625,5587159
2024-10-31 15:30:00+00:00,227.3099975585937,227.4850006103516,226.41000366210932,227.25,3752999
2024-10-31 16:30:00+00:00,227.27999877929688,228.1768035888672,227.2001953125,227.860107421875,3450859
2024-10-31 17:30:00+00:00,227.8600006103516,227.9662933349609,226.8249969482422,227.08999633789065,3797245
2024-10-31 18:30:00+00:00,227.09500122070312,227.77999877929688,226.69500732421875,227.3300018310547,5061193
2024-10-31 19:30:00+00:00,227.3300018310547,227.77999877929688,225.38999938964844,225.38999938964844,7068003
2024-11-01 13:30:00+00:00,220.97000122070312,225.33999633789065,220.27999877929688,224.07000732421875,20933780
2024-11-01 14:30:00+00:00,224.08999633789065,224.2140045166016,221.6000061035156,223.2104949951172,10239831
2024-11-01 15:30:00+00:00,223.22000122070312,223.25,221.7700042724609,222.16000366210932,6402020
2024-11-01 16:30:00+00:00,222.13999938964844,223.39990234375,222.0500030517578,223.33999633789065,3824883
2024-11-01 17:30:00+00:00,223.34019470214844,223.3600006103516,222.07000732421875,222.2449951171875,3414057
2024-11-01 18:30:00+00:00,222.2400054931641,223.0998992919922,222.13999938964844,222.3300018310547,4035303
2024-11-01 19:30:00+00:00,222.33999633789065,223.25,222.2700042724609,222.8500061035156,5287827
2024-11-04 14:30:00+00:00,221.01199340820312,222.5399932861328,219.7100067138672,221.73150634765625,9635855
2024-11-04 15:30:00+00:00,221.75,222.26499938964844,221.13009643554688,221.4801025390625,4458145
2024-11-04 16:30:00+00:00,221.48080444335932,221.57000732421875,220.41000366210932,221.11509704589844,4999217
2024-11-04 17:30:00+00:00,221.1150054931641,222.6199951171875,221.0200958251953,222.0204925537109,2890130
2024-11-04 18:30:00+00:00,222.0200042724609,222.6190948486328,221.9600982666016,222.259994506836,2412789
2024-11-04 19:30:00+00:00,222.25,222.7899932861328,222.1999969482422,222.47999572753903,2504276
2024-11-04 20:30:00+00:00,222.5,222.5599975585937,221.5200042724609,222.1199951171875,4039677
2024-11-05 14:30:00+00:00,221.7949981689453,223.94500732421875,221.7949981689453,223.3191070556641,6371475
2024-11-05 15:30:00+00:00,223.32000732421875,223.47999572753903,221.9349975585937,222.6699981689453,4046507
2024-11-05 16:30:00+00:00,222.67999267578125,223.75,222.67999267578125,223.3800048828125,2163887
2024-11-05 17:30:00+00:00,223.3999938964844,223.77999877929688,222.6199951171875,222.6199951171875,2147843
2024-11-05 18:30:00+00:00,222.6300048828125,223.4499969482422,222.40020751953125,223.33009338378903,2141597
2024-11-05 19:30:00+00:00,223.33999633789065,223.4470977783203,222.8099975585937,223.25,1939508
2024-11-05 20:30:00+00:00,223.25,223.52999877929688,222.7100067138672,223.4499969482422,3341639
2024-11-06 14:30:00+00:00,221.21499633789065,225.88999938964844,221.19000244140625,225.6513061523437,15626726
2024-11-06 15:30:00+00:00,225.66000366210932,226.06500244140625,223.69500732421875,224.8000030517578,5934080
2024-11-06 16:30:00+00:00,224.80239868164065,225.17999267578125,223.96499633789065,224.259994506836,4364147
2024-11-06 17:30:00+00:00,224.2700042724609,224.6000061035156,223.9900054931641,224.1876983642578,3127772
2024-11-06 18:30:00+00:00,224.1849975585937,224.3300018310547,223.7449951171875,223.8500061035156,3301101
2024-11-06 19:30:00+00:00,223.8600006103516,224.2250061035156,223.259994506836,223.62550354003903,4460263
2024-11-06 20:30:00+00:00,223.66000366210932,223.8800048828125,222.5,222.6999969482422,5070195
2024-11-07 14:30:00+00:00,224.625,226.5500030517578,224.57000732421875,225.7335968017578,10347470
2024-11-07 15:30:00+00:00,225.75,226.4199981689453,225.3500061035156,226.30499267578125,3199921
2024-11-07 16:30:00+00:00,226.3000030517578,227.4199981689453,226.1699981689453,227.21499633789065,3447650
2024-11-07 17:30:00+00:00,227.2100067138672,227.4900054931641,226.7700042724609,227.10330200195312,2598523
2024-11-07 18:30:00+00:00,227.1000061035156,227.3800048828125,226.7449951171875,227.1000061035156,2170877
2024-11-07 19:30:00+00:00,227.1100006103516,227.759994506836,226.85499572753903,227.52999877929688,3884098
2024-11-07 20:30:00+00:00,227.53500366210932,227.8699951171875,226.75,227.69000244140625,5268867
2024-11-08 14:30:00+00:00,227.13999938964844,228.66000366210932,227.13999938964844,227.4947052001953,7142789
2024-11-08 15:30:00+00:00,227.47999572753903,227.5599975585937,226.4084014892578,226.68809509277344,3790404
2024-11-08 16:30:00+00:00,226.6849975585937,227.5800018310547,226.6849975585937,226.8800048828125,2696407
2024-11-08 17:30:00+00:00,226.8699951171875,227.4564971923828,226.7899932861328,226.9949951171875,2566711
2024-11-08 18:30:00+00:00,227.0,227.6100006103516,226.97000122070312,227.53990173339844,4000748
2024-11-08 19:30:00+00:00,227.52999877929688,227.72000122070312,227.259994506836,227.47999572753903,2313467
2024-11-08 20:30:00+00:00,227.4499969482422,227.4850006103516,226.72000122070312,227.16000366210932,6567817
2024-11-11 14:30:00+00:00,225.05499267578125,225.6999969482422,222.7700042724609,222.80499267578125,11229917
2024-11-11 15:30:00+00:00,222.8099975585937,223.72000122070312,222.7200927734375,222.78500366210932,5006514
2024-11-11 16:30:00+00:00,222.72999572753903,223.1387939453125,222.009994506836,222.19500732421875,4559831
2024-11-11 17:30:00+00:00,222.19000244140625,222.4600067138672,221.5,222.4600067138672,3705260
2024-11-11 18:30:00+00:00,222.4499053955078,223.1000061035156,222.3600006103516,223.0599975585937,2795549
2024-11-11 19:30:00+00:00,223.0599975585937,223.7400054931641,222.97000122070312,223.634994506836,2570966
2024-11-11 20:30:00+00:00,223.63999938964844,224.3500061035156,223.4600067138672,224.25,3924037
2024-11-12 14:30:00+00:00,224.6300048828125,225.0399932861328,223.5749969482422,224.1699981689453,6615053
2024-11-12 15:30:00+00:00,224.2050018310547,225.5500030517578,224.17999267578125,225.1300048828125,4556722
2024-11-12 16:30:00+00:00,225.0200042724609,225.47000122070312,223.884994506836,223.9199981689453,4198273
2024-11-12 17:30:00+00:00,223.9199981689453,224.47000122070312,223.35499572753903,224.47000122070312,2814384
2024-11-12 18:30:00+00:00,224.4499969482422,224.7599029541016,224.13999938964844,224.61990356445312,2559013
2024-11-12 19:30:00+00:00,224.6300048828125,224.82000732421875,224.44039916992188,224.6000061035156,2217197
2024-11-12 20:30:00+00:00,224.58999633789065,224.8000030517578,223.94039916992188,224.2400054931641,5475872
2024-11-13 14:30:00+00:00,223.9499969482422,225.2098999023437,222.759994506836,223.2100067138672,10063606
2024-11-13 15:30:00+00:00,223.2400054931641,224.47000122070312,223.2250061035156,224.3950042724609,3879118
2024-11-13 16:30:00+00:00,224.46490478515625,225.5500030517578,223.7749938964844,225.0200042724609,3325662
2024-11-13 17:30:00+00:00,225.0249938964844,226.6499938964844,224.94000244140625,226.36380004882807,3682752
2024-11-13 18:30:00+00:00,226.3600006103516,226.42999267578125,225.75289916992188,225.9199066162109,3034597
2024-11-13 19:30:00+00:00,225.91000366210932,225.9913024902344,225.1186065673828,225.3701934814453,2989568
2024-11-13 20:30:00+00:00,225.3800048828125,225.9199981689453,224.47000122070312,225.07000732421875,5085654
2024-11-14 14:30:00+00:00,225.07000732421875,226.6000061035156,225.0500030517578,226.57000732421875,8366080
2024-11-14 15:30:00+00:00,226.56500244140625,227.0599975585937,226.33999633789065,226.4199981689453,4306234
2024-11-14 16:30:00+00:00,226.5800018310547,227.0800018310547,226.509994506836,227.0,2369653
2024-11-14 17:30:00+00:00,227.009994506836,228.63999938964844,226.7700042724609,228.4727935791016,4327298
2024-11-14 18:30:00+00:00,228.4700927734375,228.8699951171875,227.8300018310547,228.52749633789065,3310597
2024-11-14 19:30:00+00:00,228.509994506836,228.7100067138672,226.9900054931641,227.03500366210932,5226141
2024-11-14 20:30:00+00:00,227.03500366210932,228.3800048828125,227.03500366210932,228.19000244140625,4276782
2024-11-15 14:30:00+00:00,225.9199981689453,226.9199981689453,224.44000244140625,224.6300048828125,12149935
2024-11-15 15:30:00+00:00,224.6300048828125,225.2400054931641,224.4600067138672,225.2350006103516,3739705
2024-11-15 16:30:00+00:00,225.2310028076172,225.47999572753903,224.6699981689453,224.87240600585932,3065408
2024-11-15 17:30:00+00:00,224.8699951171875,224.9499969482422,224.2700042724609,224.7350006103516,4906231
2024-11-15 18:30:00+00:00,224.6999969482422,224.9600067138672,224.3300018310547,224.39990234375,2438130
2024-11-15 19:30:00+00:00,224.3999938964844,225.3099975585937,224.3000030517578,224.8099975585937,3159811
2024-11-15 20:30:00+00:00,224.8099975585937,225.2400054931641,224.5699005126953,224.9199981689453,4237936
2024-11-18 14:30:00+00:00,225.1999969482422,228.22000122070312,225.17999267578125,228.1000061035156,8356829
2024-11-18 15:30:00+00:00,228.1000061035156,229.2100067138672,228.1000061035156,229.0599975585937,4333949
2024-11-18 16:30:00+00:00,229.06509399414065,229.16000366210932,228.3600006103516,228.75,2932115
2024-11-18 17:30:00+00:00,228.7449951171875,229.7400054931641,228.634994506836,228.9671936035156,3233690
2024-11-18 18:30:00+00:00,228.9600067138672,229.4980010986328,228.67999267578125,228.81500244140625,2504537
2024-11-18 19:30:00+00:00,228.82000732421875,229.080307006836,228.03370666503903,228.0599975585937,3403227
2024-11-18 20:30:00+00:00,228.0500030517578,228.2400054931641,227.32000732421875,227.9900054931641,3614507
2024-11-19 14:30:00+00:00,226.7949981689453,228.8650054931641,226.66000366210932,228.8500061035156,6182588
2024-11-19 15:30:00+00:00,228.83999633789065,229.6100006103516,228.67999267578125,229.3099975585937,2959806
2024-11-19 16:30:00+00:00,229.3350067138672,229.8600006103516,229.19000244140625,229.85499572753903,3852606
2024-11-19 17:30:00+00:00,229.85499572753903,230.16000366210932,229.25,229.5800018310547,3426819
2024-11-19 18:30:00+00:00,229.5345001220703,229.9900054931641,229.35499572753903,229.38999938964844,2240828
2024-11-19 19:30:00+00:00,229.38999938964844,229.4900054931641,228.3500061035156,228.44000244140625,2882576
2024-11-19 20:30:00+00:00,228.42999267578125,228.72000122070312,227.72000122070312,228.33999633789065,3951414
2024-11-20 14:30:00+00:00,229.42999267578125,229.92999267578125,226.4199981689453,226.51499938964844,7607256
2024-11-20 15:30:00+00:00,226.5249938964844,227.1999969482422,226.1000061035156,226.17999267578125,3003827
2024-11-20 16:30:00+00:00,226.19000244140625,227.6999969482422,225.88999938964844,226.85009765625,2793314
2024-11-20 17:30:00+00:00,226.8500061035156,227.3699951171875,226.3800048828125,226.81329345703125,2118040
2024-11-20 18:30:00+00:00,226.7899932861328,227.009994506836,226.3950042724609,226.8099975585937,1602064
2024-11-20 19:30:00+00:00,226.8099975585937,228.0,226.6999969482422,227.9748992919922,2315522
2024-11-20 20:30:00+00:00,227.97000122070312,229.0,227.97000122070312,229.0,4127268
2024-11-21 14:30:00+00:00,228.7899932861328,229.9199981689453,225.71029663085932,225.9499969482422,9619943
2024-11-21 15:30:00+00:00,225.94000244140625,228.9199981689453,225.8300018310547,228.7700042724609,4765620
2024-11-21 16:30:00+00:00,228.75,229.4698944091797,228.4900054931641,229.2899932861328,3469645
2024-11-21 17:30:00+00:00,229.3099975585937,230.1499938964844,229.2700042724609,229.83999633789065,3200750
2024-11-21 18:30:00+00:00,229.8500061035156,229.93370056152344,229.22000122070312,229.3600006103516,2913322
2024-11-21 19:30:00+00:00,229.3800048828125,229.5800018310547,228.9900054931641,229.2700042724609,2610348
2024-11-21 20:30:00+00:00,229.2700042724609,229.2899932861328,228.2700042724609,228.509994506836,4482648
2024-11-22 14:30:00+00:00,228.0599975585937,230.1300048828125,228.0599975585937,229.27999877929688,6571537
2024-11-22 15:30:00+00:00,229.27999877929688,229.92999267578125,228.8300018310547,229.47999572753903,4454609
2024-11-22 16:30:00+00:00,229.48989868164065,230.1199951171875,228.97000122070312,229.9850006103516,3272578
2024-11-22 17:30:00+00:00,229.9850006103516,230.7198944091797,229.6750030517578,230.17999267578125,3201749
2024-11-22 18:30:00+00:00,230.1649932861328,230.38999938964844,229.3300018310547,229.44000244140625,2939345
2024-11-22 19:30:00+00:00,229.44500732421875,229.63999938964844,228.92999267578125,229.375,2765287
2024-11-22 20:30:00+00:00,229.3699951171875,230.1499938964844,229.3099975585937,229.759994506836,4345539
2024-11-25 14:30:00+00:00,231.4600067138672,233.2449951171875,231.4199981689453,232.0,9845726
2024-11-25 15:30:00+00:00,231.97999572753903,232.80099487304688,231.70030212402344,231.7100067138672,3799907
2024-11-25 16:30:00+00:00,231.7050018310547,231.8500061035156,229.9600067138672,230.2068023681641,3682262
2024-11-25 17:30:00+00:00,230.1999969482422,230.5800018310547,229.7400054931641,230.4149932861328,2947971
2024-11-25 18:30:00+00:00,230.4250030517578,230.7400054931641,230.1999969482422,230.6849975585937,2057791
2024-11-25 19:30:00+00:00,230.6649932861328,230.8500061035156,230.09500122070312,230.5200042724609,2752031
2024-11-25 20:30:00+00:00,230.5012969970703,233.1699981689453,229.84500122070312,232.8800048828125,11344808
2024-11-26 14:30:00+00:00,233.4750061035156,235.4349975585937,233.4750061035156,234.3600006103516,12979632
2024-11-26 15:30:00+00:00,234.3600006103516,235.57000732421875,234.2100067138672,235.0399932861328,4972245
2024-11-26 16:30:00+00:00,235.0399932861328,235.10470581054688,234.2700042724609,234.47999572753903,2980746
2024-11-26 17:30:00+00:00,234.47999572753903,235.17999267578125,234.3500061035156,234.509994506836,3515885
2024-11-26 18:30:00+00:00,234.509994506836,235.1000061035156,234.44500732421875,234.92999267578125,2752588
2024-11-26 19:30:00+00:00,234.9250030517578,235.25,234.72999572753903,234.8099975585937,3000602
2024-11-26 20:30:00+00:00,234.8099975585937,235.27999877929688,234.5800018310547,235.0800018310547,5458831
2024-11-27 14:30:00+00:00,234.46499633789065,235.67999267578125,233.8101043701172,235.16000366210932,7058124
2024-11-27 15:30:00+00:00,235.16000366210932,235.69000244140625,234.15460205078125,234.6699981689453,3805611
2024-11-27 16:30:00+00:00,234.6201019287109,234.88999938964844,233.97999572753903,234.57000732421875,2845831
2024-11-27 17:30:00+00:00,234.5599975585937,235.0,234.40939331054688,234.7801055908203,2325512
2024-11-27 18:30:00+00:00,234.77999877929688,235.13710021972656,234.7100067138672,234.97999572753903,1683157
2024-11-27 19:30:00+00:00,234.97999572753903,235.25,234.7350006103516,234.84500122070312,2045715
2024-11-27 20:30:00+00:00,234.83999633789065,235.08999633789065,234.5850067138672,234.9900054931641,2919382
2024-11-29 14:30:00+00:00,234.83999633789065,235.88999938964844,233.97000122070312,235.34500122070312,5532507
2024-11-29 15:30:00+00:00,235.3500061035156,236.5998992919922,235.33999633789065,236.3999938964844,3997632
2024-11-29 16:30:00+00:00,236.3800048828125,237.1499938964844,236.2899932861328,236.3699951171875,3843062
2024-12-02 14:30:00+00:00,237.2700042724609,240.27999877929688,237.16000366210932,240.2700042724609,11143242
2024-12-02 15:30:00+00:00,240.2700042724609,240.7899932861328,239.44000244140625,239.8300018310547,5965321
2024-12-02 16:30:00+00:00,239.8271942138672,240.1999969482422,239.3600006103516,239.8300018310547,2850375
2024-12-02 17:30:00+00:00,239.83999633789065,240.0,239.2400054931641,239.44000244140625,3599025
2024-12-02 18:30:00+00:00,239.4199981689453,239.509994506836,239.02999877929688,239.3300018310547,2372094
2024-12-02 19:30:00+00:00,239.3300018310547,239.83999633789065,239.25010681152344,239.7899932861328,2497573
2024-12-02 20:30:00+00:00,239.7899932861328,239.94000244140625,239.0500030517578,239.6000061035156,3858894
2024-12-03 14:30:00+00:00,239.9199981689453,241.36990356445312,238.9002990722656,240.47000122070312,8548308
2024-12-03 15:30:00+00:00,240.4750061035156,241.33999633789065,240.4499969482422,241.3300018310547,3962336
2024-12-03 16:30:00+00:00,241.3300018310547,241.634994506836,240.98199462890625,241.26499938964844,3152692
2024-12-03 17:30:00+00:00,241.26499938964844,241.6999053955078,241.1450042724609,241.4199981689453,2157544
2024-12-03 18:30:00+00:00,241.4199981689453,242.1699981689453,241.34500122070312,242.1499938964844,3311661
2024-12-03 19:30:00+00:00,242.15499877929688,242.4600067138672,241.8500061035156,242.0532073974609,3274479
2024-12-03 20:30:00+00:00,242.0599975585937,242.7550048828125,242.0599975585937,242.6300048828125,3704333
2024-12-04 14:30:00+00:00,242.8800048828125,244.10499572753903,242.509994506836,243.4499969482422,8409865
2024-12-04 15:30:00+00:00,243.44000244140625,243.82000732421875,242.8500061035156,242.90499877929688,3476264
2024-12-04 16:30:00+00:00,242.90499877929688,242.909896850586,241.25,242.03990173339844,7183414
2024-12-04 17:30:00+00:00,242.0399932861328,242.509994506836,241.63999938964844,242.2586975097656,2189900
2024-12-04 18:30:00+00:00,242.2400054931641,243.1764068603516,241.92999267578125,243.07000732421875,3055452
2024-12-04 19:30:00+00:00,243.0599975585937,243.125,242.77999877929688,242.9850006103516,2751650
2024-12-04 20:30:00+00:00,242.9850006103516,243.5399932861328,242.8260955810547,243.0200042724609,3738537
2024-12-05 14:30:00+00:00,244.0500030517578,244.5399932861328,242.7127990722656,242.92999267578125,8289397
2024-12-05 15:30:00+00:00,242.92999267578125,243.0800018310547,242.22999572753903,242.5500030517578,3597584
2024-12-05 16:30:00+00:00,242.5449981689453,243.409896850586,242.3099975585937,243.3600006103516,4262442
2024-12-05 17:30:00+00:00,243.3583068847656,243.3699951171875,242.6100006103516,242.884994506836,2973235
2024-12-05 18:30:00+00:00,242.88999938964844,243.69000244140625,242.83999633789065,243.27999877929688,2513592
2024-12-05 19:30:00+00:00,243.28500366210932,243.3600006103516,242.7449951171875,242.9058074951172,3069471
2024-12-05 20:30:00+00:00,242.90499877929688,243.0800018310547,242.1300048828125,243.0800018310547,4497338
2024-12-06 14:30:00+00:00,242.8699951171875,244.6300048828125,242.0800018310547,243.44000244140625,7897447
2024-12-06 15:30:00+00:00,243.4499969482422,244.1000061035156,243.2749938964844,243.58200073242188,3073497
2024-12-06 16:30:00+00:00,243.5800018310547,243.83999633789065,243.2100067138672,243.6000061035156,2643208
2024-12-06 17:30:00+00:00,243.58999633789065,243.6150054931641,242.94000244140625,243.2640991210937,2315920
2024-12-06 18:30:00+00:00,243.259994506836,243.63999938964844,243.0399932861328,243.16270446777344,2434412
2024-12-06 19:30:00+00:00,243.16000366210932,243.3999938964844,242.8701019287109,243.0500030517578,3531491
2024-12-06 20:30:00+00:00,243.0500030517578,243.1499938964844,242.1999969482422,242.8600006103516,4585536
2024-12-09 14:30:00+00:00,241.8300018310547,244.72000122070312,241.759994506836,244.509994506836,6763286
2024-12-09 15:30:00+00:00,244.47999572753903,247.23880004882807,244.4199981689453,246.47000122070312,7885176
2024-12-09 16:30:00+00:00,246.4850006103516,247.2400054931641,246.3099975585937,246.7902984619141,3738978
2024-12-09 17:30:00+00:00,246.8249969482422,247.01510620117188,245.7100067138672,246.9053955078125,3215218
2024-12-09 18:30:00+00:00,246.88999938964844,246.88999938964844,246.0599975585937,246.09500122070312,2110393
2024-12-09 19:30:00+00:00,246.09500122070312,246.77999877929688,245.8999938964844,246.759994506836,2636199
2024-12-09 20:30:00+00:00,246.77999877929688,247.08999633789065,246.1100006103516,246.8099975585937,5245539
2024-12-10 14:30:00+00:00,246.9499969482422,247.7870941162109,245.8099975585937,246.72999572753903,7969297
2024-12-10 15:30:00+00:00,246.7350006103516,246.9199981689453,245.3419952392578,245.6699981689453,3845062
2024-12-10 16:30:00+00:00,245.6699981689453,247.17999267578125,245.6100006103516,247.07000732421875,2669027
2024-12-10 17:30:00+00:00,247.0599975585937,247.4783935546875,246.72000122070312,247.40660095214844,2160359
2024-12-10 18:30:00+00:00,247.40499877929688,247.8000030517578,247.3500061035156,247.42999267578125,2326302
2024-12-10 19:30:00+00:00,247.42999267578125,248.2100067138672,247.41000366210932,247.72000122070312,4138454
2024-12-10 20:30:00+00:00,247.7250061035156,248.07000732421875,247.3699951171875,247.8000030517578,3607802
2024-12-11 14:30:00+00:00,247.94500732421875,249.9900054931641,247.6499938964844,249.42999267578125,8367368
2024-12-11 15:30:00+00:00,249.42999267578125,250.8000030517578,249.3950042724609,250.44000244140625,6584107
2024-12-11 16:30:00+00:00,250.4199981689453,250.4199981689453,249.33999633789065,249.681396484375,2792683
2024-12-11 17:30:00+00:00,249.67999267578125,249.77999877929688,248.97000122070312,249.1000061035156,2034409
2024-12-11 18:30:00+00:00,249.08999633789065,249.1649932861328,248.0863037109375,248.27999877929688,2859618
2024-12-11 19:30:00+00:00,248.2801055908203,248.44000244140625,247.0500030517578,247.1499938964844,3703277
2024-12-11 20:30:00+00:00,247.13999938964844,247.16000366210932,246.26010131835932,246.42999267578125,5247010
2024-12-12 14:30:00+00:00,246.94500732421875,248.1199951171875,245.67999267578125,247.9900054931641,7733107
2024-12-12 15:30:00+00:00,247.9900054931641,248.5995941162109,247.66000366210932,248.4709930419922,4798038
2024-12-12 16:30:00+00:00,248.47999572753903,248.5498962402344,247.9900054931641,248.09280395507807,2067122
2024-12-12 17:30:00+00:00,248.08999633789065,248.7400054931641,247.63999938964844,248.52999877929688,2027236
2024-12-12 18:30:00+00:00,248.5200042724609,248.7400054931641,248.0,248.0200042724609,1974147
2024-12-12 19:30:00+00:00,248.01499938964844,248.2100067138672,247.4499969482422,247.75,1927714
2024-12-12 20:30:00+00:00,247.759994506836,248.1999969482422,247.7400054931641,247.9499969482422,2674221
2024-12-13 14:30:00+00:00,247.8800048828125,249.2902069091797,247.3500061035156,247.5500030517578,6597729
2024-12-13 15:30:00+00:00,247.5800018310547,247.9499969482422,246.5,246.625,3698292
2024-12-13 16:30:00+00:00,246.6199951171875,247.02999877929688,246.2400054931641,246.4600067138672,2717185
2024-12-13 17:30:00+00:00,246.47000122070312,247.259994506836,246.33999633789065,247.19000244140625,2429085
2024-12-13 18:30:00+00:00,247.1750030517578,248.01499938964844,247.1600952148437,247.91000366210932,2136050
2024-12-13 19:30:00+00:00,247.90499877929688,248.1000061035156,247.63999938964844,248.0200042724609,2472418
2024-12-13 20:30:00+00:00,248.0200042724609,248.2987060546875,247.88999938964844,248.1300048828125,2520361
2024-12-16 14:30:00+00:00,248.0,250.0,247.6499938964844,249.0599975585937,7886880
2024-12-16 15:30:00+00:00,249.02999877929688,249.9600067138672,248.82000732421875,249.6699981689453,3291322
2024-12-16 16:30:00+00:00,249.7100067138672,250.3000030517578,249.53500366210932,250.0599975585937,3966563
2024-12-16 17:30:00+00:00,250.0599975585937,251.37890625,250.05259704589844,251.1100006103516,3741887
2024-12-16 18:30:00+00:00,251.08999633789065,251.2471923828125,250.5800018310547,250.8000946044922,2929661
2024-12-16 19:30:00+00:00,250.8099975585937,251.0001983642578,250.2100067138672,250.69500732421875,3296914
2024-12-16 20:30:00+00:00,250.6999969482422,251.1000061035156,249.9499969482422,251.0399932861328,3755928
2024-12-17 14:30:00+00:00,250.134994506836,252.97999572753903,249.7899932861328,252.2700042724609,8272806
2024-12-17 15:30:00+00:00,252.2550048828125,253.3500061035156,251.7700042724609,252.5500030517578,4415074
2024-12-17 16:30:00+00:00,252.52999877929688,253.3000030517578,252.47999572753903,253.2250061035156,3694338
2024-12-17 17:30:00+00:00,253.25,253.2899932861328,252.69009399414065,253.1300048828125,2789948
2024-12-17 18:30:00+00:00,253.13999938964844,253.634994506836,252.92999267578125,253.1999969482422,3028678
2024-12-17 19:30:00+00:00,253.1999969482422,253.38999938964844,252.75,252.8800048828125,3197831
2024-12-17 20:30:00+00:00,252.8800048828125,253.8099975585937,252.6499938964844,253.47999572753903,6517824
2024-12-18 14:30:00+00:00,252.22000122070312,253.3999938964844,251.3300018310547,253.07000732421875,7178746
2024-12-18 15:30:00+00:00,253.07000732421875,253.7998962402344,252.8500061035156,253.32000732421875,4534838
2024-12-18 16:30:00+00:00,253.32359313964844,254.0399932861328,253.1750030517578,253.634994506836,3385526
2024-12-18 17:30:00+00:00,253.6300048828125,254.009994506836,253.47000122070312,253.7100982666016,2498618
2024-12-18 18:30:00+00:00,253.6999969482422,254.27999877929688,251.5399932861328,252.4499969482422,4517172
2024-12-18 19:30:00+00:00,252.44900512695312,252.97999572753903,249.5,249.8999938964844,8004435
2024-12-18 20:30:00+00:00,249.9199981689453,250.39920043945312,247.75,247.8600006103516,8666490
2024-12-19 14:30:00+00:00,247.4600067138672,251.0200042724609,247.09500122070312,249.88999938964844,13163580
2024-12-19 15:30:00+00:00,249.88999938964844,251.3876037597656,249.3699951171875,251.0399932861328,6029993
2024-12-19 16:30:00+00:00,251.0399932861328,251.8500061035156,250.53500366210932,250.5800018310547,4327867
2024-12-19 17:30:00+00:00,250.58999633789065,250.94000244140625,249.72000122070312,250.8300018310547,3212228
2024-12-19 18:30:00+00:00,250.81500244140625,251.4499969482422,250.2902069091797,250.5200042724609,2255973
2024-12-19 19:30:00+00:00,250.509994506836,250.5200042724609,249.52999877929688,250.3249969482422,2871418
2024-12-19 20:30:00+00:00,250.3300018310547,250.5500030517578,249.4093017578125,249.8500061035156,4256393
2024-12-20 14:30:00+00:00,248.1199951171875,249.6240997314453,246.3000030517578,249.59500122070312,21606592
2024-12-20 15:30:00+00:00,249.58999633789065,252.0,249.3999938964844,251.9900054931641,5534153
2024-12-20 16:30:00+00:00,251.97999572753903,253.92999267578125,251.88999938964844,253.7350006103516,6609817
2024-12-20 17:30:00+00:00,253.7350006103516,253.7700042724609,252.77200317382807,252.8699951171875,3597562
2024-12-20 18:30:00+00:00,252.91000366210932,253.6499938964844,252.67999267578125,253.62030029296875,3481696
2024-12-20 19:30:00+00:00,253.6300048828125,254.19000244140625,253.3000030517578,253.4900054931641,5096339
2024-12-20 20:30:00+00:00,253.5,255.0,252.7899932861328,254.58999633789065,8461430
2024-12-23 14:30:00+00:00,254.7700042724609,255.6450042724609,253.4499969482422,254.07000732421875,8639208
2024-12-23 15:30:00+00:00,254.0500030517578,255.07000732421875,253.4600067138672,254.8300018310547,3133440
2024-12-23 16:30:00+00:00,254.839096069336,255.22999572753903,254.3699951171875,254.42999267578125,2397338
2024-12-23 17:30:00+00:00,254.42999267578125,254.7550048828125,253.72000122070312,253.9199981689453,3619882
2024-12-23 18:30:00+00:00,253.9199981689453,254.4600067138672,253.8699951171875,254.2949981689453,2441370
2024-12-23 19:30:00+00:00,254.3000030517578,254.3999938964844,253.67999267578125,254.33999633789065,2612184
2024-12-23 20:30:00+00:00,254.33999633789065,255.6499938964844,254.33999633789065,255.3099975585937,4322344
2024-12-24 14:30:00+00:00,255.3699951171875,257.45001220703125,255.3099975585937,257.1050109863281,6593845
2024-12-24 15:30:00+00:00,257.114990234375,258.0,257.1000061035156,257.2929992675781,3930054
2024-12-24 16:30:00+00:00,257.2699890136719,257.5400085449219,256.8700866699219,257.3599853515625,2866762
2024-12-26 14:30:00+00:00,258.3550109863281,260.0899963378906,257.6300048828125,258.3612060546875,8036580
2024-12-26 15:30:00+00:00,258.364990234375,259.19000244140625,258.1300048828125,258.8800048828125,2886529
2024-12-26 16:30:00+00:00,258.8900146484375,259.3399963378906,258.82000732421875,258.9849853515625,1989211
2024-12-26 17:30:00+00:00,258.9880065917969,259.32501220703125,258.57000732421875,258.81890869140625,1857025
2024-12-26 18:30:00+00:00,258.8099975585937,258.94891357421875,258.4100036621094,258.6000061035156,1532082
2024-12-26 19:30:00+00:00,258.6099853515625,259.4700012207031,258.5899963378906,259.1099853515625,2293812
2024-12-26 20:30:00+00:00,259.1199951171875,259.510009765625,259.010009765625,259.1000061035156,2691314
2024-12-27 14:30:00+00:00,257.8999938964844,258.70001220703125,254.91000366210932,254.9900054931641,7279122
2024-12-27 15:30:00+00:00,254.9600067138672,255.3999938964844,254.0399932861328,254.72999572753903,5252455
2024-12-27 16:30:00+00:00,254.7400054931641,254.8000030517578,253.0599975585937,253.67999267578125,4795494
2024-12-27 17:30:00+00:00,253.6699981689453,254.9799041748047,253.64779663085932,254.9499969482422,3338291
2024-12-27 18:30:00+00:00,254.94000244140625,255.509994506836,254.8600006103516,255.01499938964844,2423344
2024-12-27 19:30:00+00:00,255.02999877929688,255.55990600585932,254.9600067138672,255.1699981689453,2513045
2024-12-27 20:30:00+00:00,255.1699981689453,255.82000732421875,254.97000122070312,255.72000122070312,5269742
2024-12-30 14:30:00+00:00,252.22999572753903,253.0,250.75,250.9199981689453,7918270
2024-12-30 15:30:00+00:00,250.9160003662109,252.28500366210932,250.9160003662109,251.8999938964844,3565575
2024-12-30 16:30:00+00:00,251.88999938964844,253.1000061035156,251.8099975585937,253.0500030517578,2716217
2024-12-30 17:30:00+00:00,253.0599975585937,253.47000122070312,252.5,252.82000732421875,2154164
2024-12-30 18:30:00+00:00,252.80499267578125,253.2899932861328,252.58999633789065,252.9364013671875,2351450
2024-12-30 19:30:00+00:00,252.92999267578125,253.49989318847656,252.69000244140625,252.72000122070312,2668679
2024-12-30 20:30:00+00:00,252.72999572753903,253.0399932861328,252.0399932861328,252.1199951171875,3863755
2024-12-31 14:30:00+00:00,252.66000366210932,253.27999877929688,251.32000732421875,251.6876983642578,5118031
2024-12-31 15:30:00+00:00,251.69000244140625,252.139892578125,251.0249938964844,251.17999267578125,2379768
2024-12-31 16:30:00+00:00,251.17999267578125,251.5500030517578,250.6499938964844,250.7162933349609,1975317
2024-12-31 17:30:00+00:00,250.6999969482422,250.759994506836,249.44000244140625,249.69000244140625,3894785
2024-12-31 18:30:00+00:00,249.69000244140625,250.2680053710937,249.52999877929688,249.7700042724609,2272071
2024-12-31 19:30:00+00:00,249.76499938964844,250.8800048828125,249.69000244140625,250.7700958251953,3376639
2024-12-31 20:30:00+00:00,250.7700042724609,251.0800018310547,249.5,250.3800048828125,7162976
2025-01-02 14:30:00+00:00,248.92999267578125,249.1000061035156,244.8000030517578,245.73989868164065,13501229
2025-01-02 15:30:00+00:00,245.6300048828125,245.8800048828125,244.1600952148437,244.8950042724609,6830782
2025-01-02 16:30:00+00:00,244.909896850586,245.25,243.32000732421875,243.42860412597656,4384552
2025-01-02 17:30:00+00:00,243.41000366210932,243.41000366210932,242.3099975585937,242.6862030029297,6464462
2025-01-02 18:30:00+00:00,242.6699981689453,242.83999633789065,241.82009887695312,242.4884033203125,5547977
2025-01-02 19:30:00+00:00,242.47999572753903,243.44000244140625,241.87130737304688,243.2310943603516,5106418
2025-01-02 20:30:00+00:00,243.25,243.9499969482422,243.0101928710937,243.82000732421875,6167957
2025-01-03 14:30:00+00:00,243.3699951171875,244.17999267578125,241.88999938964844,242.4597930908203,9135529
2025-01-03 15:30:00+00:00,242.4499969482422,243.67559814453125,242.13999938964844,243.4900054931641,4968036
2025-01-03 16:30:00+00:00,243.47999572753903,244.0485992431641,242.6699981689453,242.7707061767578,3673389
2025-01-03 17:30:00+00:00,242.77999877929688,243.16000366210932,242.27999877929688,243.009994506836,3313371
2025-01-03 18:30:00+00:00,243.0,243.0599975585937,242.57000732421875,242.6699981689453,3130427
2025-01-03 19:30:00+00:00,242.66000366210932,243.44239807128903,242.63999938964844,242.8500061035156,3007142
2025-01-03 20:30:00+00:00,242.83999633789065,243.6000061035156,242.6100006103516,243.3000030517578,4394832
2025-01-06 14:30:00+00:00,244.3300018310547,246.1826934814453,243.83999633789065,245.5500030517578,10577599
2025-01-06 15:30:00+00:00,245.5399932861328,247.3300018310547,245.3300018310547,246.7400054931641,5006800
2025-01-06 16:30:00+00:00,246.7550048828125,246.7610015869141,245.7012939453125,245.7700042724609,3354093
2025-01-06 17:30:00+00:00,245.759994506836,245.8699951171875,244.47999572753903,245.02999877929688,3070077
2025-01-06 18:30:00+00:00,245.02999877929688,245.17999267578125,244.6000061035156,244.97999572753903,2065770
2025-01-06 19:30:00+00:00,244.97999572753903,245.1300048828125,244.4250030517578,244.8950042724609,2306175
2025-01-06 20:30:00+00:00,244.91000366210932,245.33999633789065,244.4199981689453,245.0,3773029
2025-01-07 14:30:00+00:00,242.97999572753903,245.5500030517578,242.8300018310547,245.1649932861328,8221180
2025-01-07 15:30:00+00:00,245.16000366210932,245.3800048828125,243.7100067138672,243.7700042724609,4107265
2025-01-07 16:30:00+00:00,243.7400054931641,245.0,242.13819885253903,242.38999938964844,4446679
2025-01-07 17:30:00+00:00,242.3999938964844,243.4084014892578,241.3600006103516,243.155502319336,3448950
2025-01-07 18:30:00+00:00,243.1499938964844,243.17999267578125,242.07009887695312,242.4579925537109,2577768
2025-01-07 19:30:00+00:00,242.4499969482422,242.4900054931641,241.75,242.009994506836,2681979
2025-01-07 20:30:00+00:00,242.0200042724609,242.40499877929688,241.5390014648437,242.19000244140625,4772501
2025-01-08 14:30:00+00:00,241.97000122070312,242.8654937744141,240.0500030517578,242.409896850586,7170550
2025-01-08 15:30:00+00:00,242.38999938964844,243.71229553222656,242.0850067138672,242.7100067138672,4154228
2025-01-08 16:30:00+00:00,242.72610473632807,243.5800018310547,241.2400054931641,241.3699951171875,3009958
2025-01-08 17:30:00+00:00,241.3600006103516,242.5086975097656,241.1999969482422,242.3500061035156,2612848
2025-01-08 18:30:00+00:00,242.3500061035156,242.97999572753903,241.04400634765625,242.7949981689453,2761227
2025-01-08 19:30:00+00:00,242.6999969482422,242.72000122070312,241.6999969482422,242.38400268554688,2452219
2025-01-08 20:30:00+00:00,242.3800048828125,242.98699951171875,241.8000030517578,242.72000122070312,3573432
2025-01-10 14:30:00+00:00,240.0249938964844,240.1499938964844,235.8000030517578,237.4250030517578,13137403
2025-01-10 15:30:00+00:00,237.4241943359375,237.44830322265625,233.5,233.7700042724609,8427975
2025-01-10 16:30:00+00:00,233.7700042724609,235.8999938964844,233.0,235.57000732421875,7179671
2025-01-10 17:30:00+00:00,235.5399932861328,237.33970642089844,235.06500244140625,237.1150054931641,3958571
2025-01-10 18:30:00+00:00,237.1199951171875,237.5850067138672,236.41000366210932,236.8300018310547,3175363
2025-01-10 19:30:00+00:00,236.83999633789065,236.8800048828125,235.75,235.9949951171875,3580665
2025-01-10 20:30:00+00:00,235.9949951171875,237.2899932861328,235.7700042724609,236.92999267578125,5097656
2025-01-13 14:30:00+00:00,233.5,233.58999633789065,229.72000122070312,230.3800048828125,13314474
2025-01-13 15:30:00+00:00,230.3800048828125,231.8000030517578,230.22000122070312,230.7250061035156,5357189
2025-01-13 16:30:00+00:00,230.7324981689453,232.52999877929688,230.3999938964844,232.32000732421875,4160495
2025-01-13 17:30:00+00:00,232.2899932861328,233.4349975585937,231.97999572753903,233.3800048828125,2920622
2025-01-13 18:30:00+00:00,233.3800048828125,233.97000122070312,233.259994506836,233.5599975585937,2678525
2025-01-13 19:30:00+00:00,233.5500030517578,234.1999969482422,233.3699951171875,233.6844024658203,3290938
2025-01-13 20:30:00+00:00,233.69000244140625,234.6699981689453,233.65499877929688,234.3999938964844,4579852
2025-01-14 14:30:00+00:00,234.75,236.1199951171875,234.259994506836,235.6100006103516,6863540
2025-01-14 15:30:00+00:00,235.6000061035156,235.97000122070312,234.1300048828125,234.2100067138672,3836690
2025-01-14 16:30:00+00:00,234.19000244140625,234.476303100586,232.84500122070312,233.3249969482422,3080840
2025-01-14 17:30:00+00:00,233.3099975585937,234.1199951171875,232.6499938964844,234.02020263671875,2179055
2025-01-14 18:30:00+00:00,234.0399932861328,234.9199981689453,233.72000122070312,234.2586975097656,2448410
2025-01-14 19:30:00+00:00,234.25,234.6499938964844,232.4720001220703,233.2949981689453,3619972
2025-01-14 20:30:00+00:00,233.27999877929688,233.44000244140625,232.5399932861328,233.27999877929688,4851942
2025-01-15 14:30:00+00:00,234.63999938964844,238.38999938964844,234.42999267578125,237.92010498046875,8599650
2025-01-15 15:30:00+00:00,237.9600067138672,238.5399932861328,237.3099975585937,237.40069580078125,3705014
2025-01-15 16:30:00+00:00,237.3999938964844,237.5800018310547,236.5023956298828,237.11990356445312,2959584
2025-01-15 17:30:00+00:00,237.1150054931641,237.7400054931641,236.97000122070312,237.52999877929688,2206504
2025-01-15 18:30:00+00:00,237.5200042724609,237.759994506836,237.259994506836,237.5601043701172,1908254
2025-01-15 19:30:00+00:00,237.5800018310547,238.03419494628903,237.5200042724609,237.62120056152344,2782086
2025-01-15 20:30:00+00:00,237.6199951171875,238.47000122070312,237.38999938964844,237.8500061035156,4684385
2025-01-16 14:30:00+00:00,237.4900054931641,238.009994506836,232.71060180664065,232.8179931640625,10445774
2025-01-16 15:30:00+00:00,232.802001953125,233.0200042724609,230.16000366210932,230.5850067138672,11066513
2025-01-16 16:30:00+00:00,230.59950256347656,231.1000061035156,229.75,230.9199981689453,8412063
2025-01-16 17:30:00+00:00,230.9199981689453,231.1999969482422,229.07000732421875,229.19000244140625,6223224
2025-01-16 18:30:00+00:00,229.1849975585937,229.3999938964844,228.5599975585937,229.1750030517578,5844721
2025-01-16 19:30:00+00:00,229.1750030517578,230.068603515625,228.8999938964844,229.0249938964844,6469586
2025-01-16 20:30:00+00:00,229.009994506836,229.2917938232422,228.02999877929688,228.2400054931641,9428533
2025-01-17 14:30:00+00:00,232.1150054931641,232.2899932861328,229.72000122070312,230.384994506836,25704386
2025-01-17 15:30:00+00:00,230.3999938964844,231.6499938964844,230.3500061035156,231.2812957763672,6641037
2025-01-17 16:30:00+00:00,231.2899932861328,231.32000732421875,229.4900054931641,230.25909423828125,5636022
2025-01-17 17:30:00+00:00,230.26499938964844,230.44000244140625,229.88999938964844,229.91000366210932,3639355
2025-01-17 18:30:00+00:00,229.9102020263672,229.9499969482422,228.47999572753903,229.17999267578125,4996598
2025-01-17 19:30:00+00:00,229.17999267578125,229.7700042724609,229.0800018310547,229.44009399414065,4408697
2025-01-17 20:30:00+00:00,229.44000244140625,230.0200042724609,229.22999572753903,229.9900054931641,5430152
2025-01-21 14:30:00+00:00,224.0,224.4199981689453,220.8000030517578,221.77029418945312,25254424
2025-01-21 15:30:00+00:00,221.7749938964844,222.08999633789065,219.6999969482422,220.10780334472656,13429826
2025-01-21 16:30:00+00:00,220.08999633789065,220.7700042724609,219.3800048828125,220.3600006103516,9451785
2025-01-21 17:30:00+00:00,220.3600006103516,221.07000732421875,220.009994506836,220.40499877929688,6315018
2025-01-21 18:30:00+00:00,220.4046936035156,221.69000244140625,220.3699951171875,221.60989379882807,6914968
2025-01-21 19:30:00+00:00,221.60499572753903,221.6699981689453,220.3099975585937,221.64990234375,7105466
2025-01-21 20:30:00+00:00,221.63999938964844,222.77999877929688,221.33999633789065,222.66000366210932,7242328
2025-01-22 14:30:00+00:00,219.94000244140625,223.3527984619141,219.8000030517578,221.6309967041016,16298662
2025-01-22 15:30:00+00:00,221.634994506836,223.0800018310547,221.5500030517578,222.8598022460937,6740287
2025-01-22 16:30:00+00:00,222.8578948974609,222.9279937744141,221.6999969482422,222.56500244140625,5094747
2025-01-22 17:30:00+00:00,222.56500244140625,222.8500061035156,222.01499938964844,222.1157073974609,3954228
2025-01-22 18:30:00+00:00,222.1300048828125,222.8650054931641,221.91000366210932,222.7460021972656,3384532
2025-01-22 19:30:00+00:00,222.75,223.6000061035156,222.4199981689453,223.3500061035156,5606510
2025-01-22 20:30:00+00:00,223.3650054931641,223.97999572753903,223.0599975585937,223.7700042724609,5027611
2025-01-23 14:30:00+00:00,224.72999572753903,227.02999877929688,224.259994506836,225.97000122070312,14316012
2025-01-23 15:30:00+00:00,225.96499633789065,226.3699951171875,224.3800048828125,225.1750030517578,6661602
2025-01-23 16:30:00+00:00,225.16000366210932,225.19500732421875,223.3856964111328,223.57000732421875,5267365
2025-01-23 17:30:00+00:00,223.56500244140625,223.77999877929688,223.19000244140625,223.5500030517578,5083443
2025-01-23 18:30:00+00:00,223.5599975585937,223.634994506836,222.42999267578125,222.8000030517578,4117821
2025-01-23 19:30:00+00:00,222.8099975585937,223.1699981689453,222.5749969482422,222.8800048828125,4096781
2025-01-23 20:30:00+00:00,222.8650054931641,223.6499938964844,222.3000030517578,223.6499938964844,6903829
2025-01-24 14:30:00+00:00,224.9750061035156,225.6300048828125,222.5301055908203,222.72999572753903,15246196
2025-01-24 15:30:00+00:00,222.7350006103516,223.3699951171875,222.35009765625,222.759994506836,6090500
2025-01-24 16:30:00+00:00,222.7700042724609,223.4900054931641,222.13999938964844,222.27999877929688,5067407
2025-01-24 17:30:00+00:00,222.27999877929688,222.72450256347656,221.9499969482422,222.16000366210932,3586687
2025-01-24 18:30:00+00:00,222.13999938964844,222.5500030517578,221.9199981689453,222.3699951171875,2912495
2025-01-24 19:30:00+00:00,222.3500061035156,222.92999267578125,221.41000366210932,222.32000732421875,4686564
2025-01-24 20:30:00+00:00,222.31500244140625,223.0449981689453,222.1999969482422,222.7899932861328,5237044
2025-01-27 14:30:00+00:00,224.02999877929688,227.6999969482422,224.0,227.29229736328125,22895716
2025-01-27 15:30:00+00:00,227.3000030517578,228.8300018310547,227.08999633789065,228.49380493164065,9565070
2025-01-27 16:30:00+00:00,228.47000122070312,230.13999938964844,228.17999267578125,230.08999633789065,8523755
2025-01-27 17:30:00+00:00,230.08999633789065,231.3800048828125,229.8105010986328,231.32000732421875,6766052
2025-01-27 18:30:00+00:00,231.3000030517578,232.1499938964844,230.9900054931641,232.02999877929688,7080439
2025-01-27 19:30:00+00:00,232.02999877929688,232.02999877929688,230.13999938964844,230.67999267578125,9415488
2025-01-27 20:30:00+00:00,230.6999969482422,231.3800048828125,228.47999572753903,229.94000244140625,10815158
2025-01-28 14:30:00+00:00,230.8800048828125,237.7899932861328,230.8800048828125,237.63999938964844,21113721
2025-01-28 15:30:00+00:00,237.6499938964844,239.4499969482422,237.6300048828125,239.0800018310547,12275716
2025-01-28 16:30:00+00:00,239.0599975585937,240.19000244140625,238.2001037597656,238.5500030517578,8384418
2025-01-28 17:30:00+00:00,238.5500030517578,239.24989318847656,238.2350006103516,238.74420166015625,3770424
2025-01-28 18:30:00+00:00,238.7680053710937,239.1000061035156,238.58999633789065,238.82000732421875,3369693
2025-01-28 19:30:00+00:00,238.8222045898437,239.47999572753903,238.3099975585937,238.83999633789065,4877201
2025-01-28 20:30:00+00:00,238.8800048828125,238.97999572753903,237.759994506836,238.2400054931641,5143611
2025-01-29 14:30:00+00:00,234.1499938964844,237.1300048828125,234.009994506836,236.8300018310547,11611110
2025-01-29 15:30:00+00:00,236.8099975585937,238.0,236.42999267578125,236.5157012939453,4857419
2025-01-29 16:30:00+00:00,236.52999877929688,237.22000122070312,236.1300048828125,236.86900329589844,4055486
2025-01-29 17:30:00+00:00,236.8699951171875,237.4349975585937,235.4600067138672,237.42999267578125,3400271
2025-01-29 18:30:00+00:00,237.4499969482422,237.66000366210932,236.3099975585937,236.44500732421875,2765958
2025-01-29 19:30:00+00:00,236.44000244140625,239.2400054931641,236.34500122070312,239.0500030517578,4886187
2025-01-29 20:30:00+00:00,239.0599975585937,239.85499572753903,238.72000122070312,239.3500061035156,5064524
2025-01-30 14:30:00+00:00,238.6649932861328,240.7899932861328,238.08999633789065,238.4600067138672,8800925
2025-01-30 15:30:00+00:00,238.4600067138672,239.02999877929688,237.2100067138672,238.16000366210932,6211686
2025-01-30 16:30:00+00:00,238.1844024658203,238.8800048828125,237.8099975585937,238.02999877929688,3222220
2025-01-30 17:30:00+00:00,238.02999877929688,238.7686004638672,237.90499877929688,238.4499969482422,2683972
2025-01-30 18:30:00+00:00,238.44000244140625,239.6699981689453,238.44000244140625,239.25,3360211
2025-01-30 19:30:00+00:00,239.25,240.0500030517578,239.2100067138672,239.5800018310547,4799123
2025-01-30 20:30:00+00:00,239.5800018310547,239.85499572753903,237.2400054931641,237.5599975585937,6836079
2025-01-31 14:30:00+00:00,247.0399932861328,247.19000244140625,240.5500030517578,240.943603515625,27334395
2025-01-31 15:30:00+00:00,240.90499877929688,241.42930603027344,238.58999633789065,238.94900512695312,10162823
2025-01-31 16:30:00+00:00,238.97000122070312,240.0500030517578,238.7400054931641,239.7400054931641,6222938
2025-01-31 17:30:00+00:00,239.75,239.80099487304688,236.22000122070312,236.4250030517578,7822078
2025-01-31 18:30:00+00:00,236.42999267578125,236.8600006103516,234.47000122070312,235.134994506836,7380314
2025-01-31 19:30:00+00:00,235.15499877929688,235.2799072265625,233.44000244140625,234.2899932861328,7945570
2025-01-31 20:30:00+00:00,234.3099975585937,236.5,233.7400054931641,235.8600006103516,8379858
2025-02-03 14:30:00+00:00,229.44000244140625,231.8300018310547,226.634994506836,229.259994506836,21198249
2025-02-03 15:30:00+00:00,229.259994506836,229.8199005126953,226.0800018310547,226.4199981689453,10347971
2025-02-03 16:30:00+00:00,226.41000366210932,227.1300048828125,225.7100067138672,226.36990356445312,7067637
2025-02-03 17:30:00+00:00,226.3600006103516,227.07000732421875,225.9499969482422,226.8999938964844,4952072
2025-02-03 18:30:00+00:00,226.91000366210932,228.8477020263672,226.88999938964844,228.47000122070312,5283668
2025-02-03 19:30:00+00:00,228.47999572753903,229.2100067138672,228.32000732421875,228.5500946044922,4499030
2025-02-03 20:30:00+00:00,228.57000732421875,228.9698944091797,227.6300048828125,227.97999572753903,5648751
2025-02-04 14:30:00+00:00,227.1999969482422,230.41180419921875,226.6499938964844,230.3699951171875,11635605
2025-02-04 15:30:00+00:00,230.3800048828125,231.54879760742188,230.134994506836,231.0500030517578,5363016
2025-02-04 16:30:00+00:00,231.0599975585937,232.7899932861328,231.0500030517578,231.77999877929688,5207796
2025-02-04 17:30:00+00:00,231.7899932861328,232.3800048828125,231.38999938964844,232.22000122070312,3095970
2025-02-04 18:30:00+00:00,232.22569274902344,232.3600006103516,231.3800048828125,232.13999938964844,2286596
2025-02-04 19:30:00+00:00,232.13999938964844,232.9499969482422,232.134994506836,232.3090057373047,3344618
2025-02-04 20:30:00+00:00,232.2899932861328,233.1300048828125,232.02999877929688,232.7899932861328,3490884
2025-02-05 14:30:00+00:00,228.4900054931641,230.6197052001953,228.3000030517578,229.5,9950114
2025-02-05 15:30:00+00:00,229.509994506836,230.197494506836,228.8513946533203,230.08999633789065,3447904
2025-02-05 16:30:00+00:00,230.08999633789065,231.27999877929688,229.9900054931641,230.69000244140625,2916112
2025-02-05 17:30:00+00:00,230.67999267578125,230.75,229.6300048828125,229.91000366210932,2376195
2025-02-05 18:30:00+00:00,229.8999938964844,231.52999877929688,229.7100067138672,230.6486968994141,3043271
2025-02-05 19:30:00+00:00,230.63999938964844,231.8699951171875,230.5,231.7949981689453,2871834
2025-02-05 20:30:00+00:00,231.77999877929688,232.6699981689453,231.110107421875,232.4600067138672,3443025
2025-02-06 14:30:00+00:00,231.33999633789065,233.8000030517578,230.779296875,231.5399932861328,6919081
2025-02-06 15:30:00+00:00,231.5850067138672,232.3256072998047,230.4250030517578,231.51499938964844,3599406
2025-02-06 16:30:00+00:00,231.509994506836,231.634994506836,230.8999938964844,231.3300018310547,2213517
2025-02-06 17:30:00+00:00,231.34500122070312,232.33999633789065,231.02999877929688,232.19000244140625,2393555
2025-02-06 18:30:00+00:00,232.19000244140625,233.1100006103516,232.0800018310547,232.8699951171875,1818718
2025-02-06 19:30:00+00:00,232.88999938964844,232.88999938964844,231.8950042724609,232.27999877929688,2205672
2025-02-06 20:30:00+00:00,232.2899932861328,233.27999877929688,231.92999267578125,233.22000122070312,3111368
2025-02-07 14:30:00+00:00,232.51499938964844,234.0,229.8800048828125,230.38999938964844,7814805
2025-02-07 15:30:00+00:00,230.33999633789065,231.2680053710937,228.8999938964844,229.05499267578125,5664232
2025-02-07 16:30:00+00:00,229.0850067138672,229.4199981689453,228.19500732421875,228.40060424804688,3763438
2025-02-07 17:30:00+00:00,228.38999938964844,229.44000244140625,228.36329650878903,229.2989044189453,3721234
2025-02-07 18:30:00+00:00,229.2899932861328,229.5,227.8300018310547,227.8800048828125,2602577
2025-02-07 19:30:00+00:00,227.88999938964844,228.5800018310547,227.7899932861328,228.0,2965606
2025-02-07 20:30:00+00:00,227.9900054931641,228.1499938964844,227.259994506836,227.7100067138672,5030649
2025-02-10 14:30:00+00:00,229.57000732421875,230.5850067138672,228.8000030517578,229.8661956787109,6362641
2025-02-10 15:30:00+00:00,229.88999938964844,229.9116058349609,228.759994506836,229.3600006103516,3755966
2025-02-10 16:30:00+00:00,229.3708038330078,229.384994506836,228.2391967773437,228.470703125,2474012
2025-02-10 17:30:00+00:00,228.47000122070312,228.8800048828125,228.3699951171875,228.47000122070312,2457578
2025-02-10 18:30:00+00:00,228.4850006103516,229.03500366210932,228.40499877929688,228.6999053955078,1724663
2025-02-10 19:30:00+00:00,228.6999969482422,228.83999633789065,227.6000061035156,227.69000244140625,2971076
2025-02-10 20:30:00+00:00,227.69500732421875,227.8800048828125,227.1999969482422,227.63999938964844,3507517
2025-02-11 14:30:00+00:00,228.1999969482422,233.4900054931641,228.1300048828125,233.33999633789065,16450165
2025-02-11 15:30:00+00:00,233.32000732421875,234.7178955078125,232.82009887695312,234.6499938964844,7044159
2025-02-11 16:30:00+00:00,234.66000366210932,235.22999572753903,233.72169494628903,234.57229614257807,5739199
2025-02-11 17:30:00+00:00,234.58999633789065,234.625,233.25,233.5449981689453,3044227
2025-02-11 18:30:00+00:00,233.5960998535156,234.1898956298828,233.1300048828125,233.3699951171875,2813907
2025-02-11 19:30:00+00:00,233.3621063232422,233.9250030517578,232.8999938964844,233.1107940673828,3713179
2025-02-11 20:30:00+00:00,233.1100006103516,233.3000030517578,232.1699981689453,232.7700042724609,4614482
2025-02-12 14:30:00+00:00,231.2749938964844,234.0500030517578,230.67999267578125,233.60499572753903,11363398
2025-02-12 15:30:00+00:00,233.58120727539065,235.13999938964844,233.5800018310547,235.07000732421875,5460408
2025-02-12 16:30:00+00:00,235.07000732421875,235.66000366210932,234.72999572753903,235.2899932861328,3522413
2025-02-12 17:30:00+00:00,235.27330017089844,235.88999938964844,234.8600006103516,235.47999572753903,2818998
2025-02-12 18:30:00+00:00,235.47320556640625,236.4199981689453,235.32000732421875,236.2100067138672,3035921
2025-02-12 19:30:00+00:00,236.2100067138672,236.66000366210932,236.07000732421875,236.46499633789065,3343068
2025-02-12 20:30:00+00:00,236.4600067138672,236.9600067138672,235.91000366210932,236.88999938964844,4493778
2025-02-13 14:30:00+00:00,236.9750061035156,239.0,235.57000732421875,237.8800048828125,9839880
2025-02-13 15:30:00+00:00,237.89599609375,241.42999267578125,237.72999572753903,240.47999572753903,8943032
2025-02-13 16:30:00+00:00,240.49029541015625,240.83999633789065,239.82000732421875,240.34500122070312,3794251
2025-02-13 17:30:00+00:00,240.3498992919922,241.3500061035156,240.19000244140625,241.02999877929688,3188980
2025-02-13 18:30:00+00:00,241.0399932861328,242.07000732421875,240.52999877929688,241.7698974609375,3761997
2025-02-13 19:30:00+00:00,241.75010681152344,242.33990478515625,241.259994506836,241.5449981689453,3704786
2025-02-13 20:30:00+00:00,241.5449981689453,241.7689971923828,241.009994506836,241.5200042724609,4257382
2025-02-14 14:30:00+00:00,241.07000732421875,245.0500030517578,241.0,244.3800048828125,11286651
2025-02-14 15:30:00+00:00,244.3800048828125,244.3800048828125,243.16000366210932,243.94500732421875,4923421
2025-02-14 16:30:00+00:00,243.94000244140625,244.52999877929688,243.69000244140625,243.8152008056641,4178251
2025-02-14 17:30:00+00:00,243.8249969482422,244.3099975585937,243.33999633789065,243.99989318847656,2425988
2025-02-14 18:30:00+00:00,243.97999572753903,244.5399932861328,243.94000244140625,244.1499938964844,1978801
2025-02-14 19:30:00+00:00,244.139892578125,244.3699951171875,243.9100952148437,244.1000061035156,2427820
2025-02-14 20:30:00+00:00,244.0800018310547,245.41000366210932,243.91000366210932,244.57000732421875,4882408
2025-02-18 14:30:00+00:00,243.91000366210932,245.17999267578125,242.860107421875,244.0904998779297,10825110
2025-02-18 15:30:00+00:00,244.0800018310547,244.9698944091797,243.94000244140625,244.72999572753903,3159856
2025-02-18 16:30:00+00:00,244.72000122070312,245.0500030517578,244.17999267578125,244.42999267578125,3072601
2025-02-18 17:30:00+00:00,244.4499969482422,244.5,243.25,243.4349975585937,2653024
2025-02-18 18:30:00+00:00,243.42999267578125,243.4833068847656,241.83999633789065,243.05499267578125,3303217
2025-02-18 19:30:00+00:00,243.05499267578125,243.8350067138672,242.97999572753903,243.5200042724609,2923310
2025-02-18 20:30:00+00:00,243.52999877929688,244.6000061035156,243.1499938964844,244.47000122070312,4972578
2025-02-19 14:30:00+00:00,244.6100006103516,246.009994506836,243.7899932861328,243.9398956298828,7953912
2025-02-19 15:30:00+00:00,243.92999267578125,244.4900054931641,243.160400390625,244.3957061767578,3875842
2025-02-19 16:30:00+00:00,244.38999938964844,245.65139770507807,244.02999877929688,245.1499938964844,3328518
2025-02-19 17:30:00+00:00,245.13999938964844,245.27999877929688,244.22999572753903,244.7100067138672,1965036
2025-02-19 18:30:00+00:00,244.71499633789065,245.1898956298828,244.22000122070312,244.9001007080078,2025071
2025-02-19 19:30:00+00:00,244.8999938964844,245.1699981689453,244.4501037597656,244.8800048828125,2676277
2025-02-19 20:30:00+00:00,244.8800048828125,245.089599609375,244.53500366210932,244.8800048828125,2963614
2025-02-20 14:30:00+00:00,244.97000122070312,246.77999877929688,244.2899932861328,244.7449951171875,7059474
2025-02-20 15:30:00+00:00,244.7400054931641,246.6999969482422,244.58999633789065,246.130599975586,4286584
2025-02-20 16:30:00+00:00,246.125,246.4600067138672,245.02999877929688,246.3800048828125,4072175
2025-02-20 17:30:00+00:00,246.3699951171875,246.41000366210932,245.16000366210932,245.44500732421875,2248069
2025-02-20 18:30:00+00:00,245.44000244140625,245.5800018310547,245.0200042724609,245.2550048828125,1791583
2025-02-20 19:30:00+00:00,245.25,245.75,244.8500061035156,245.6199951171875,2339026
2025-02-20 20:30:00+00:00,245.6100006103516,246.0,245.3600006103516,245.8600006103516,3152476
2025-02-21 14:30:00+00:00,245.96499633789065,246.94000244140625,245.22000122070312,245.7899932861328,8207297
2025-02-21 15:30:00+00:00,245.7749938964844,247.4499969482422,245.22000122070312,247.1300048828125,5440754
2025-02-21 16:30:00+00:00,247.1450042724609,247.6499938964844,246.6499938964844,247.3699951171875,4700950
2025-02-21 17:30:00+00:00,247.3800048828125,248.69000244140625,247.1000061035156,247.44119262695312,6864397
2025-02-21 18:30:00+00:00,247.44509887695312,248.0767059326172,246.42999267578125,246.4900054931641,4986285
2025-02-21 19:30:00+00:00,246.5050048828125,246.82000732421875,245.39010620117188,245.8000030517578,7827784
2025-02-21 20:30:00+00:00,245.81500244140625,246.08999633789065,245.3300018310547,245.58999633789065,5597978
2025-02-24 14:30:00+00:00,244.80799865722656,248.8600006103516,244.58999633789065,247.8500061035156,13193734
2025-02-24 15:30:00+00:00,247.8500061035156,247.9541015625,246.009994506836,247.11019897460932,6815696
2025-02-24 16:30:00+00:00,247.1199951171875,248.32000732421875,247.1199951171875,247.7949981689453,3637316
2025-02-24 17:30:00+00:00,247.82000732421875,248.13999938964844,247.22000122070312,248.0500030517578,2550281
2025-02-24 18:30:00+00:00,248.0500030517578,248.8000030517578,247.6699981689453,248.66000366210932,4364229
2025-02-24 19:30:00+00:00,248.66000366210932,248.75,247.42999267578125,247.6100006103516,3655325
2025-02-24 20:30:00+00:00,247.59500122070312,247.7899932861328,246.82000732421875,247.22999572753903,4975763
2025-02-25 14:30:00+00:00,248.0,249.5200042724609,244.91000366210932,245.1100006103516,12543414
2025-02-25 15:30:00+00:00,245.1300048828125,246.8699951171875,244.91000366210932,246.5249938964844,4912736
2025-02-25 16:30:00+00:00,246.53500366210932,249.97999572753903,246.4300994873047,249.5800018310547,6711698
2025-02-25 17:30:00+00:00,249.5800018310547,249.6199951171875,247.72999572753903,247.97999572753903,3191684
2025-02-25 18:30:00+00:00,247.97000122070312,248.6199951171875,247.16000366210932,247.6681060791016,3236285
2025-02-25 19:30:00+00:00,247.63999938964844,248.58999633789065,247.5500030517578,247.72000122070312,3408426
2025-02-25 20:30:00+00:00,247.7250061035156,247.7700042724609,246.0449981689453,247.0500030517578,4291190
2025-02-26 14:30:00+00:00,244.3300018310547,244.97999572753903,241.4199981689453,243.47999572753903,11922325
2025-02-26 15:30:00+00:00,243.4949951171875,243.72000122070312,241.5800018310547,241.8099975585937,4844532
2025-02-26 16:30:00+00:00,241.8000030517578,243.88999938964844,241.75,243.1300048828125,3260739
2025-02-26 17:30:00+00:00,243.13999938964844,243.2899932861328,240.2400054931641,240.34030151367188,4011307
2025-02-26 18:30:00+00:00,240.33999633789065,240.38999938964844,239.1300048828125,239.82000732421875,4096351
2025-02-26 19:30:00+00:00,239.8099975585937,240.4499969482422,239.52999877929688,239.9499969482422,3160834
2025-02-26 20:30:00+00:00,239.9600067138672,240.7100067138672,239.6849975585937,240.3099975585937,4066395
2025-02-27 14:30:00+00:00,239.41000366210932,242.27999877929688,238.47000122070312,241.375,11860928
2025-02-27 15:30:00+00:00,241.3600006103516,242.4600067138672,240.63999938964844,241.5200042724609,3314596
2025-02-27 16:30:00+00:00,241.5200042724609,241.7848052978516,239.5850067138672,241.05799865722656,2483584
2025-02-27 17:30:00+00:00,241.12969970703125,242.17999267578125,240.3600006103516,241.8999938964844,2123940
2025-02-27 18:30:00+00:00,241.92999267578125,242.0500030517578,240.5200042724609,240.6300048828125,2376630
2025-02-27 19:30:00+00:00,240.6450042724609,240.66000366210932,238.77029418945312,238.9199981689453,4411625
2025-02-27 20:30:00+00:00,238.9550018310547,239.3695068359375,237.1000061035156,237.3800048828125,5981830
2025-02-28 14:30:00+00:00,236.9499969482422,237.7816925048828,234.509994506836,237.59500122070312,9707088
2025-02-28 15:30:00+00:00,237.5800018310547,237.8300018310547,236.4900054931641,236.9199981689453,3856963
2025-02-28 16:30:00+00:00,236.8699951171875,237.75,236.5500030517578,237.60499572753903,2652791
2025-02-28 17:30:00+00:00,237.69000244140625,237.8999938964844,236.22999572753903,237.41000366210932,3253563
2025-02-28 18:30:00+00:00,237.40499877929688,238.3083038330078,237.009994506836,237.9199981689453,3040911
2025-02-28 19:30:00+00:00,237.8800048828125,239.77999877929688,237.7003936767578,239.7100067138672,4607390
2025-02-28 20:30:00+00:00,239.69000244140625,242.08999633789065,238.8099975585937,241.83999633789065,7654890
2025-03-03 14:30:00+00:00,241.7220001220703,244.02720642089844,239.8249969482422,241.4850006103516,10137001
2025-03-03 15:30:00+00:00,241.5,242.6300048828125,241.126693725586,241.19000244140625,3962348
2025-03-03 16:30:00+00:00,241.22999572753903,242.5500030517578,240.6649932861328,242.5399932861328,2726862
2025-03-03 17:30:00+00:00,242.5399932861328,242.9868011474609,240.7400054931641,240.96499633789065,2892774
2025-03-03 18:30:00+00:00,241.0200042724609,241.8699951171875,240.44000244140625,241.1517944335937,3716220
2025-03-03 19:30:00+00:00,241.16000366210932,242.0,236.6499938964844,236.8892059326172,5255129
2025-03-03 20:30:00+00:00,236.8800048828125,238.5599975585937,236.11199951171875,238.13999938964844,6362960
2025-03-04 14:30:00+00:00,237.7050018310547,239.38999938964844,236.3500061035156,238.3999938964844,12574876
2025-03-04 15:30:00+00:00,238.3999938964844,239.8099975585937,237.6499938964844,238.6300048828125,6419558
2025-03-04 16:30:00+00:00,238.58999633789065,240.07000732421875,238.12890625,238.1649932861328,4617834
2025-03-04 17:30:00+00:00,238.1100006103516,238.17990112304688,236.16000366210932,236.75,4297681
2025-03-04 18:30:00+00:00,236.75,238.5599975585937,236.42999267578125,238.2888946533203,3524557
2025-03-04 19:30:00+00:00,238.2899932861328,239.24989318847656,237.9822998046875,238.69000244140625,4105168
2025-03-04 20:30:00+00:00,238.67999267578125,238.75,234.6999969482422,236.07000732421875,6470426
2025-03-05 14:30:00+00:00,235.4949951171875,235.9499969482422,230.5500030517578,230.9199981689453,11396281
2025-03-05 15:30:00+00:00,230.94000244140625,233.1999969482422,230.13999938964844,230.6490020751953,4757085
2025-03-05 16:30:00+00:00,230.6199951171875,234.6499938964844,229.22999572753903,234.53990173339844,5831367
2025-03-05 17:30:00+00:00,234.5399932861328,235.5399932861328,234.0,234.67999267578125,3887648
2025-03-05 18:30:00+00:00,234.6652984619141,236.5500030517578,234.1000061035156,235.7474975585937,2837195
2025-03-05 19:30:00+00:00,235.8000030517578,236.47999572753903,235.1499938964844,236.0399932861328,3103634
2025-03-05 20:30:00+00:00,236.009994506836,236.3500061035156,235.0599975585937,235.7700042724609,3864004
2025-03-06 14:30:00+00:00,234.4349975585937,237.16000366210932,233.5399932861328,236.47000122070312,8965074
2025-03-06 15:30:00+00:00,236.47000122070312,237.8600006103516,236.2449951171875,236.77999877929688,4326344
2025-03-06 16:30:00+00:00,236.7400054931641,237.33999633789065,234.0404052734375,234.4149932861328,4246957
2025-03-06 17:30:00+00:00,234.3999938964844,235.42999267578125,234.0599975585937,234.2949981689453,3660287
2025-03-06 18:30:00+00:00,234.30499267578125,235.1699981689453,233.3999938964844,233.69000244140625,4333970
2025-03-06 19:30:00+00:00,233.65499877929688,236.009994506836,233.3300018310547,235.17999267578125,4926584
2025-03-06 20:30:00+00:00,235.1699981689453,235.759994506836,234.4499969482422,235.32000732421875,4800803
2025-03-07 14:30:00+00:00,235.10499572753903,239.42999267578125,235.0599975585937,238.3099975585937,8540305
2025-03-07 15:30:00+00:00,238.31500244140625,240.16000366210932,237.0301055908203,239.0200042724609,6445384
2025-03-07 16:30:00+00:00,239.0399932861328,239.697494506836,237.8600006103516,239.2899932861328,6229746
2025-03-07 17:30:00+00:00,239.259994506836,241.3699951171875,238.8000030517578,240.41439819335932,6264766
2025-03-07 18:30:00+00:00,240.4250030517578,240.91000366210932,238.57000732421875,239.6499938964844,4109056
2025-03-07 19:30:00+00:00,239.6649932861328,239.8600006103516,238.0800018310547,238.8114013671875,3265326
2025-03-07 20:30:00+00:00,238.8000030517578,239.7700042724609,237.94000244140625,239.07000732421875,4811911
2025-03-10 13:30:00+00:00,235.47999572753903,236.16000366210932,228.5200042724609,228.5500030517578,15210592
2025-03-10 14:30:00+00:00,228.55499267578125,229.5,225.2899932861328,226.5086975097656,11879291
2025-03-10 15:30:00+00:00,226.52999877929688,227.2899932861328,224.22000122070312,225.47999572753903,6728298
2025-03-10 16:30:00+00:00,225.5399932861328,226.69000244140625,224.3249969482422,225.2100067138672,5441202
2025-03-10 17:30:00+00:00,225.2400054931641,226.97999572753903,224.8699951171875,226.5800018310547,5343177
2025-03-10 18:30:00+00:00,226.58999633789065,227.51499938964844,224.4208984375,226.9761962890625,7127512
2025-03-10 19:30:00+00:00,226.9900054931641,228.6499938964844,226.5,227.5410003662109,8057482
2025-03-11 13:30:00+00:00,223.8000030517578,225.83990478515625,220.009994506836,222.5200042724609,17705238
2025-03-11 14:30:00+00:00,222.4900054931641,222.9499969482422,220.58999633789065,221.00320434570312,7838273
2025-03-11 15:30:00+00:00,220.97999572753903,221.7400054931641,218.5,218.5500030517578,8314282
2025-03-11 16:30:00+00:00,218.5399932861328,219.8800048828125,217.4499969482422,217.7550048828125,7268661
2025-03-11 17:30:00+00:00,217.72999572753903,220.97999572753903,217.67999267578125,220.5449981689453,6404020
2025-03-11 18:30:00+00:00,220.5500030517578,223.27999877929688,220.09019470214844,221.82020568847656,7110964
2025-03-11 19:30:00+00:00,221.82000732421875,222.0500030517578,220.5800018310547,220.72999572753903,6574063
2025-03-12 13:30:00+00:00,220.17999267578125,221.75,218.8300018310547,218.9499969482422,13585830
2025-03-12 14:30:00+00:00,218.9499969482422,219.3999938964844,214.91000366210932,216.44500732421875,10732384
2025-03-12 15:30:00+00:00,216.47000122070312,218.6100006103516,216.3300018310547,218.3603973388672,5950460
2025-03-12 16:30:00+00:00,218.44500732421875,218.6000061035156,216.8800048828125,218.18980407714844,4501805
2025-03-12 17:30:00+00:00,218.1300048828125,218.22000122070312,215.92999267578125,216.1100006103516,5341362
2025-03-12 18:30:00+00:00,216.1199951171875,217.08990478515625,215.0500030517578,215.639892578125,6048770
2025-03-12 19:30:00+00:00,215.6499938964844,217.2700042724609,215.27999877929688,216.94000244140625,7314758
2025-03-13 13:30:00+00:00,215.94000244140625,216.8394012451172,214.22000122070312,214.27999877929688,11543428
2025-03-13 14:30:00+00:00,214.3000030517578,214.82000732421875,213.6300048828125,214.0402069091797,6000675
2025-03-13 15:30:00+00:00,214.0449981689453,214.3500061035156,211.63999938964844,211.94000244140625,8062598
2025-03-13 16:30:00+00:00,211.93380737304688,212.92999267578125,210.69000244140625,211.15499877929688,5949778
2025-03-13 17:30:00+00:00,211.13999938964844,212.47000122070312,210.50010681152344,212.2899932861328,5034049
2025-03-13 18:30:00+00:00,212.28599548339844,212.4698944091797,210.3600006103516,210.6300048828125,5897570
2025-03-13 19:30:00+00:00,210.6699981689453,210.7100067138672,208.4199981689453,209.7100067138672,9508816
2025-03-14 13:30:00+00:00,211.25,213.42999267578125,209.5800018310547,210.3780975341797,14448242
2025-03-14 14:30:00+00:00,210.3800048828125,212.3800048828125,209.97999572753903,211.92999267578125,7229106
2025-03-14 15:30:00+00:00,211.92999267578125,213.94000244140625,211.91000366210932,212.230697631836,5804814
2025-03-14 16:30:00+00:00,212.2350006103516,213.5,212.07229614257807,212.31500244140625,3579047
2025-03-14 17:30:00+00:00,212.30259704589844,212.6898956298828,210.759994506836,211.2449951171875,6007354
2025-03-14 18:30:00+00:00,211.25,213.41099548339844,211.25,212.90530395507807,4621820
2025-03-14 19:30:00+00:00,212.8946075439453,213.8999938964844,212.7100067138672,213.3800048828125,6350358
2025-03-17 13:30:00+00:00,213.3600006103516,214.97000122070312,212.1699981689453,213.2247009277344,9570854
2025-03-17 14:30:00+00:00,213.2250061035156,213.259994506836,210.46969604492188,210.75469970703125,5939423
2025-03-17 15:30:00+00:00,210.7550048828125,211.8000030517578,209.97999572753903,211.1999969482422,4387530
2025-03-17 16:30:00+00:00,211.2100067138672,212.3699951171875,211.08999633789065,212.330307006836,3083388
2025-03-17 17:30:00+00:00,212.35499572753903,214.73019409179688,212.27999877929688,214.4550018310547,4126373
2025-03-17 18:30:00+00:00,214.4499969482422,214.7967987060547,214.07000732421875,214.6849975585937,3623892
2025-03-17 19:30:00+00:00,214.67999267578125,215.22000122070312,213.6699981689453,214.19000244140625,6930829
2025-03-18 13:30:00+00:00,214.13999938964844,215.1499938964844,212.9499969482422,214.5514068603516,10203982
2025-03-18 14:30:00+00:00,214.5500030517578,214.88999938964844,212.6499938964844,213.3300018310547,4477342
2025-03-18 15:30:00+00:00,213.25,213.7749938964844,212.7899932861328,213.72000122070312,3176514
2025-03-18 16:30:00+00:00,213.6999969482422,213.7736053466797,211.4900054931641,212.2834014892578,4535545
2025-03-18 17:30:00+00:00,212.3000030517578,212.32000732421875,211.559799194336,211.9949951171875,3006313
2025-03-18 18:30:00+00:00,212.0,212.65499877929688,211.810302734375,212.34500122070312,3435188
2025-03-18 19:30:00+00:00,212.34500122070312,213.259994506836,212.3099975585937,212.7899932861328,4396249
2025-03-19 13:30:00+00:00,214.22000122070312,218.759994506836,213.9100952148437,217.1450042724609,11385869
2025-03-19 14:30:00+00:00,217.2100067138672,217.2198028564453,214.9600067138672,215.66900634765625,5115267
2025-03-19 15:30:00+00:00,215.69000244140625,216.75,215.17999267578125,215.3000030517578,3249560
2025-03-19 16:30:00+00:00,215.2899932861328,215.3300018310547,214.2899932861328,214.3800048828125,2801294
2025-03-19 17:30:00+00:00,214.3919982910156,215.04969787597656,213.75,214.2700042724609,4823378
2025-03-19 18:30:00+00:00,214.2700042724609,217.0590057373047,214.25,215.5099029541016,6058928
2025-03-19 19:30:00+00:00,215.5,215.67999267578125,214.47999572753903,215.3000030517578,5255712
2025-03-20 13:30:00+00:00,213.9900054931641,217.48989868164065,212.8999938964844,216.9904022216797,7527757
2025-03-20 14:30:00+00:00,216.97999572753903,217.2949981689453,215.78759765625,216.0500030517578,4562273
2025-03-20 15:30:00+00:00,215.94000244140625,216.4600067138672,214.0200042724609,214.13999938964844,4420021
2025-03-20 16:30:00+00:00,214.13999938964844,214.509994506836,213.0,213.22999572753903,5149763
2025-03-20 17:30:00+00:00,213.259994506836,213.88999938964844,212.72999572753903,212.759994506836,3180049
2025-03-20 18:30:00+00:00,212.7700042724609,213.3999938964844,212.22000122070312,212.6835021972656,4531064
2025-03-20 19:30:00+00:00,212.69000244140625,214.759994506836,212.69000244140625,214.1499938964844,5352998
2025-03-21 13:30:00+00:00,211.51499938964844,214.41000366210932,211.47000122070312,213.7400054931641,21249328
2025-03-21 14:30:00+00:00,213.7100067138672,214.83999633789065,213.2606964111328,213.4434967041016,7372592
2025-03-21 15:30:00+00:00,213.44000244140625,215.3999938964844,212.63999938964844,214.65499877929688,3813985
2025-03-21 16:30:00+00:00,214.6699981689453,215.47999572753903,214.4848022460937,214.6199951171875,3366634
2025-03-21 17:30:00+00:00,214.6100006103516,215.0390014648437,214.26010131835932,214.6699981689453,3091390
2025-03-21 18:30:00+00:00,214.6699981689453,215.3699951171875,214.63999938964844,215.3099975585937,4189003
2025-03-21 19:30:00+00:00,215.3099975585937,218.83999633789065,215.009994506836,218.3600006103516,10148885
2025-03-24 13:30:00+00:00,221.0,221.02099609375,218.5800018310547,219.7700042724609,9344812
2025-03-24 14:30:00+00:00,219.8099975585937,220.69000244140625,219.0292053222656,219.15750122070312,4668518
2025-03-24 15:30:00+00:00,219.15499877929688,220.0500030517578,218.9600067138672,219.0,3264720
2025-03-24 16:30:00+00:00,219.01499938964844,219.5,218.82000732421875,219.2899932861328,3057015
2025-03-24 17:30:00+00:00,219.32000732421875,219.8500061035156,219.08999633789065,219.759994506836,2530901
2025-03-24 18:30:00+00:00,219.7749938964844,220.47000122070312,219.4658050537109,219.7700042724609,4139018
2025-03-24 19:30:00+00:00,219.7899932861328,221.009994506836,219.66000366210932,220.42999267578125,6001386
2025-03-25 13:30:00+00:00,220.8099975585937,223.38999938964844,220.0800018310547,223.3699951171875,8242408
2025-03-25 14:30:00+00:00,223.3800048828125,223.8999938964844,222.3000030517578,223.52999877929688,4010970
2025-03-25 15:30:00+00:00,223.5399932861328,223.6999969482422,223.009994506836,223.1100006103516,2236176
2025-03-25 16:30:00+00:00,223.1000061035156,223.6300048828125,220.72999572753903,222.8099975585937,2317900
2025-03-25 17:30:00+00:00,222.82699584960932,223.94900512695312,222.6000061035156,223.4900054931641,2529710
2025-03-25 18:30:00+00:00,223.5,223.7100067138672,222.78500366210932,223.4199981689453,3423322
2025-03-25 19:30:00+00:00,223.41000366210932,224.1000061035156,223.2899932861328,223.72999572753903,4310099
2025-03-26 13:30:00+00:00,223.509994506836,225.0200042724609,222.83999633789065,224.07449340820312,8205828
2025-03-26 14:30:00+00:00,224.0850067138672,224.3155975341797,223.1100006103516,223.72000122070312,3253126
2025-03-26 15:30:00+00:00,223.7200927734375,223.8999938964844,222.1199951171875,223.6750030517578,3220107
2025-03-26 16:30:00+00:00,223.6750030517578,223.7899932861328,221.6300048828125,222.0800018310547,2855124
2025-03-26 17:30:00+00:00,222.0800018310547,222.22000122070312,221.4001007080078,221.8350067138672,2219567
2025-03-26 18:30:00+00:00,221.81500244140625,221.884994506836,220.6000061035156,220.6000061035156,3054676
2025-03-26 19:30:00+00:00,220.6150054931641,221.8800048828125,220.47000122070312,221.3999938964844,4140037
2025-03-27 13:30:00+00:00,221.3300018310547,222.1000061035156,220.5601043701172,221.6499938964844,5508724
2025-03-27 14:30:00+00:00,221.6499938964844,223.2400054931641,221.3999938964844,222.8000946044922,3784484
2025-03-27 15:30:00+00:00,222.8000030517578,223.759994506836,222.56500244140625,223.19500732421875,2866958
2025-03-27 16:30:00+00:00,223.17999267578125,223.97999572753903,222.72000122070312,223.10499572753903,3509193
2025-03-27 17:30:00+00:00,223.0800018310547,224.5599975585937,223.0500030517578,224.3699951171875,3521517
2025-03-27 18:30:00+00:00,224.3500061035156,224.9900054931641,223.94500732421875,224.7899932861328,3376619
2025-03-27 19:30:00+00:00,224.8000030517578,224.9900054931641,223.6999969482422,223.92999267578125,5491814
2025-03-28 13:30:00+00:00,221.6490020751953,223.8000030517578,219.69500732421875,219.91000366210932,8900229
2025-03-28 14:30:00+00:00,219.88999938964844,220.6499938964844,219.1699981689453,219.97999572753903,4819013
2025-03-28 15:30:00+00:00,219.8910980224609,220.22000122070312,218.3500061035156,218.69000244140625,3075097
2025-03-28 16:30:00+00:00,218.6699981689453,219.1199951171875,218.2100067138672,218.4900054931641,3059478
2025-03-28 17:30:00+00:00,218.5,219.16650390625,218.17999267578125,219.0500030517578,2307054
2025-03-28 18:30:00+00:00,219.0399932861328,219.1499938964844,218.1103973388672,218.509994506836,3188030
2025-03-28 19:30:00+00:00,218.5,218.75,217.67999267578125,217.8800048828125,5319689
2025-03-31 13:30:00+00:00,217.22000122070312,219.3099975585937,216.2400054931641,218.57000732421875,13611371
2025-03-31 14:30:00+00:00,218.6100006103516,220.0800018310547,218.3999938964844,219.1300048828125,5127759
2025-03-31 15:30:00+00:00,219.1000061035156,220.92999267578125,218.8851928710937,220.9199981689453,3710448
2025-03-31 16:30:00+00:00,220.8999938964844,221.0200042724609,219.38999938964844,219.8699951171875,2845575
2025-03-31 17:30:00+00:00,219.8500061035156,220.8800048828125,219.24169921875,220.7949981689453,2764885
2025-03-31 18:30:00+00:00,220.8000030517578,221.7350006103516,220.38999938964844,221.2250061035156,4172283
2025-03-31 19:30:00+00:00,221.2100067138672,224.97000122070312,220.99009704589844,221.9949951171875,11487559
2025-04-01 13:30:00+00:00,219.80499267578125,223.38999938964844,218.8999938964844,221.5198974609375,9630525
2025-04-01 14:30:00+00:00,221.4900054931641,223.42999267578125,221.3600006103516,222.87989807128903,4197037
2025-04-01 15:30:00+00:00,222.8650054931641,223.13999938964844,222.1499938964844,222.52999877929688,2944555
2025-04-01 16:30:00+00:00,222.55499267578125,223.0800018310547,222.19000244140625,222.3385009765625,2079835
2025-04-01 17:30:00+00:00,222.3000030517578,222.7749938964844,221.4499969482422,221.5,2283252
2025-04-01 18:30:00+00:00,221.4900054931641,222.1199951171875,221.1499938964844,221.72999572753903,2520811
2025-04-01 19:30:00+00:00,221.7100067138672,223.4900054931641,221.57000732421875,223.13999938964844,4133846
2025-04-02 13:30:00+00:00,221.19000244140625,224.10850524902344,221.0500030517578,224.0399932861328,5984058
2025-04-02 14:30:00+00:00,224.0200042724609,224.71539306640625,223.4499969482422,224.47999572753903,3704510
2025-04-02 15:30:00+00:00,224.4499969482422,224.6000061035156,223.1100006103516,224.1300048828125,2694881
2025-04-02 16:30:00+00:00,224.1300048828125,225.19000244140625,223.19000244140625,224.72000122070312,3616264
2025-04-02 17:30:00+00:00,224.72000122070312,224.8099975585937,222.9199981689453,222.92999267578125,2445540
2025-04-02 18:30:00+00:00,222.9199981689453,223.9409942626953,222.8614044189453,223.6600952148437,2653899
2025-04-02 19:30:00+00:00,223.6699981689453,224.4600067138672,223.5,223.7899932861328,4054405
2025-04-03 13:30:00+00:00,205.5200042724609,207.48989868164065,202.5200042724609,205.634994506836,32868028
2025-04-03 14:30:00+00:00,205.634994506836,206.3600006103516,203.3699951171875,204.0500030517578,11492280
2025-04-03 15:30:00+00:00,204.0500030517578,207.0399932861328,203.7042999267578,206.0599975585937,8453124
2025-04-03 16:30:00+00:00,206.1000061035156,206.3000030517578,203.8401031494141,204.0050048828125,5727160
2025-04-03 17:30:00+00:00,203.9900054931641,204.6051025390625,202.6999969482422,203.0,6326946
2025-04-03 18:30:00+00:00,202.98280334472656,203.5200042724609,202.13999938964844,202.1999969482422,9806166
2025-04-03 19:30:00+00:00,202.1999969482422,203.8600006103516,201.25,203.47000122070312,11108905
2025-04-04 13:30:00+00:00,193.9250030517578,199.8800048828125,192.8000030517578,195.27999877929688,32115307
2025-04-04 14:30:00+00:00,195.2949981689453,197.0399932861328,191.0599975585937,194.4900054931641,19673653
2025-04-04 15:30:00+00:00,194.46499633789065,196.0,192.259994506836,192.8099975585937,9394432
2025-04-04 16:30:00+00:00,192.77999877929688,193.9761962890625,190.8999938964844,190.9900054931641,8256831
2025-04-04 17:30:00+00:00,190.97999572753903,192.57000732421875,188.8309936523437,188.8800048828125,12240537
2025-04-04 18:30:00+00:00,188.8999938964844,190.86880493164065,187.34500122070312,190.22999572753903,13768216
2025-04-04 19:30:00+00:00,190.2100067138672,191.72999572753903,188.0599975585937,188.3800048828125,14314697
2025-04-07 13:30:00+00:00,177.24000549316406,194.13999938964844,174.6199951171875,182.3999938964844,60052232
2025-04-07 14:30:00+00:00,182.3800048828125,185.93980407714844,175.6999969482422,176.36000061035156,22301982
2025-04-07 15:30:00+00:00,176.41000366210938,180.16000366210932,175.75,178.13999938964844,12923106
2025-04-07 16:30:00+00:00,178.10000610351562,181.72000122070312,177.10000610351562,181.5399932861328,10820708
2025-04-07 17:30:00+00:00,181.55499267578125,183.88999938964844,179.5,180.3350067138672,12360402
2025-04-07 18:30:00+00:00,180.33999633789065,182.3000030517578,178.2801055908203,178.42129516601562,12053848
2025-04-07 19:30:00+00:00,178.44000244140625,182.0,178.43499755859375,181.58999633789065,11790019
2025-04-08 13:30:00+00:00,186.72999572753903,190.3350067138672,185.1000061035156,189.3300018310547,25336677
2025-04-08 14:30:00+00:00,189.32000732421875,189.92999267578125,184.0599975585937,184.08999633789065,11822751
2025-04-08 15:30:00+00:00,184.07000732421875,185.5399932861328,182.2899932861328,183.3300018310547,7825256
2025-04-08 16:30:00+00:00,183.32000732421875,183.51499938964844,175.0,175.02999877929688,15712598
2025-04-08 17:30:00+00:00,175.02000427246094,178.60989379882812,174.85000610351562,175.3300018310547,11562913
2025-04-08 18:30:00+00:00,175.31219482421875,177.22999572753906,171.6300048828125,172.88999938964844,15040705
2025-04-08 19:30:00+00:00,172.8699951171875,173.44000244140625,169.21009826660156,172.77000427246094,16156814
2025-04-09 13:30:00+00:00,172.1790008544922,179.4199981689453,171.88999938964844,178.41180419921875,32288949
2025-04-09 14:30:00+00:00,178.50999450683594,180.19000244140625,176.8300018310547,179.7550048828125,15996521
2025-04-09 15:30:00+00:00,179.75,181.07000732421875,177.75,179.58999633789062,11721052
2025-04-09 16:30:00+00:00,179.57989501953125,194.4900054931641,179.24000549316406,188.5249938964844,19036631
2025-04-09 17:30:00+00:00,188.509994506836,194.86990356445312,188.1300048828125,190.8000030517578,27276269
2025-04-09 18:30:00+00:00,190.7899932861328,198.97999572753903,183.8699951171875,196.0599975585937,30349699
2025-04-09 19:30:00+00:00,196.0,200.6100006103516,195.91000366210932,198.8500061035156,20947383
2025-04-10 13:30:00+00:00,189.1649932861328,194.7799072265625,189.0,192.1450042724609,25783702
2025-04-10 14:30:00+00:00,192.22000122070312,193.57000732421875,188.69000244140625,188.8592071533203,10331960
2025-04-10 15:30:00+00:00,188.85499572753903,189.22999572753903,183.0,184.2700042724609,16399003
2025-04-10 16:30:00+00:00,184.26499938964844,189.8999938964844,184.1750030517578,188.009994506836,13927222
2025-04-10 17:30:00+00:00,187.97000122070312,192.0,186.0,191.759994506836,14336457
2025-04-10 18:30:00+00:00,191.75,192.8000030517578,189.0200042724609,189.9850006103516,10246898
2025-04-10 19:30:00+00:00,190.0,192.4349975585937,187.8300018310547,190.44000244140625,10417028
2025-04-11 13:30:00+00:00,186.17999267578125,193.25,186.0599975585937,189.92999267578125,17210427
2025-04-11 14:30:00+00:00,189.94000244140625,194.1999969482422,189.63999938964844,193.32000732421875,9778670
2025-04-11 15:30:00+00:00,193.2899932861328,197.6699981689453,192.87860107421875,195.80099487304688,11426289
2025-04-11 16:30:00+00:00,195.82000732421875,199.3500061035156,195.8099975585937,196.8307037353516,10272519
2025-04-11 17:30:00+00:00,196.8524932861328,199.5399932861328,196.03790283203125,197.5800018310547,8204023
2025-04-11 18:30:00+00:00,197.6000061035156,198.9438934326172,197.4017944335937,198.3419952392578,6229743
2025-04-11 19:30:00+00:00,198.3500061035156,199.0,197.54139709472656,198.0200042724609,9619486
2025-04-14 13:30:00+00:00,211.44000244140625,212.94000244140625,204.6100006103516,204.75,38852582
2025-04-14 14:30:00+00:00,204.8000030517578,206.1999053955078,203.41000366210932,203.6000061035156,11826668
2025-04-14 15:30:00+00:00,203.6499938964844,204.3800048828125,201.1620941162109,201.75,11801459
2025-04-14 16:30:00+00:00,201.72999572753903,204.9785003662109,201.5850067138672,203.863998413086,8024983
2025-04-14 17:30:00+00:00,203.884994506836,205.8099975585937,203.42999267578125,205.7899932861328,6209694
2025-04-14 18:30:00+00:00,205.7899932861328,206.66000366210932,205.38999938964844,205.7100067138672,6862210
2025-04-14 19:30:00+00:00,205.72000122070312,205.8999938964844,202.32000732421875,202.58999633789065,8409251
2025-04-15 13:30:00+00:00,201.85499572753903,203.5050048828125,199.82000732421875,200.8000030517578,13453371
2025-04-15 14:30:00+00:00,200.7899932861328,203.08999633789065,200.68600463867188,202.1150054931641,6103100
2025-04-15 15:30:00+00:00,202.13999938964844,203.3500061035156,201.9600067138672,203.0399932861328,3730153
2025-04-15 16:30:00+00:00,203.0500030517578,203.28399658203125,201.1150054931641,201.6044006347656,3893654
2025-04-15 17:30:00+00:00,201.5850067138672,202.7769012451172,201.30499267578125,201.76499938964844,4045655
2025-04-15 18:30:00+00:00,201.71499633789065,203.2899932861328,201.63999938964844,202.8000030517578,4048783
2025-04-15 19:30:00+00:00,202.8300018310547,202.95899963378903,201.9199981689453,202.1300048828125,4398627
2025-04-16 13:30:00+00:00,198.3600006103516,200.6999969482422,196.0200042724609,197.07000732421875,13937138
2025-04-16 14:30:00+00:00,197.0599975585937,198.98849487304688,196.8099975585937,198.35009765625,6372057
2025-04-16 15:30:00+00:00,198.375,198.3999938964844,196.3905029296875,196.91000366210932,4368116
2025-04-16 16:30:00+00:00,196.91000366210932,197.9199981689453,196.6499938964844,197.759994506836,3351617
2025-04-16 17:30:00+00:00,197.759994506836,197.8099975585937,193.9199981689453,194.55499267578125,7922500
2025-04-16 18:30:00+00:00,194.5399932861328,194.64370727539065,192.3699951171875,192.57000732421875,5831097
2025-04-16 19:30:00+00:00,192.5800018310547,194.86349487304688,192.57000732421875,194.3000030517578,7049437
2025-04-17 13:30:00+00:00,197.1499938964844,197.1999969482422,194.63999938964844,195.63999938964844,11995068
2025-04-17 14:30:00+00:00,195.69000244140625,197.09500122070312,194.4199981689453,196.0399932861328,6835084
2025-04-17 15:30:00+00:00,196.02999877929688,198.0500030517578,195.9886932373047,197.80499267578125,4703332
2025-04-17 16:30:00+00:00,197.8260040283203,198.57000732421875,196.67999267578125,196.6999969482422,4953563
2025-04-17 17:30:00+00:00,196.7100067138672,198.83349609375,196.6699981689453,198.27999877929688,3858649
2025-04-17 18:30:00+00:00,198.2899932861328,198.66000366210932,196.8699951171875,197.24220275878903,4857368
2025-04-17 19:30:00+00:00,197.25,197.6999969482422,195.82000732421875,196.8699951171875,4510991
2025-04-21 13:30:00+00:00,193.26499938964844,193.8000030517578,191.3600006103516,192.1199951171875,8862849
2025-04-21 14:30:00+00:00,192.1100006103516,192.4900054931641,190.60499572753903,190.7350006103516,4480370
2025-04-21 15:30:00+00:00,190.72000122070312,191.32000732421875,189.8112030029297,191.1300048828125,4469110
2025-04-21 16:30:00+00:00,191.1199951171875,191.75,190.13999938964844,190.613998413086,3331629
2025-04-21 17:30:00+00:00,190.58999633789065,191.0,190.2400054931641,190.82000732421875,2848270
2025-04-21 18:30:00+00:00,190.81500244140625,191.3800048828125,190.1999969482422,191.10499572753903,3470291
2025-04-21 19:30:00+00:00,191.08999633789065,193.4199981689453,191.0500030517578,193.08999633789065,5337999
2025-04-22 13:30:00+00:00,196.07000732421875,198.94000244140625,196.0,198.01499938964844,8295438
2025-04-22 14:30:00+00:00,197.9499969482422,199.5500030517578,197.8699951171875,198.8300018310547,5248723
2025-04-22 15:30:00+00:00,198.8300018310547,201.5500030517578,197.8600006103516,201.3800048828125,6986542
2025-04-22 16:30:00+00:00,201.4001007080078,201.52999877929688,198.3202972412109,198.5399932861328,6210265
2025-04-22 17:30:00+00:00,198.5162048339844,200.009994506836,198.10240173339844,199.8917999267578,3865378
2025-04-22 18:30:00+00:00,199.8800048828125,200.5,198.5599975585937,198.6201934814453,6982874
2025-04-22 19:30:00+00:00,198.625,199.88999938964844,198.0,199.66000366210932,5543168
2025-04-23 13:30:00+00:00,206.0,208.0,204.63009643554688,206.80499267578125,15154970
2025-04-23 14:30:00+00:00,206.8099975585937,207.9499969482422,204.0599975585937,204.6300048828125,7451699
2025-04-23 15:30:00+00:00,204.625,205.41000366210932,202.7989959716797,204.1100006103516,5789475
2025-04-23 16:30:00+00:00,204.13999938964844,205.44000244140625,203.51840209960932,204.9499969482422,3150358
2025-04-23 17:30:00+00:00,205.0,205.6499938964844,204.22000122070312,204.4824066162109,3056243
2025-04-23 18:30:00+00:00,204.47000122070312,205.1699981689453,203.6566925048828,204.009994506836,3587154
2025-04-23 19:30:00+00:00,204.0308990478516,205.75,203.6100006103516,204.3600006103516,5424069
2025-04-24 13:30:00+00:00,204.884994506836,206.3500061035156,202.94000244140625,206.32000732421875,8437662
2025-04-24 14:30:00+00:00,206.2899932861328,206.66000366210932,205.2200927734375,205.9250030517578,4262818
2025-04-24 15:30:00+00:00,205.884994506836,206.75,205.58009338378903,206.2899932861328,4462199
2025-04-24 16:30:00+00:00,206.2899932861328,207.02999877929688,205.82000732421875,206.90499877929688,2541750
2025-04-24 17:30:00+00:00,206.9199981689453,207.7899932861328,206.5500030517578,207.2890014648437,2687289
2025-04-24 18:30:00+00:00,207.3000030517578,208.1000061035156,207.02999877929688,207.0901031494141,3837311
2025-04-24 19:30:00+00:00,207.1100006103516,208.82989501953125,207.08999633789065,208.1999969482422,5785557
2025-04-25 13:30:00+00:00,206.42999267578125,209.24989318847656,206.1999969482422,206.63479614257807,8557840
2025-04-25 14:30:00+00:00,206.63999938964844,207.7628936767578,206.51499938964844,207.1000061035156,3766130
2025-04-25 15:30:00+00:00,207.1100006103516,208.8999938964844,206.66000366210932,208.63560485839844,3769247
2025-04-25 16:30:00+00:00,208.5200042724609,209.41000366210932,208.2899932861328,209.3701934814453,3744945
2025-04-25 17:30:00+00:00,209.38999938964844,209.4149932861328,207.3699951171875,208.50450134277344,3053055
2025-04-25 18:30:00+00:00,208.509994506836,208.8699951171875,208.13999938964844,208.22000122070312,2357459
2025-04-25 19:30:00+00:00,208.2100067138672,209.42999267578125,207.8699951171875,209.22999572753903,4418187
2025-04-28 13:30:00+00:00,210.0599975585937,211.5,208.7400054931641,208.92999267578125,9371395
2025-04-28 14:30:00+00:00,208.875,209.82000732421875,207.83999633789065,207.9499969482422,4027500
2025-04-28 15:30:00+00:00,207.98590087890625,208.3999938964844,207.4600067138672,207.8600006103516,2434302
2025-04-28 16:30:00+00:00,207.8500061035156,208.72999572753903,207.8500061035156,208.13999938964844,2227932
2025-04-28 17:30:00+00:00,208.134994506836,210.0500030517578,208.0800018310547,209.8699951171875,3099461
2025-04-28 18:30:00+00:00,209.8699951171875,210.94000244140625,209.7613983154297,210.5399932861328,2610842
2025-04-28 19:30:00+00:00,210.52999877929688,211.4998016357422,210.0399932861328,210.08999633789065,3584738
2025-04-29 13:30:00+00:00,208.6929931640625,212.2400054931641,208.3699951171875,210.9499969482422,9190515
2025-04-29 14:30:00+00:00,210.9600067138672,212.07000732421875,210.6699981689453,211.0399932861328,3218454
2025-04-29 15:30:00+00:00,211.0399932861328,211.32530212402344,210.3999938964844,210.48800659179688,2669695
2025-04-29 16:30:00+00:00,210.4900054931641,210.69000244140625,209.3500061035156,210.3600006103516,2562388
2025-04-29 17:30:00+00:00,210.3699951171875,211.8500061035156,210.22000122070312,211.7227020263672,2467158
2025-04-29 18:30:00+00:00,211.72000122070312,211.96060180664065,211.10009765625,211.3000030517578,2519310
2025-04-29 19:30:00+00:00,211.3099975585937,211.7700042724609,210.9499969482422,211.2400054931641,3222132
2025-04-30 13:30:00+00:00,209.3000030517578,209.72000122070312,206.6705017089844,209.3211975097656,7770541
2025-04-30 14:30:00+00:00,209.34950256347656,210.8600006103516,208.7100982666016,210.5449981689453,3782710
2025-04-30 15:30:00+00:00,210.5599975585937,211.27999877929688,209.9499969482422,210.58999633789065,2740535
2025-04-30 16:30:00+00:00,210.58999633789065,211.3600006103516,209.8000030517578,211.0800018310547,2462208
2025-04-30 17:30:00+00:00,211.07000732421875,212.97000122070312,210.31500244140625,210.71499633789065,3447792
2025-04-30 18:30:00+00:00,210.6999969482422,211.3099975585937,210.27999877929688,210.3446044921875,2871370
2025-04-30 19:30:00+00:00,210.375,213.5399932861328,210.0500030517578,212.4900054931641,7076663
2025-05-01 13:30:00+00:00,209.009994506836,212.5,208.8999938964844,211.7400054931641,11460361
2025-05-01 14:30:00+00:00,211.75,214.22000122070312,211.31500244140625,212.8966064453125,5794472
2025-05-01 15:30:00+00:00,212.8950042724609,213.1199951171875,211.4149932861328,212.77999877929688,4005190
2025-05-01 16:30:00+00:00,212.77999877929688,212.87759399414065,211.8500061035156,212.509994506836,4133080
2025-05-01 17:30:00+00:00,212.509994506836,213.0,212.06500244140625,212.77999877929688,2827555
2025-05-01 18:30:00+00:00,212.7899932861328,213.1999969482422,212.3000030517578,212.94000244140625,3941988
2025-05-01 19:30:00+00:00,212.94000244140625,214.5500030517578,212.47000122070312,212.8300018310547,7135104
2025-05-02 13:30:00+00:00,206.08999633789065,206.8199005126953,202.2100067138672,206.72000122070312,30704404
2025-05-02 14:30:00+00:00,206.72000122070312,206.9900054931641,204.6000061035156,204.9008026123047,9323215
2025-05-02 15:30:00+00:00,204.9199981689453,206.5800018310547,204.860595703125,205.0,8718007
2025-05-02 16:30:00+00:00,205.0,205.88999938964844,204.1499938964844,204.69900512695312,7635353
2025-05-02 17:30:00+00:00,204.6999969482422,205.8300018310547,204.6999969482422,204.8800048828125,7087245
2025-05-02 18:30:00+00:00,204.8699951171875,205.42999267578125,203.66000366210932,204.759994506836,8882491
2025-05-02 19:30:00+00:00,204.759994506836,205.5,203.88999938964844,205.3000030517578,9990065
2025-05-05 13:30:00+00:00,203.125,203.94000244140625,198.6199951171875,198.77999877929688,17363317
2025-05-05 14:30:00+00:00,198.78700256347656,199.6499938964844,198.2100067138672,199.19960021972656,8474385
2025-05-05 15:30:00+00:00,199.19000244140625,200.0399932861328,198.66000366210932,199.9739990234375,5978364
2025-05-05 16:30:00+00:00,199.9600067138672,200.63999938964844,199.67010498046875,200.41000366210932,4884446
2025-05-05 17:30:00+00:00,200.41000366210932,201.08999633789065,200.16000366210932,200.9600067138672,3841975
2025-05-05 18:30:00+00:00,200.9499969482422,201.16000366210932,199.3999938964844,199.3999938964844,5400812
2025-05-05 19:30:00+00:00,199.3999938964844,199.5998992919922,198.5196990966797,198.7700042724609,6786984
2025-05-06 13:30:00+00:00,198.125,199.8800048828125,197.0200042724609,198.91000366210932,16561562
2025-05-06 14:30:00+00:00,198.8999938964844,199.1300048828125,197.8500061035156,199.03500366210932,5182787
2025-05-06 15:30:00+00:00,199.03500366210932,200.6490020751953,198.66000366210932,198.97999572753903,4709429
2025-05-06 16:30:00+00:00,198.9750061035156,200.0200042724609,198.9600067138672,199.4250030517578,3055441
2025-05-06 17:30:00+00:00,199.4499969482422,199.82000732421875,198.69000244140625,199.30499267578125,2836848
2025-05-06 18:30:00+00:00,199.2949981689453,199.8500061035156,199.0200042724609,199.7084045410156,3342061
2025-05-06 19:30:00+00:00,199.72999572753903,200.1699981689453,198.3800048828125,198.41000366210932,4603113
2025-05-07 13:30:00+00:00,199.19500732421875,199.44000244140625,197.3500061035156,199.22000122070312,9871911
2025-05-07 14:30:00+00:00,199.2270050048828,199.3999938964844,193.8099975585937,194.35069274902344,11182870
2025-05-07 15:30:00+00:00,194.3600006103516,195.3699951171875,193.25,194.8699951171875,7971845
2025-05-07 16:30:00+00:00,194.8500061035156,195.77999877929688,194.5749969482422,195.3000030517578,4049885
2025-05-07 17:30:00+00:00,195.32000732421875,195.3600006103516,193.3000030517578,194.009994506836,5113387
2025-05-07 18:30:00+00:00,193.9969940185547,195.7100067138672,193.83140563964844,194.32000732421875,4886414
2025-05-07 19:30:00+00:00,194.33999633789065,197.4698944091797,194.2899932861328,196.25,6299703
2025-05-08 13:30:00+00:00,197.7400054931641,198.1300048828125,194.6795959472656,195.82000732421875,10449699
2025-05-08 14:30:00+00:00,195.8300018310547,197.8300018310547,195.51499938964844,197.5399932861328,5629546
2025-05-08 15:30:00+00:00,197.52999877929688,200.0498046875,197.3099975585937,199.2400054931641,6698875
2025-05-08 16:30:00+00:00,199.23570251464844,199.9900054931641,199.01010131835932,199.13999938964844,3093141
2025-05-08 17:30:00+00:00,199.13999938964844,199.2120056152344,198.08999633789065,198.63999938964844,3307947
2025-05-08 18:30:00+00:00,198.63999938964844,199.68800354003903,198.4499969482422,199.5599975585937,3714346
2025-05-08 19:30:00+00:00,199.57000732421875,199.6199951171875,197.1640014648437,197.3999938964844,5279543
2025-05-09 13:30:00+00:00,199.0050048828125,200.53990173339844,198.1199951171875,198.360107421875,9737491
2025-05-09 14:30:00+00:00,198.384994506836,199.17999267578125,197.53500366210932,198.42999267578125,4551929
2025-05-09 15:30:00+00:00,198.4199981689453,199.009994506836,197.92999267578125,198.134994506836,2891812
2025-05-09 16:30:00+00:00,198.1300048828125,198.4499969482422,197.6000061035156,198.13999938964844,3054224
2025-05-09 17:30:00+00:00,198.1450042724609,199.0998992919922,197.91000366210932,198.91000366210932,2470206
2025-05-09 18:30:00+00:00,198.94000244140625,199.42999267578125,198.7100067138672,198.77999877929688,2945367
2025-05-09 19:30:00+00:00,198.8000030517578,198.92990112304688,198.3401031494141,198.5399932861328,3474290
2025-05-12 13:30:00+00:00,210.97000122070312,211.26649475097656,206.75,209.16000366210932,23789646
2025-05-12 14:30:00+00:00,209.1699981689453,210.22999572753903,208.1199951171875,208.759994506836,6318334
2025-05-12 15:30:00+00:00,208.77999877929688,208.9864959716797,208.25,208.72999572753903,3944326
2025-05-12 16:30:00+00:00,208.72999572753903,209.9900054931641,208.70919799804688,209.9349975585937,4323467
2025-05-12 17:30:00+00:00,209.94000244140625,210.9600067138672,209.9349975585937,210.7700042724609,4651025
2025-05-12 18:30:00+00:00,210.77999877929688,211.1499938964844,209.9199981689453,210.0500030517578,4909377
2025-05-12 19:30:00+00:00,210.0599975585937,210.8500061035156,209.9600067138672,210.8300018310547,5815190
2025-05-13 13:30:00+00:00,210.42999267578125,211.6656951904297,209.0800018310547,211.4499969482422,15261368
2025-05-13 14:30:00+00:00,211.44500732421875,211.8800048828125,211.0800018310547,211.384994506836,4791824
2025-05-13 15:30:00+00:00,211.3975067138672,211.6100006103516,210.47999572753903,211.27999877929688,4186585
2025-05-13 16:30:00+00:00,211.27999877929688,211.94000244140625,210.9098052978516,211.7100067138672,3331068
2025-05-13 17:30:00+00:00,211.7100067138672,212.97000122070312,211.7098999023437,212.4600067138672,4232828
2025-05-13 18:30:00+00:00,212.47520446777344,213.3999938964844,212.0399932861328,213.22999572753903,4652431
2025-05-13 19:30:00+00:00,213.19000244140625,213.3600006103516,212.60499572753903,212.83999633789065,4596157
2025-05-14 13:30:00+00:00,212.4250030517578,213.94000244140625,211.8699951171875,213.2899932861328,12096435
2025-05-14 14:30:00+00:00,213.30499267578125,213.7164001464844,211.88980102539065,212.6199951171875,4921349
2025-05-14 15:30:00+00:00,212.6179962158203,212.8800048828125,211.9900054931641,212.2899932861328,3092741
2025-05-14 16:30:00+00:00,212.2949981689453,212.6000061035156,210.58009338378903,210.9600067138672,4235129
2025-05-14 17:30:00+00:00,210.97000122070312,211.94520568847656,210.9600067138672,211.3699951171875,3051755
2025-05-14 18:30:00+00:00,211.3800048828125,212.0500030517578,210.9900054931641,211.3594970703125,3801274
2025-05-14 19:30:00+00:00,211.33999633789065,212.6000061035156,211.2400054931641,212.41000366210932,6352084
2025-05-15 13:30:00+00:00,210.9949951171875,212.52999877929688,209.5399932861328,210.2749938964844,9925447
2025-05-15 14:30:00+00:00,210.32000732421875,212.8000030517578,210.19000244140625,212.49639892578125,5111525
2025-05-15 15:30:00+00:00,212.5,212.9600067138672,211.4100952148437,211.6416931152344,4296380
2025-05-15 16:30:00+00:00,211.6300048828125,212.27999877929688,211.2100067138672,212.1201019287109,2927204
2025-05-15 17:30:00+00:00,212.1300048828125,212.1300048828125,210.259994506836,210.6300048828125,3649292
2025-05-15 18:30:00+00:00,210.6300048828125,211.2100067138672,210.3249969482422,210.3600006103516,3629914
2025-05-15 19:30:00+00:00,210.3500061035156,211.4600067138672,210.1499938964844,211.4579925537109,5877104
2025-05-16 13:30:00+00:00,212.32000732421875,212.57000732421875,210.5599975585937,210.6000061035156,15838181
2025-05-16 14:30:00+00:00,210.58999633789065,210.66000366210932,209.7700042724609,210.0800018310547,6777501
2025-05-16 15:30:00+00:00,210.08999633789065,211.14990234375,210.08999633789065,210.9550018310547,3654109
2025-05-16 16:30:00+00:00,210.9600067138672,211.4199981689453,210.6999969482422,211.1100006103516,3241029
2025-05-16 17:30:00+00:00,211.1100006103516,211.7400054931641,210.72999572753903,211.6199951171875,3898429
2025-05-16 18:30:00+00:00,211.6300048828125,211.92999267578125,211.42999267578125,211.7250061035156,3274956
2025-05-16 19:30:00+00:00,211.7100067138672,211.72999572753903,211.1100006103516,211.19000244140625,3920156
2025-05-19 13:30:00+00:00,207.13999938964844,207.47999572753903,204.259994506836,206.61990356445312,15175611
2025-05-19 14:30:00+00:00,206.6100006103516,208.0399932861328,206.2400054931641,207.3300018310547,5318353
2025-05-19 15:30:00+00:00,207.32000732421875,208.5800018310547,207.27999877929688,208.48260498046875,3033717
2025-05-19 16:30:00+00:00,208.4900054931641,209.47999572753903,208.07000732421875,208.92999267578125,3363890
2025-05-19 17:30:00+00:00,208.92999267578125,209.1999969482422,207.77999877929688,208.02999877929688,3106651
2025-05-19 18:30:00+00:00,208.0500030517578,208.8000030517578,207.9600067138672,208.1273956298828,2702881
2025-05-19 19:30:00+00:00,208.1199951171875,208.92999267578125,208.1000061035156,208.759994506836,4045825
2025-05-20 13:30:00+00:00,207.6699981689453,208.3000030517578,206.47000122070312,207.84500122070312,9911111
2025-05-20 14:30:00+00:00,207.8300018310547,208.47000122070312,207.22000122070312,207.63429260253903,3762244
2025-05-20 15:30:00+00:00,207.6499938964844,208.42999267578125,207.0500030517578,207.8099975585937,4102805
2025-05-20 16:30:00+00:00,207.8099975585937,208.0153961181641,207.1100006103516,207.3800048828125,2803301
2025-05-20 17:30:00+00:00,207.3699951171875,207.40499877929688,205.47000122070312,205.58999633789065,4199913
2025-05-20 18:30:00+00:00,205.5800018310547,206.41000366210932,205.02999877929688,206.2700042724609,4844502
2025-05-20 19:30:00+00:00,206.2700042724609,206.94000244140625,205.92999267578125,206.8699951171875,3731510
2025-05-21 13:30:00+00:00,205.1199951171875,206.6100006103516,204.0599975585937,205.8099975585937,8941675
2025-05-21 14:30:00+00:00,205.8500061035156,207.0399932861328,205.4761962890625,206.5800018310547,4273571
2025-05-21 15:30:00+00:00,206.57000732421875,206.8699951171875,205.5200958251953,205.63999938964844,3570453
2025-05-21 16:30:00+00:00,205.6499938964844,206.08999633789065,202.0200042724609,202.1000061035156,12405386
2025-05-21 17:30:00+00:00,202.08999633789065,203.34500122070312,201.759994506836,202.3415069580078,7684596
2025-05-21 18:30:00+00:00,202.32000732421875,202.6100006103516,200.72000122070312,201.0301055908203,7028968
2025-05-21 19:30:00+00:00,201.0599975585937,202.4900054931641,201.0500030517578,202.0599975585937,6085411
2025-05-22 13:30:00+00:00,200.71499633789065,201.63999938964844,199.6999969482422,200.3600006103516,13339867
2025-05-22 14:30:00+00:00,200.3699951171875,201.3600006103516,200.3536071777344,200.9499969482422,5239551
2025-05-22 15:30:00+00:00,200.9499969482422,202.409896850586,200.8600006103516,201.9499969482422,4473843
2025-05-22 16:30:00+00:00,201.94500732421875,202.0699005126953,201.16000366210932,201.88999938964844,3223269
2025-05-22 17:30:00+00:00,201.8800048828125,202.22000122070312,201.6699981689453,201.97000122070312,3552562
2025-05-22 18:30:00+00:00,201.9600067138672,202.72000122070312,201.6499938964844,202.6100006103516,5071372
2025-05-22 19:30:00+00:00,202.6199951171875,202.6499938964844,201.0,201.3699951171875,5705738
2025-05-23 13:30:00+00:00,193.6649932861328,197.6999969482422,193.4600067138672,197.1699981689453,27970489
2025-05-23 14:30:00+00:00,197.1499938964844,197.3699951171875,195.69000244140625,196.5850067138672,7789566
2025-05-23 15:30:00+00:00,196.58999633789065,197.1199951171875,195.71499633789065,196.0502014160156,6693085
2025-05-23 16:30:00+00:00,196.05079650878903,196.67239379882807,195.634994506836,196.6199951171875,6093930
2025-05-23 17:30:00+00:00,196.6000061035156,196.6000061035156,195.08999633789065,195.75,7300789
2025-05-23 18:30:00+00:00,195.72000122070312,195.8999938964844,195.02999877929688,195.46240234375,6291505
2025-05-23 19:30:00+00:00,195.4600067138672,195.97000122070312,195.02999877929688,195.33999633789065,8128777
2025-05-27 13:30:00+00:00,198.3000030517578,199.1699981689453,197.42999267578125,198.3500061035156,13343197
2025-05-27 14:30:00+00:00,198.3600006103516,199.3699951171875,198.009994506836,199.3650054931641,6877187
2025-05-27 15:30:00+00:00,199.3600006103516,200.5800018310547,199.0,199.9949951171875,6493372
2025-05-27 16:30:00+00:00,199.9900054931641,200.6499938964844,199.6699981689453,199.9598999023437,4788957
2025-05-27 17:30:00+00:00,199.9550018310547,200.7400054931641,199.8099975585937,200.3699951171875,4199118
2025-05-27 18:30:00+00:00,200.3800048828125,200.5500030517578,200.19000244140625,200.29440307617188,4344607
2025-05-27 19:30:00+00:00,200.3000030517578,200.47000122070312,199.92999267578125,200.1999969482422,6028688
2025-05-28 13:30:00+00:00,200.67999267578125,202.72999572753903,199.8999938964844,200.75,11384135
2025-05-28 14:30:00+00:00,200.7400054931641,201.3099975585937,200.2100067138672,201.0449981689453,4989502
2025-05-28 15:30:00+00:00,201.0500030517578,201.2899932861328,200.86199951171875,201.1000061035156,2681810
2025-05-28 16:30:00+00:00,201.08999633789065,201.5200042724609,200.8249969482422,201.1100006103516,2692955
2025-05-28 17:30:00+00:00,201.1199951171875,201.25,200.72999572753903,200.8500061035156,2564636
2025-05-28 18:30:00+00:00,200.83999633789065,201.52110290527344,200.32000732421875,201.12860107421875,3702217
2025-05-28 19:30:00+00:00,201.08999633789065,201.3950042724609,200.19500732421875,200.4199981689453,4638874
2025-05-29 13:30:00+00:00,203.5749969482422,203.77999877929688,200.759994506836,201.13999938964844,13269413
2025-05-29 14:30:00+00:00,201.1100006103516,201.6499938964844,200.5500030517578,200.7400054931641,4965675
2025-05-29 15:30:00+00:00,200.7400054931641,200.8000030517578,198.509994506836,199.4199981689453,6137020
2025-05-29 16:30:00+00:00,199.3999938964844,200.44960021972656,199.3999938964844,199.9750061035156,3935142
2025-05-29 17:30:00+00:00,199.9600067138672,200.1699981689453,199.0399932861328,199.0399932861328,3863280
2025-05-29 18:30:00+00:00,199.0399932861328,199.57000732421875,198.57000732421875,199.1392974853516,4850814
2025-05-29 19:30:00+00:00,199.125,200.2480010986328,199.0800018310547,199.9499969482422,5888522
2025-05-30 13:30:00+00:00,199.40499877929688,199.57000732421875,197.97000122070312,199.2400054931641,8945068
2025-05-30 14:30:00+00:00,199.22999572753903,199.4850006103516,198.8099975585937,199.3099975585937,3302545
2025-05-30 15:30:00+00:00,199.3000030517578,199.3699951171875,197.55039978027344,197.71499633789065,3638495
2025-05-30 16:30:00+00:00,197.72000122070312,198.1699981689453,196.77999877929688,198.0850067138672,5105841
2025-05-30 17:30:00+00:00,198.0800018310547,199.17999267578125,197.9499969482422,199.1199951171875,3188808
2025-05-30 18:30:00+00:00,199.1199951171875,200.22999572753903,198.9199981689453,200.05059814453125,4653738
2025-05-30 19:30:00+00:00,200.07000732421875,201.9499969482422,199.74009704589844,200.66000366210932,12325548
2025-06-02 13:30:00+00:00,200.1499938964844,202.1300048828125,200.1199951171875,200.52999877929688,8866907
2025-06-02 14:30:00+00:00,200.5200042724609,201.9900054931641,200.3500061035156,200.7100067138672,4886322
2025-06-02 15:30:00+00:00,200.72000122070312,201.1186981201172,200.3000030517578,201.02999877929688,3147865
2025-06-02 16:30:00+00:00,201.02999877929688,201.16799926757807,200.57000732421875,200.860107421875,2227466
2025-06-02 17:30:00+00:00,200.8600006103516,201.52999877929688,200.58009338378903,201.45399475097656,2804759
2025-06-02 18:30:00+00:00,201.4499969482422,201.7799072265625,201.13999938964844,201.66000366210932,2805599
2025-06-02 19:30:00+00:00,201.6499938964844,201.80990600585932,201.3000030517578,201.8000030517578,3972829
2025-06-03 13:30:00+00:00,201.3500061035156,203.2400054931641,200.9550018310547,201.7400054931641,10305758
2025-06-03 14:30:00+00:00,201.7400054931641,202.69000244140625,201.52020263671875,202.5,4748287
2025-06-03 15:30:00+00:00,202.5200042724609,203.33999633789065,202.0599975585937,203.05499267578125,4217975
2025-06-03 16:30:00+00:00,203.0599975585937,203.7400054931641,202.72000122070312,203.31460571289065,3820571
2025-06-03 17:30:00+00:00,203.3350067138672,203.7700042724609,202.5,203.0917053222656,3339508
2025-06-03 18:30:00+00:00,203.0800018310547,203.4398956298828,202.9900054931641,203.17999267578125,2991230
2025-06-03 19:30:00+00:00,203.17999267578125,203.4698944091797,202.97999572753903,203.33999633789065,4035108
2025-06-04 13:30:00+00:00,202.91000366210932,206.2400054931641,202.6508026123047,205.13999938964844,12614073
2025-06-04 14:30:00+00:00,205.1199951171875,205.17999267578125,203.99009704589844,204.08999633789065,4439145
2025-06-04 15:30:00+00:00,204.08999633789065,204.6000061035156,202.1499938964844,202.8300018310547,7130175
2025-06-04 16:30:00+00:00,202.82000732421875,203.58999633789065,202.6150054931641,203.4149932861328,2639222
2025-06-04 17:30:00+00:00,203.41200256347656,203.47000122070312,202.8500061035156,203.1199951171875,2609590
2025-06-04 18:30:00+00:00,203.1100006103516,203.25,202.759994506836,203.19000244140625,3114173
2025-06-04 19:30:00+00:00,203.19000244140625,203.4476928710937,202.759994506836,202.88699340820312,3543324
2025-06-05 13:30:00+00:00,203.59500122070312,203.83999633789065,201.2700042724609,202.4499969482422,9756368
2025-06-05 14:30:00+00:00,202.4499969482422,204.58999633789065,201.6772003173828,204.54379272460932,6631520
2025-06-05 15:30:00+00:00,204.53500366210932,204.75,202.47999572753903,203.13999938964844,4785035
2025-06-05 16:30:00+00:00,203.13999938964844,203.25,201.5500030517578,202.60009765625,3948935
2025-06-05 17:30:00+00:00,202.6000061035156,202.8999938964844,201.1499938964844,202.2104034423828,3145886
2025-06-05 18:30:00+00:00,202.2100067138672,202.72000122070312,200.1999969482422,200.72999572753903,4825395
2025-06-05 19:30:00+00:00,200.7400054931641,201.7700042724609,200.1596069335937,200.5500030517578,6191418
2025-06-06 13:30:00+00:00,202.9949951171875,205.6999969482422,202.98309326171875,203.66000366210932,11106322
2025-06-06 14:30:00+00:00,203.6499938964844,204.0599975585937,202.97999572753903,203.17990112304688,4956876
2025-06-06 15:30:00+00:00,203.0800018310547,203.6000061035156,202.6100006103516,202.625,3261392
2025-06-06 16:30:00+00:00,202.6199951171875,203.77999877929688,202.0500030517578,203.58999633789065,4406812
2025-06-06 17:30:00+00:00,203.6000061035156,205.2100067138672,203.58999633789065,204.9850006103516,4157003
2025-06-06 18:30:00+00:00,204.9900054931641,205.47000122070312,204.6849975585937,204.6999969482422,4253859
2025-06-06 19:30:00+00:00,204.69000244140625,205.22000122070312,203.8950042724609,203.92999267578125,5842274
2025-06-09 13:30:00+00:00,204.38999938964844,206.0,203.97999572753903,205.32000732421875,10204602
2025-06-09 14:30:00+00:00,205.3000030517578,205.7400054931641,204.509994506836,204.52999877929688,4646532
2025-06-09 15:30:00+00:00,204.5301055908203,204.91000366210932,203.72999572753903,203.9288024902344,4660532
2025-06-09 16:30:00+00:00,203.92999267578125,205.2998962402344,200.0200042724609,200.72000122070312,14949524
2025-06-09 17:30:00+00:00,200.7100067138672,202.66769409179688,200.02999877929688,201.4600067138672,13053525
2025-06-09 18:30:00+00:00,201.42999267578125,201.6999969482422,200.6300048828125,201.25,8620350
2025-06-09 19:30:00+00:00,201.2100067138672,202.35499572753903,200.88999938964844,201.44000244140625,7398849
2025-06-10 13:30:00+00:00,200.6000061035156,203.35690307617188,200.57000732421875,202.8699951171875,13200692
2025-06-10 14:30:00+00:00,202.8600006103516,204.3500061035156,202.72999572753903,203.31500244140625,6624997
2025-06-10 15:30:00+00:00,203.32000732421875,203.32000732421875,202.3000946044922,202.538803100586,4294134
2025-06-10 16:30:00+00:00,202.52999877929688,202.76300048828125,201.75,201.759994506836,4163222
2025-06-10 17:30:00+00:00,201.7749938964844,202.1000061035156,201.3099975585937,201.6999969482422,5126577
2025-06-10 18:30:00+00:00,201.69000244140625,203.2250061035156,201.6000061035156,202.82000732421875,4955808
2025-06-10 19:30:00+00:00,202.82110595703125,202.9750061035156,202.3300018310547,202.75,4081286
2025-06-11 13:30:00+00:00,203.47000122070312,204.5,202.3300018310547,202.76010131835932,10386969
2025-06-11 14:30:00+00:00,202.759994506836,202.7700042724609,200.91000366210932,200.94000244140625,7233304
2025-06-11 15:30:00+00:00,200.8950042724609,201.1699981689453,199.6596069335937,200.2071075439453,10232286
2025-06-11 16:30:00+00:00,200.19070434570312,201.2364959716797,200.1849975585937,200.91000366210932,5829259
2025-06-11 17:30:00+00:00,200.90499877929688,200.9850006103516,198.7100067138672,199.2391967773437,6328313
2025-06-11 18:30:00+00:00,199.22000122070312,199.6000061035156,198.6199951171875,198.97999572753903,6509313
2025-06-11 19:30:00+00:00,198.9499969482422,199.125,198.41000366210932,198.8500061035156,6085149
2025-06-12 13:30:00+00:00,199.0800018310547,199.38999938964844,197.360107421875,198.0666961669922,10588317
2025-06-12 14:30:00+00:00,198.0800018310547,198.9250030517578,197.8627014160156,198.1499938964844,5324558
2025-06-12 15:30:00+00:00,198.1336975097656,198.63999938964844,197.7550048828125,198.58999633789065,3767271
2025-06-12 16:30:00+00:00,198.5800018310547,199.44000244140625,198.2100067138672,199.259994506836,4180542
2025-06-12 17:30:00+00:00,199.259994506836,199.67990112304688,198.6696014404297,198.75,3327745
2025-06-12 18:30:00+00:00,198.759994506836,199.06039428710932,198.5449981689453,198.884994506836,3064478
2025-06-12 19:30:00+00:00,198.8800048828125,199.1999969482422,198.3999938964844,199.1999969482422,3810648
2025-06-13 13:30:00+00:00,199.72999572753903,200.3699951171875,195.91000366210932,196.15499877929688,14838318
2025-06-13 14:30:00+00:00,196.16000366210932,197.63999938964844,195.97999572753903,197.509994506836,5870070
2025-06-13 15:30:00+00:00,197.5200042724609,198.0475006103516,197.2100067138672,197.2700042724609,4078021
2025-06-13 16:30:00+00:00,197.2899932861328,197.57000732421875,196.9199981689453,197.2700042724609,3611125
2025-06-13 17:30:00+00:00,197.25,197.7100067138672,196.22000122070312,196.2779998779297,4012087
2025-06-13 18:30:00+00:00,196.259994506836,196.63999938964844,195.8099975585937,196.22000122070312,5166232
2025-06-13 19:30:00+00:00,196.2400054931641,196.69000244140625,195.7700042724609,196.4499969482422,5657582
2025-06-16 13:30:00+00:00,197.2899932861328,198.6849975585937,196.5635986328125,198.42999267578125,10592906
2025-06-16 14:30:00+00:00,198.4349975585937,198.66000366210932,197.1649932861328,197.31500244140625,5091014
2025-06-16 15:30:00+00:00,197.3099975585937,197.6300048828125,196.875,197.0800018310547,4269679
2025-06-16 16:30:00+00:00,197.0800018310547,197.9550018310547,197.0200042724609,197.875,2678380
2025-06-16 17:30:00+00:00,197.884994506836,198.19000244140625,197.7700042724609,197.9886932373047,3200825
2025-06-16 18:30:00+00:00,197.9900054931641,198.3999938964844,197.66000366210932,198.2449951171875,3569146
2025-06-16 19:30:00+00:00,198.2449951171875,198.4900054931641,197.92999267578125,198.3699951171875,4718967
2025-06-17 13:30:00+00:00,197.1999969482422,197.92999267578125,196.2550048828125,197.5800018310547,7902396
2025-06-17 14:30:00+00:00,197.5829925537109,197.7899932861328,197.3249969482422,197.5800018310547,3367583
2025-06-17 15:30:00+00:00,197.58999633789065,198.388900756836,197.4600067138672,197.6150054931641,3514424
2025-06-17 16:30:00+00:00,197.6100006103516,197.845703125,196.46499633789065,196.5200042724609,4473741
2025-06-17 17:30:00+00:00,196.509994506836,196.82000732421875,195.2100067138672,195.4600067138672,4011630
2025-06-17 18:30:00+00:00,195.47999572753903,195.94000244140625,195.42030334472656,195.83999633789065,3616427
2025-06-17 19:30:00+00:00,195.8500061035156,195.884994506836,195.4409942626953,195.63999938964844,4321581
2025-06-18 13:30:00+00:00,195.94500732421875,197.509994506836,195.07000732421875,197.0601959228516,8663131
2025-06-18 14:30:00+00:00,197.1100006103516,197.57000732421875,196.634994506836,196.94000244140625,3977500
2025-06-18 15:30:00+00:00,196.8500061035156,197.22999572753903,196.50030517578125,196.9508056640625,2676891
2025-06-18 16:30:00+00:00,196.94000244140625,197.0200042724609,196.0500030517578,196.0599975585937,2527979
2025-06-18 17:30:00+00:00,196.07000732421875,196.97999572753903,195.6300048828125,195.91000366210932,3683814
2025-06-18 18:30:00+00:00,195.91000366210932,196.4499969482422,195.1100006103516,195.63999938964844,5009904
2025-06-18 19:30:00+00:00,195.6300048828125,197.1100006103516,195.46600341796875,196.25,7662210
2025-06-20 13:30:00+00:00,198.2350006103516,200.94000244140625,197.52999877929688,198.67999267578125,26036367
2025-06-20 14:30:00+00:00,198.69000244140625,198.69000244140625,196.859603881836,197.6699981689453,6560590
2025-06-20 15:30:00+00:00,197.7100067138672,198.8600006103516,197.6999969482422,198.4900054931641,4287672
2025-06-20 16:30:00+00:00,198.4900054931641,199.3699951171875,198.2700042724609,198.32000732421875,4286863
2025-06-20 17:30:00+00:00,198.32000732421875,200.19000244140625,198.07000732421875,199.8099975585937,5317209
2025-06-20 18:30:00+00:00,199.82000732421875,200.33670043945312,199.60009765625,199.92999267578125,7927637
2025-06-20 19:30:00+00:00,199.9199981689453,201.6999969482422,199.7700042724609,200.94000244140625,10755124
2025-06-23 13:30:00+00:00,201.5319976806641,202.3000030517578,199.94000244140625,201.37179565429688,12829209
2025-06-23 14:30:00+00:00,201.3800048828125,201.58999633789065,200.1999969482422,200.52999877929688,5321162
2025-06-23 15:30:00+00:00,200.3300018310547,200.5200042724609,199.509994506836,200.1396026611328,4993482
2025-06-23 16:30:00+00:00,200.13999938964844,201.5200042724609,198.9600067138672,201.43899536132807,4894801
2025-06-23 17:30:00+00:00,201.4600067138672,202.2400054931641,201.0800018310547,201.69000244140625,6635454
2025-06-23 18:30:00+00:00,201.6699981689453,201.8968048095703,201.0507049560547,201.36019897460932,4184558
2025-06-23 19:30:00+00:00,201.3500061035156,201.83999633789065,201.134994506836,201.5500030517578,3965279
2025-06-24 13:30:00+00:00,202.58999633789065,202.77999877929688,200.1999969482422,200.9822998046875,12508328
2025-06-24 14:30:00+00:00,200.9900054931641,201.5800018310547,200.7404022216797,201.3800048828125,4685578
2025-06-24 15:30:00+00:00,201.4600067138672,202.56500244140625,201.2400054931641,202.4499969482422,4724128
2025-06-24 16:30:00+00:00,202.45150756835932,203.44000244140625,201.94000244140625,201.9600067138672,6930517
2025-06-24 17:30:00+00:00,201.9600067138672,202.3300018310547,201.3099975585937,201.57000732421875,4599071
2025-06-24 18:30:00+00:00,201.5800018310547,202.01499938964844,201.30499267578125,201.52999877929688,5015277
2025-06-24 19:30:00+00:00,201.53500366210932,201.5998992919922,200.2700042724609,200.2899932861328,7488205
2025-06-25 13:30:00+00:00,201.4199981689453,203.66000366210932,201.1999969482422,202.44000244140625,10894360
2025-06-25 14:30:00+00:00,202.44000244140625,203.1750030517578,201.9900054931641,202.1000061035156,5914874
2025-06-25 15:30:00+00:00,202.10499572753903,202.1699981689453,201.3999938964844,201.8699951171875,3571019
2025-06-25 16:30:00+00:00,201.8800048828125,202.1999053955078,201.08999633789065,201.13999938964844,2830902
2025-06-25 17:30:00+00:00,201.13999938964844,201.27999877929688,200.6201019287109,201.0153961181641,3158873
2025-06-25 18:30:00+00:00,201.0200042724609,201.5,200.9499969482422,201.1598052978516,3073812
2025-06-25 19:30:00+00:00,201.13999938964844,201.6199951171875,200.884994506836,201.6000061035156,4058748
2025-06-26 13:30:00+00:00,201.42999267578125,202.6150054931641,199.6499938964844,199.75,11861101
2025-06-26 14:30:00+00:00,199.7400054931641,200.509994506836,199.6199951171875,199.69000244140625,6026822
2025-06-26 15:30:00+00:00,199.7100067138672,200.7899932861328,199.4600067138672,200.122802734375,4778323
2025-06-26 16:30:00+00:00,200.13780212402344,200.2700042724609,199.634994506836,200.2400054931641,4568502
2025-06-26 17:30:00+00:00,200.25,201.3600006103516,199.9750061035156,200.97999572753903,5027751
2025-06-26 18:30:00+00:00,200.9900054931641,201.1786956787109,200.75,201.1750030517578,3971689
2025-06-26 19:30:00+00:00,201.1752014160156,201.5599975585937,200.7899932861328,200.94000244140625,5945620
2025-06-27 13:30:00+00:00,201.8950042724609,203.22000122070312,201.259994506836,201.58009338378903,11392916
2025-06-27 14:30:00+00:00,201.58999633789065,201.9501953125,200.85499572753903,201.38180541992188,6069609
2025-06-27 15:30:00+00:00,201.3999938964844,202.0500030517578,201.38999938964844,201.9900054931641,4142671
2025-06-27 16:30:00+00:00,201.9900054931641,202.6999969482422,201.72999572753903,202.0800018310547,4499910
2025-06-27 17:30:00+00:00,202.1000061035156,202.1199951171875,200.92999267578125,201.44000244140625,5147746
2025-06-27 18:30:00+00:00,201.4499969482422,201.5200042724609,200.7899932861328,201.125,5338193
2025-06-27 19:30:00+00:00,201.1300048828125,201.2700042724609,200.22000122070312,201.1000061035156,6326536
2025-06-30 13:30:00+00:00,202.009994506836,202.19000244140625,200.35240173339844,201.0099029541016,9942898
2025-06-30 14:30:00+00:00,201.0050048828125,201.32000732421875,199.5901031494141,199.97000122070312,7348749
2025-06-30 15:30:00+00:00,199.9891967773437,200.4199981689453,199.8000030517578,200.3249969482422,4709275
2025-06-30 16:30:00+00:00,200.3099975585937,200.47999572753903,199.84500122070312,200.15499877929688,4227066
2025-06-30 17:30:00+00:00,200.15499877929688,200.8300018310547,199.8999938964844,200.69500732421875,3674697
2025-06-30 18:30:00+00:00,200.69509887695312,207.08999633789065,199.2606964111328,206.58560180664065,26910135
2025-06-30 19:30:00+00:00,206.5500030517578,207.38999938964844,205.0500030517578,205.1199951171875,13956446
2025-07-01 13:30:00+00:00,206.6649932861328,209.8300018310547,206.14010620117188,209.54010009765625,26727051
2025-07-01 14:30:00+00:00,209.5500946044922,210.18649291992188,207.47000122070312,207.9499969482422,15475523
2025-07-01 15:30:00+00:00,207.9600067138672,208.1849975585937,206.7899932861328,207.875,7412772
2025-07-01 16:30:00+00:00,207.8699951171875,208.52999877929688,207.1000061035156,208.08999633789065,6089153
2025-07-01 17:30:00+00:00,208.08889770507807,208.4199981689453,207.6100006103516,208.2100067138672,4666140
2025-07-01 18:30:00+00:00,208.2100067138672,208.42990112304688,207.375,208.19000244140625,5033918
2025-07-01 19:30:00+00:00,208.1849975585937,208.22999572753903,207.51499938964844,207.8600006103516,5286012
2025-07-02 13:30:00+00:00,209.0800018310547,213.33999633789065,208.13999938964844,212.3000030517578,24809075
2025-07-02 14:30:00+00:00,212.27999877929688,212.8500061035156,211.4199981689453,211.4750061035156,8338925
2025-07-02 15:30:00+00:00,211.4900054931641,212.0200042724609,210.8600006103516,210.92030334472656,6059046
2025-07-02 16:30:00+00:00,210.9199981689453,211.3500061035156,210.22000122070312,210.818099975586,5032781
2025-07-02 17:30:00+00:00,210.8099975585937,211.7700042724609,210.7400054931641,211.58999633789065,3704293
2025-07-02 18:30:00+00:00,211.5749969482422,212.9600067138672,211.3699951171875,211.94500732421875,6995805
2025-07-02 19:30:00+00:00,211.94000244140625,212.75,211.92999267578125,212.41000366210932,6287690
2025-07-03 13:30:00+00:00,212.1450042724609,213.85989379882807,211.8101043701172,213.7350006103516,11914855
2025-07-03 14:30:00+00:00,213.7400054931641,214.4600067138672,213.0399932861328,213.8800048828125,8989319
2025-07-03 15:30:00+00:00,213.889892578125,214.6499938964844,213.6699981689453,214.1000061035156,5268462
2025-07-07 13:30:00+00:00,212.67999267578125,215.8300018310547,211.8099975585937,212.3600006103516,13506133
2025-07-07 14:30:00+00:00,212.3699951171875,212.6000061035156,211.6000061035156,212.0399932861328,4497654
2025-07-07 15:30:00+00:00,212.03500366210932,212.22000122070312,210.3800048828125,210.8365020751953,4843940
2025-07-07 16:30:00+00:00,210.8390045166016,211.1699066162109,209.5200042724609,209.6703948974609,5039814
2025-07-07 17:30:00+00:00,209.6699981689453,210.5,208.91000366210932,208.94039916992188,4210639
2025-07-07 18:30:00+00:00,208.94000244140625,210.07000732421875,208.8000030517578,209.4499969482422,4388321
2025-07-07 19:30:00+00:00,209.4600067138672,210.25,209.19000244140625,209.94000244140625,4768433
2025-07-08 13:30:00+00:00,210.1300048828125,210.4600067138672,208.4499969482422,209.27999877929688,9381795
2025-07-08 14:30:00+00:00,209.28500366210932,211.42999267578125,209.259994506836,209.8706970214844,5854284
2025-07-08 15:30:00+00:00,209.8800048828125,211.1849975585937,209.77999877929688,210.8300018310547,3759768
2025-07-08 16:30:00+00:00,210.83999633789065,210.88999938964844,209.5,209.8350067138672,3725509
2025-07-08 17:30:00+00:00,209.83999633789065,210.259994506836,209.32000732421875,209.94500732421875,2881574
2025-07-08 18:30:00+00:00,209.9499969482422,210.0449981689453,209.40499877929688,209.60499572753903,2636682
2025-07-08 19:30:00+00:00,209.58999633789065,210.33999633789065,209.3000030517578,210.03500366210932,5121140
2025-07-09 13:30:00+00:00,209.52999877929688,210.8999938964844,209.3500061035156,209.91000366210932,8992949
2025-07-09 14:30:00+00:00,209.88999938964844,209.8999938964844,207.22000122070312,207.80499267578125,8309318
2025-07-09 15:30:00+00:00,207.8099975585937,208.22000122070312,207.26589965820312,207.8000030517578,4676493
2025-07-09 16:30:00+00:00,207.81039428710932,209.0449981689453,207.57139587402344,208.9156036376953,3964765
2025-07-09 17:30:00+00:00,208.9149932861328,209.97999572753903,208.72000122070312,209.7324981689453,4016622
2025-07-09 18:30:00+00:00,209.7449951171875,210.19000244140625,209.6199951171875,209.88999938964844,3710492
2025-07-09 19:30:00+00:00,209.8800048828125,211.3300018310547,209.72999572753903,211.1100006103516,6191235
2025-07-10 13:30:00+00:00,210.5050048828125,212.2998962402344,210.1199951171875,212.009994506836,9591288
2025-07-10 14:30:00+00:00,212.02999877929688,213.47999572753903,211.8999938964844,212.97999572753903,8759012
2025-07-10 15:30:00+00:00,212.9900054931641,213.17999267578125,211.8300018310547,212.0800018310547,4598153
2025-07-10 16:30:00+00:00,212.07000732421875,212.77999877929688,211.8500061035156,212.6199951171875,3384939
2025-07-10 17:30:00+00:00,212.6100006103516,213.16000366210932,212.3099975585937,212.6000061035156,3025386
2025-07-10 18:30:00+00:00,212.5948944091797,213.4499969482422,212.57000732421875,212.5749969482422,3341074
2025-07-10 19:30:00+00:00,212.5800018310547,213.0200042724609,212.08999633789065,212.4199981689453,4470431
2025-07-11 13:30:00+00:00,210.56500244140625,212.1300048828125,209.8600006103516,211.7899932861328,8592173
2025-07-11 14:30:00+00:00,211.7899932861328,211.7899932861328,210.47999572753903,210.8249969482422,4031708
2025-07-11 15:30:00+00:00,210.8300018310547,211.2100067138672,210.4282989501953,210.634994506836,3418923
2025-07-11 16:30:00+00:00,210.6199951171875,211.2899932861328,210.4499969482422,211.1649932861328,2805663
2025-07-11 17:30:00+00:00,211.15499877929688,211.6598052978516,210.95199584960932,211.40499877929688,2380669
2025-07-11 18:30:00+00:00,211.41000366210932,211.5169982910156,210.6199951171875,211.16000366210932,2371782
2025-07-11 19:30:00+00:00,211.1300048828125,211.3999938964844,211.029296875,211.0749969482422,4157903
2025-07-14 13:30:00+00:00,209.90899658203125,210.91000366210932,207.5399932861328,208.02999877929688,11410322
2025-07-14 14:30:00+00:00,208.02999877929688,208.8916931152344,207.8249969482422,208.76499938964844,4099030
2025-07-14 15:30:00+00:00,208.7700042724609,209.17999267578125,208.5599975585937,208.8406982421875,3442253
2025-07-14 16:30:00+00:00,208.8500061035156,209.3300018310547,208.7601928710937,209.0,2496708
2025-07-14 17:30:00+00:00,209.0133056640625,209.4499969482422,208.96080017089844,209.0,2387557
2025-07-14 18:30:00+00:00,209.0,209.4073028564453,208.8701019287109,209.1999053955078,3211653
2025-07-14 19:30:00+00:00,209.1699981689453,209.19000244140625,208.5200042724609,208.5399932861328,4180894
2025-07-15 13:30:00+00:00,209.1499938964844,211.1300048828125,208.9199981689453,210.1699981689453,9804649
2025-07-15 14:30:00+00:00,210.13999938964844,211.42999267578125,209.1976928710937,211.42999267578125,5300718
2025-07-15 15:30:00+00:00,211.42999267578125,211.88999938964844,210.3600006103516,210.67999267578125,4617922
2025-07-15 16:30:00+00:00,210.69500732421875,211.07000732421875,210.3800048828125,210.67269897460932,2111068
2025-07-15 17:30:00+00:00,210.6849975585937,211.6699981689453,210.66000366210932,211.375,2756121
2025-07-15 18:30:00+00:00,211.388900756836,211.47999572753903,209.9600067138672,210.17999267578125,3943223
2025-07-15 19:30:00+00:00,210.2030029296875,210.2899932861328,208.9900054931641,209.009994506836,3872873
2025-07-16 13:30:00+00:00,210.2899932861328,212.3999938964844,209.91050720214844,212.0850067138672,11863740
2025-07-16 14:30:00+00:00,212.1100006103516,212.1844940185547,209.2899932861328,210.1199951171875,6716190
2025-07-16 15:30:00+00:00,210.1488037109375,210.5,208.63999938964844,209.58999633789065,5283557
2025-07-16 16:30:00+00:00,209.6000061035156,210.947998046875,209.3699951171875,210.3500061035156,2958239
2025-07-16 17:30:00+00:00,210.33999633789065,210.63189697265625,209.8710021972656,210.0384979248047,2325549
2025-07-16 18:30:00+00:00,210.0399932861328,210.5850982666016,210.0399932861328,210.3249969482422,2064165
2025-07-16 19:30:00+00:00,210.32000732421875,210.6365966796875,209.97000122070312,210.22000122070312,4310071
2025-07-17 13:30:00+00:00,210.625,211.009994506836,209.58999633789065,209.9499969482422,9963627
2025-07-17 14:30:00+00:00,209.94000244140625,210.8300018310547,209.7700042724609,210.44000244140625,4483480
2025-07-17 15:30:00+00:00,210.4499969482422,211.4499969482422,210.10499572753903,211.38999938964844,5714933
2025-07-17 16:30:00+00:00,211.388900756836,211.509994506836,210.7899932861328,210.9550018310547,3852173
2025-07-17 17:30:00+00:00,210.9499969482422,211.8000030517578,210.9001007080078,211.27999877929688,5287499
2025-07-17 18:30:00+00:00,211.27999877929688,211.27999877929688,210.77999877929688,210.9949951171875,4445454
2025-07-17 19:30:00+00:00,210.99989318847656,211.0500030517578,209.7400054931641,210.06100463867188,7016080
2025-07-18 13:30:00+00:00,210.7550048828125,211.009994506836,209.7044982910156,209.9542999267578,15729684
2025-07-18 14:30:00+00:00,209.9600067138672,211.009994506836,209.7700042724609,210.8500061035156,4957360
2025-07-18 15:30:00+00:00,210.85499572753903,211.1300048828125,210.67999267578125,211.009994506836,3993353
2025-07-18 16:30:00+00:00,211.0200042724609,211.7899932861328,210.8800048828125,211.19000244140625,3840387
2025-07-18 17:30:00+00:00,211.17999267578125,211.5399932861328,210.759994506836,210.9349975585937,3054294
2025-07-18 18:30:00+00:00,210.92999267578125,211.19500732421875,210.7899932861328,210.9499969482422,2639727
2025-07-18 19:30:00+00:00,210.94000244140625,211.34500122070312,210.8300018310547,211.22000122070312,4433304
2025-07-21 13:30:00+00:00,212.0500030517578,215.77999877929688,211.64089965820312,214.6450042724609,19931497
2025-07-21 14:30:00+00:00,214.63999938964844,214.7100067138672,212.8699951171875,213.47000122070312,7487806
2025-07-21 15:30:00+00:00,213.4600067138672,213.7100067138672,213.16000366210932,213.3195953369141,3139375
2025-07-21 16:30:00+00:00,213.31500244140625,213.8600006103516,213.13999938964844,213.67999267578125,2907043
2025-07-21 17:30:00+00:00,213.66000366210932,213.7100067138672,212.509994506836,213.259994506836,4055325
2025-07-21 18:30:00+00:00,213.268798828125,213.42999267578125,212.509994506836,212.5800018310547,2890224
2025-07-21 19:30:00+00:00,212.5800018310547,212.71859741210932,212.07000732421875,212.5399932861328,3808451
2025-07-22 13:30:00+00:00,213.2350006103516,214.02999877929688,212.2301025390625,213.2655029296875,12377510
2025-07-22 14:30:00+00:00,213.259994506836,213.69000244140625,212.72000122070312,213.477294921875,4721399
2025-07-22 15:30:00+00:00,213.47000122070312,213.82000732421875,212.759994506836,213.27999877929688,5611485
2025-07-22 16:30:00+00:00,213.2400054931641,214.47999572753903,212.83999633789065,214.41119384765625,4068346
2025-07-22 17:30:00+00:00,214.3999938964844,214.42340087890625,213.44000244140625,213.7100067138672,3620984
2025-07-22 18:30:00+00:00,213.7100067138672,214.4199066162109,213.7100067138672,214.1849975585937,3749973
2025-07-22 19:30:00+00:00,214.17999267578125,214.6450042724609,213.92999267578125,214.38999938964844,4788294
2025-07-23 13:30:00+00:00,215.0449981689453,215.1000061035156,212.41000366210932,212.9351043701172,13479209
2025-07-23 14:30:00+00:00,212.9499053955078,213.1699981689453,212.5,213.1499938964844,4588657
2025-07-23 15:30:00+00:00,213.1499938964844,213.8099975585937,212.6499938964844,213.5,4465099
2025-07-23 16:30:00+00:00,213.5,214.2285003662109,213.3600006103516,214.125,2552446
2025-07-23 17:30:00+00:00,214.1199951171875,214.634994506836,214.07000732421875,214.40499877929688,4350901
2025-07-23 18:30:00+00:00,214.40499877929688,214.69500732421875,213.94000244140625,214.13999938964844,3541364
2025-07-23 19:30:00+00:00,214.1450042724609,214.3099975585937,213.6100006103516,214.3099975585937,4190088
2025-07-24 13:30:00+00:00,214.0599975585937,215.69000244140625,213.52999877929688,214.4600067138672,11740713
2025-07-24 14:30:00+00:00,214.4499969482422,215.3500061035156,214.08999633789065,215.259994506836,6108820
2025-07-24 15:30:00+00:00,215.2615966796875,215.4900054931641,214.1999969482422,214.33999633789065,4945138
2025-07-24 16:30:00+00:00,214.33999633789065,215.1999969482422,214.27999877929688,214.7899932861328,2987772
2025-07-24 17:30:00+00:00,214.7899932861328,215.1999969482422,214.5599975585937,214.7350006103516,2538966
2025-07-24 18:30:00+00:00,214.7389068603516,215.0200042724609,214.3300018310547,214.8099975585937,3138944
2025-07-24 19:30:00+00:00,214.81100463867188,214.94000244140625,213.72000122070312,213.759994506836,5843431
2025-07-25 13:30:00+00:00,214.6999969482422,214.8600006103516,213.7400054931641,214.58529663085932,10049767
2025-07-25 14:30:00+00:00,214.58999633789065,215.2400054931641,214.2100067138672,214.509994506836,5133351
2025-07-25 15:30:00+00:00,214.5,214.63999938964844,214.0500030517578,214.3896026611328,5205668
2025-07-25 16:30:00+00:00,214.38999938964844,214.58999633789065,214.0399932861328,214.1699981689453,2636543
2025-07-25 17:30:00+00:00,214.1703948974609,214.509994506836,213.82000732421875,213.88999938964844,3060915
2025-07-25 18:30:00+00:00,213.91000366210932,214.009994506836,213.3999938964844,213.5,2957957
2025-07-25 19:30:00+00:00,213.5050048828125,214.0,213.4900054931641,213.9600067138672,4400863
2025-07-28 13:30:00+00:00,214.02999877929688,214.7400054931641,213.5800018310547,214.5200042724609,7838862
2025-07-28 14:30:00+00:00,214.53500366210932,214.84500122070312,214.122299194336,214.4349975585937,3872401
2025-07-28 15:30:00+00:00,214.44000244140625,214.75,214.2899932861328,214.5399932861328,2571343
2025-07-28 16:30:00+00:00,214.53500366210932,214.5749969482422,213.4149932861328,213.6450042724609,3975039
2025-07-28 17:30:00+00:00,213.634994506836,214.0200042724609,213.6199951171875,213.8000030517578,2392173
2025-07-28 18:30:00+00:00,213.82000732421875,213.8300018310547,213.0599975585937,213.42999267578125,4397176
2025-07-28 19:30:00+00:00,213.4199981689453,214.0500030517578,213.32000732421875,214.0399932861328,3976187
2025-07-29 13:30:00+00:00,214.16000366210932,214.8099975585937,211.509994506836,213.0500030517578,11789728
2025-07-29 14:30:00+00:00,213.0399932861328,213.2483062744141,211.88999938964844,211.8999938964844,5404192
2025-07-29 15:30:00+00:00,211.8809967041016,212.92999267578125,211.6999969482422,212.0,4842502
2025-07-29 16:30:00+00:00,211.9900054931641,212.38999938964844,210.8249969482422,212.1999969482422,4558639
2025-07-29 17:30:00+00:00,212.2100067138672,212.38999938964844,211.81500244140625,211.9600067138672,3024877
2025-07-29 18:30:00+00:00,211.96499633789065,212.44000244140625,211.6000061035156,211.88999938964844,3376083
2025-07-29 19:30:00+00:00,211.88999938964844,211.91000366210932,211.05450439453125,211.3500061035156,4836491
2025-07-30 13:30:00+00:00,211.8950042724609,212.38999938964844,210.0200042724609,210.6100006103516,7424119
2025-07-30 14:30:00+00:00,210.6199951171875,210.72000122070312,209.6199951171875,209.71499633789065,3733727
2025-07-30 15:30:00+00:00,209.72000122070312,210.4199981689453,209.57000732421875,210.1199951171875,2767617
2025-07-30 16:30:00+00:00,210.1100006103516,210.1699981689453,209.32000732421875,209.75650024414065,2841873
2025-07-30 17:30:00+00:00,209.75,210.14990234375,209.47999572753903,209.85499572753903,3212089
2025-07-30 18:30:00+00:00,209.85499572753903,210.13999938964844,207.72000122070312,208.5200042724609,5902392
2025-07-30 19:30:00+00:00,208.509994506836,209.10989379882807,208.1300048828125,209.0200042724609,4190797
2025-07-31 13:30:00+00:00,208.3800048828125,209.68150329589844,207.8249969482422,208.8424072265625,11337524
2025-07-31 14:30:00+00:00,208.8600006103516,209.5500030517578,208.07000732421875,208.2828063964844,6709067
2025-07-31 15:30:00+00:00,208.2700042724609,209.0,208.1699981689453,208.9544982910156,4492059
2025-07-31 16:30:00+00:00,208.9499969482422,209.83999633789065,208.5,208.6649932861328,5149802
2025-07-31 17:30:00+00:00,208.6649932861328,208.9199981689453,207.58999633789065,208.6100006103516,5001721
2025-07-31 18:30:00+00:00,208.6100006103516,209.38429260253903,208.4900054931641,208.5699005126953,6029902
2025-07-31 19:30:00+00:00,208.57000732421875,208.8500061035156,207.16000366210932,207.6100006103516,8246453
2025-08-01 13:30:00+00:00,210.88999938964844,213.5800018310547,204.3699951171875,205.3600006103516,29330279
2025-08-01 14:30:00+00:00,205.3300018310547,205.72999572753903,203.07000732421875,203.44000244140625,11748154
2025-08-01 15:30:00+00:00,203.4199981689453,204.58999633789065,202.6499938964844,202.75,9260890
2025-08-01 16:30:00+00:00,202.759994506836,203.2895050048828,201.5,201.9824981689453,8501358
2025-08-01 17:30:00+00:00,201.9801025390625,203.72999572753903,201.63009643554688,203.5500030517578,8026633
2025-08-01 18:30:00+00:00,203.5500030517578,204.3211975097656,202.8999938964844,203.19000244140625,7684390
2025-08-01 19:30:00+00:00,203.17999267578125,203.2400054931641,202.1699981689453,202.2700042724609,8416967
2025-08-04 13:30:00+00:00,204.5050048828125,206.83999633789065,204.19500732421875,206.759994506836,13367550
2025-08-04 14:30:00+00:00,206.759994506836,207.8800048828125,205.7400054931641,205.7700042724609,8818623
2025-08-04 15:30:00+00:00,205.759994506836,205.8800048828125,203.92999267578125,203.9349975585937,5759426
2025-08-04 16:30:00+00:00,203.94000244140625,204.47999572753903,203.8650054931641,204.1499938964844,5046794
2025-08-04 17:30:00+00:00,204.13999938964844,204.22000122070312,203.41000366210932,203.42999267578125,4659225
2025-08-04 18:30:00+00:00,203.44000244140625,203.52999877929688,202.07000732421875,202.3249969482422,10594574
2025-08-04 19:30:00+00:00,202.3300018310547,203.4499969482422,201.6750030517578,203.33999633789065,8673869
2025-08-05 13:30:00+00:00,203.4349975585937,204.55499267578125,202.16000366210932,204.52999877929688,9812948
2025-08-05 14:30:00+00:00,204.53500366210932,205.33999633789065,203.90499877929688,204.6300048828125,6466189
2025-08-05 15:30:00+00:00,204.6199951171875,204.69000244140625,203.44000244140625,203.7100067138672,3782674
2025-08-05 16:30:00+00:00,203.7100067138672,204.1699981689453,203.08999633789065,204.03500366210932,3720976
2025-08-05 17:30:00+00:00,204.0500030517578,204.3000030517578,203.759994506836,203.8699951171875,2677706
2025-08-05 18:30:00+00:00,203.8600006103516,203.97000122070312,203.19009399414065,203.3350067138672,3354757
2025-08-05 19:30:00+00:00,203.33999633789065,203.41000366210932,202.6699981689453,202.92999267578125,3784751
2025-08-06 13:30:00+00:00,205.6000061035156,211.1499938964844,205.58999633789065,210.759994506836,23760541
2025-08-06 14:30:00+00:00,210.759994506836,214.33999633789065,210.6300048828125,214.2250061035156,15618173
2025-08-06 15:30:00+00:00,214.2250061035156,214.9900054931641,213.6699981689453,214.49989318847656,15397308
2025-08-06 16:30:00+00:00,214.5196990966797,214.889892578125,213.86900329589844,214.5399932861328,7331995
2025-08-06 17:30:00+00:00,214.51499938964844,215.3800048828125,214.08999633789065,214.6024932861328,8218314
2025-08-06 18:30:00+00:00,214.6100006103516,214.7949981689453,213.75,213.875,7181809
2025-08-06 19:30:00+00:00,213.884994506836,214.4199981689453,212.8099975585937,213.25,9553119
2025-08-07 13:30:00+00:00,218.875,220.3300018310547,216.5800018310547,218.2700042724609,30765656
2025-08-07 14:30:00+00:00,218.2863006591797,220.1300048828125,217.6499938964844,219.6289978027344,11957311
2025-08-07 15:30:00+00:00,219.6199951171875,220.33999633789065,219.4199981689453,219.9149932861328,9896825
2025-08-07 16:30:00+00:00,219.9199981689453,220.2100067138672,213.25,218.7100067138672,7182645
2025-08-07 17:30:00+00:00,218.72000122070312,219.72999572753903,218.7100982666016,219.5,4729353
2025-08-07 18:30:00+00:00,219.4900054931641,220.8500061035156,219.24349975585932,219.3000946044922,9312135
2025-08-07 19:30:00+00:00,219.30450439453125,220.1999969482422,219.25,220.1300048828125,6898669
2025-08-08 13:30:00+00:00,220.82000732421875,223.1000061035156,219.25,222.7816925048828,15552244
2025-08-08 14:30:00+00:00,222.77999877929688,224.6300048828125,222.6300048828125,224.3600006103516,10674558
2025-08-08 15:30:00+00:00,224.35499572753903,228.2250061035156,224.3099975585937,228.1999969482422,16989559
2025-08-08 16:30:00+00:00,228.2097930908203,230.91000366210932,227.943603515625,228.6750030517578,25554276
2025-08-08 17:30:00+00:00,228.6699981689453,230.9900054931641,228.5500030517578,229.2899932861328,12552865
2025-08-08 18:30:00+00:00,229.2915954589844,229.87989807128903,228.509994506836,228.8300018310547,11212305
2025-08-08 19:30:00+00:00,228.82000732421875,229.69000244140625,228.4600067138672,229.3699951171875,11188500
2025-08-11 13:30:00+00:00,227.9199981689453,228.72999572753903,224.7624053955078,226.7749938964844,16158774
2025-08-11 14:30:00+00:00,226.7899932861328,227.88999938964844,226.1000061035156,227.47000122070312,7977854
2025-08-11 15:30:00+00:00,227.47000122070312,229.5599975585937,227.47000122070312,228.72999572753903,7420183
2025-08-11 16:30:00+00:00,228.7350006103516,229.0998992919922,228.0,228.1000061035156,4120877
2025-08-11 17:30:00+00:00,228.08999633789065,228.19500732421875,227.009994506836,227.7350006103516,5313497
2025-08-11 18:30:00+00:00,227.759994506836,227.9600067138672,227.1000061035156,227.6499938964844,7584927
2025-08-11 19:30:00+00:00,227.65919494628903,227.69500732421875,226.63999938964844,227.2050018310547,5849057
2025-08-12 13:30:00+00:00,228.0050048828125,229.9398956298828,227.1000061035156,228.57000732421875,12571415
2025-08-12 14:30:00+00:00,228.58999633789065,230.5865020751953,228.259994506836,229.72999572753903,10092499
2025-08-12 15:30:00+00:00,229.7299041748047,230.1100006103516,228.32000732421875,229.77999877929688,4868374
2025-08-12 16:30:00+00:00,229.77999877929688,230.77999877929688,229.66000366210932,229.7749938964844,5072601
2025-08-12 17:30:00+00:00,229.7700958251953,230.5500030517578,229.4499969482422,229.57000732421875,3593400
2025-08-12 18:30:00+00:00,229.5800018310547,229.6100006103516,228.9199981689453,229.18299865722656,3327871
2025-08-12 19:30:00+00:00,229.1699981689453,230.1000061035156,229.0599975585937,229.6499938964844,4734707
2025-08-13 13:30:00+00:00,231.07000732421875,232.72000122070312,230.42999267578125,231.8099975585937,14738656
2025-08-13 14:30:00+00:00,231.8099975585937,234.5500030517578,231.67999267578125,232.2899932861328,11605576
2025-08-13 15:30:00+00:00,232.27999877929688,233.3972930908203,232.0301971435547,233.09500122070312,5966244
2025-08-13 16:30:00+00:00,233.07000732421875,233.3600006103516,231.5601043701172,232.4550018310547,5417224
2025-08-13 17:30:00+00:00,232.4499969482422,234.9900054931641,232.0200042724609,232.9250030517578,8137347
2025-08-13 18:30:00+00:00,232.94000244140625,233.91000366210932,230.8000030517578,233.5850067138672,9192848
2025-08-13 19:30:00+00:00,233.5850067138672,234.3300018310547,233.1100006103516,233.3300018310547,5738352
2025-08-14 13:30:00+00:00,234.05499267578125,235.1100006103516,231.67019653320312,232.2100067138672,16052941
2025-08-14 14:30:00+00:00,232.2050018310547,232.4600067138672,230.8500061035156,231.74020385742188,6624676
2025-08-14 15:30:00+00:00,231.75,232.2949981689453,230.91000366210932,232.009994506836,4323697
2025-08-14 16:30:00+00:00,232.0200042724609,233.13999938964844,231.9687957763672,232.92730712890625,3209373
2025-08-14 17:30:00+00:00,232.92999267578125,233.1300048828125,232.32000732421875,232.72999572753903,3634219
2025-08-14 18:30:00+00:00,232.7100067138672,233.4900054931641,232.44000244140625,232.94500732421875,4523178
2025-08-14 19:30:00+00:00,232.92999267578125,233.509994506836,232.69000244140625,232.8300018310547,4542543
2025-08-15 13:30:00+00:00,233.72999572753903,234.22140502929688,231.5500946044922,232.1699981689453,11603282
2025-08-15 14:30:00+00:00,232.16140747070312,232.2899932861328,230.47000122070312,231.07000732421875,5319424
2025-08-15 15:30:00+00:00,231.07000732421875,231.4550018310547,230.6197052001953,230.7400054931641,3957281
2025-08-15 16:30:00+00:00,230.74420166015625,231.2250061035156,230.22999572753903,230.57000732421875,6137966
2025-08-15 17:30:00+00:00,230.5599975585937,231.28990173339844,229.3600006103516,230.8500061035156,4535672
2025-08-15 18:30:00+00:00,230.8600006103516,231.5,230.47999572753903,231.3600006103516,6170754
2025-08-15 19:30:00+00:00,231.3699951171875,231.7700042724609,231.0200042724609,231.6499938964844,4696096
2025-08-18 13:30:00+00:00,231.77999877929688,233.1199951171875,230.6100006103516,230.66000366210932,9348530
2025-08-18 14:30:00+00:00,230.6199951171875,231.22000122070312,230.3699951171875,230.8600006103516,4699541
2025-08-18 15:30:00+00:00,230.8650054931641,231.1000061035156,230.5,230.67999267578125,2959031
2025-08-18 16:30:00+00:00,230.67999267578125,231.1499938964844,230.1100006103516,231.07000732421875,2944837
2025-08-18 17:30:00+00:00,231.0800018310547,231.6699981689453,230.8999938964844,231.1450042724609,3270491
2025-08-18 18:30:00+00:00,231.1499938964844,231.6750030517578,231.1000061035156,231.2250061035156,2886450
2025-08-18 19:30:00+00:00,231.22000122070312,231.5500030517578,230.8800048828125,230.8800048828125,2842575
2025-08-19 13:30:00+00:00,231.2749938964844,232.8650054931641,230.58999633789065,231.8300018310547,7589938
2025-08-19 14:30:00+00:00,231.82000732421875,232.2700042724609,230.47000122070312,231.32260131835932,5331365
2025-08-19 15:30:00+00:00,231.32000732421875,231.66000366210932,231.05499267578125,231.30990600585932,3317736
2025-08-19 16:30:00+00:00,231.27999877929688,231.3300018310547,230.0599975585937,230.625,3326154
2025-08-19 17:30:00+00:00,230.6199951171875,230.8999938964844,229.8699951171875,230.0500030517578,3163874
2025-08-19 18:30:00+00:00,230.0249938964844,230.19000244140625,229.3500061035156,230.1849975585937,3535859
2025-08-19 19:30:00+00:00,230.1849975585937,230.69000244140625,229.9900054931641,230.5399932861328,3980557
2025-08-20 13:30:00+00:00,229.97000122070312,230.4698944091797,226.5,226.7200927734375,10654146
2025-08-20 14:30:00+00:00,226.7400054931641,227.5500030517578,226.1100006103516,227.3350067138672,4855593
2025-08-20 15:30:00+00:00,227.3300018310547,227.3699951171875,226.41000366210932,227.1345977783203,3599979
2025-08-20 16:30:00+00:00,227.1300048828125,227.16000366210932,225.88999938964844,226.2949981689453,3171568
2025-08-20 17:30:00+00:00,226.3000030517578,226.8300018310547,225.7700042724609,225.99009704589844,2697011
2025-08-20 18:30:00+00:00,225.9900054931641,226.72999572753903,225.8699951171875,226.44500732421875,3388687
2025-08-20 19:30:00+00:00,226.44000244140625,227.0,225.92999267578125,225.9600067138672,4504957
2025-08-21 13:30:00+00:00,226.27999877929688,226.5200042724609,224.67999267578125,225.57989501953125,6246020
2025-08-21 14:30:00+00:00,225.5272979736328,225.5850067138672,224.51010131835932,225.1300048828125,3627965
2025-08-21 15:30:00+00:00,225.134994506836,225.83999633789065,224.8000030517578,224.8300018310547,2756586
2025-08-21 16:30:00+00:00,224.8300018310547,225.009994506836,223.7803955078125,224.1750030517578,3327885
2025-08-21 17:30:00+00:00,224.1708068847656,224.77850341796875,224.16000366210932,224.22999572753903,2428717
2025-08-21 18:30:00+00:00,224.22349548339844,225.05499267578125,224.0941925048828,224.8800048828125,2704582
2025-08-21 19:30:00+00:00,224.8999938964844,225.25,224.38839721679688,224.91000366210932,3977376
2025-08-22 13:30:00+00:00,226.1699981689453,228.19000244140625,225.41000366210932,227.9499969482422,8240998
2025-08-22 14:30:00+00:00,227.97000122070312,228.72000122070312,227.8000030517578,228.0599975585937,5233127
2025-08-22 15:30:00+00:00,228.0399932861328,228.4349975585937,226.9250030517578,227.16929626464844,3176741
2025-08-22 16:30:00+00:00,227.1699981689453,229.08999633789065,227.07000732421875,228.6100006103516,4947377
2025-08-22 17:30:00+00:00,228.6273956298828,228.6273956298828,227.77999877929688,227.8699951171875,4653621
2025-08-22 18:30:00+00:00,227.8800048828125,228.51980590820312,227.78500366210932,227.8500061035156,4051520
2025-08-22 19:30:00+00:00,227.83999633789065,228.3099975585937,227.44000244140625,227.75,4139072
2025-08-25 13:30:00+00:00,226.40499877929688,229.1199951171875,226.2400054931641,228.8099975585937,8000835
2025-08-25 14:30:00+00:00,228.7700042724609,229.2400054931641,228.2899932861328,228.56500244140625,4318256
2025-08-25 15:30:00+00:00,228.57000732421875,229.3000030517578,228.50010681152344,228.5399932861328,2427231
2025-08-25 16:30:00+00:00,228.5399932861328,228.759994506836,228.32000732421875,228.4349975585937,2355527
2025-08-25 17:30:00+00:00,228.4349975585937,228.65499877929688,227.7400054931641,227.884994506836,2684903
2025-08-25 18:30:00+00:00,227.875,227.90499877929688,227.44500732421875,227.5984039306641,2661985
2025-08-25 19:30:00+00:00,227.6000061035156,227.72000122070312,227.1199951171875,227.1499938964844,3262464
2025-08-26 13:30:00+00:00,226.8699951171875,227.0500030517578,224.69000244140625,226.5,7799571
2025-08-26 14:30:00+00:00,226.509994506836,227.2998962402344,226.2899932861328,226.9615936279297,3785331
2025-08-26 15:30:00+00:00,226.96499633789065,227.6999969482422,226.5500030517578,227.57049560546875,4519154
2025-08-26 16:30:00+00:00,227.5599975585937,228.1699981689453,227.4199981689453,228.11160278320312,2684567
2025-08-26 17:30:00+00:00,228.1100006103516,228.509994506836,227.7350006103516,228.3592071533203,2399616
2025-08-26 18:30:00+00:00,228.3600006103516,228.6199951171875,227.7700042724609,228.56820678710932,2604761
2025-08-26 19:30:00+00:00,228.57000732421875,229.4900054931641,227.7250061035156,229.3000030517578,5151468
2025-08-27 13:30:00+00:00,228.5800018310547,230.25,228.2949981689453,230.01499938964844,7840101
2025-08-27 14:30:00+00:00,230.02999877929688,230.6999969482422,229.47999572753903,229.5740966796875,4445165
2025-08-27 15:30:00+00:00,229.57000732421875,230.08799743652344,229.3099975585937,229.8699951171875,2490171
2025-08-27 16:30:00+00:00,229.88999938964844,230.08999633789065,229.6000061035156,229.83999633789065,1919036
2025-08-27 17:30:00+00:00,229.83999633789065,230.67999267578125,229.8000030517578,230.625,2268584
2025-08-27 18:30:00+00:00,230.6199951171875,230.634994506836,229.72000122070312,230.13250732421875,2256272
2025-08-27 19:30:00+00:00,230.125,230.8999938964844,230.1199951171875,230.44000244140625,3801508
2025-08-28 13:30:00+00:00,230.8099975585937,230.8999938964844,229.3350067138672,230.41580200195312,7213423
2025-08-28 14:30:00+00:00,230.4300994873047,231.8999938964844,230.3500061035156,230.9499969482422,3919070
2025-08-28 15:30:00+00:00,230.9600067138672,232.35499572753903,230.9481964111328,232.2899932861328,3117170
2025-08-28 16:30:00+00:00,232.27999877929688,233.1199951171875,232.0800018310547,233.0,3773992
2025-08-28 17:30:00+00:00,233.009994506836,233.41000366210932,232.83009338378903,232.9192047119141,3045856
2025-08-28 18:30:00+00:00,232.9199981689453,233.1699981689453,232.69000244140625,232.9750061035156,2740378
2025-08-28 19:30:00+00:00,232.9750061035156,233.3300018310547,232.47999572753903,232.4900054931641,4904323
2025-08-29 13:30:00+00:00,232.5599975585937,233.36129760742188,231.3699951171875,232.80960083007807,8795007
2025-08-29 14:30:00+00:00,232.80499267578125,233.16000366210932,232.5,232.9600067138672,3599986
2025-08-29 15:30:00+00:00,232.9850006103516,233.02999877929688,231.3999938964844,232.5,4414822
2025-08-29 16:30:00+00:00,232.509994506836,232.9600067138672,231.97999572753903,232.02999877929688,2677553
2025-08-29 17:30:00+00:00,232.03250122070312,232.5749969482422,231.97000122070312,232.17999267578125,3415896
2025-08-29 18:30:00+00:00,232.19000244140625,232.75,232.0,232.3542938232422,2433703
2025-08-29 19:30:00+00:00,232.3500061035156,232.83770751953125,231.47999572753903,232.2700042724609,4673659
2025-09-02 13:30:00+00:00,229.6999969482422,230.77999877929688,227.69000244140625,230.6000061035156,9687341
2025-09-02 14:30:00+00:00,230.6000061035156,230.75,227.5283966064453,227.82899475097656,5124954
2025-09-02 15:30:00+00:00,227.82000732421875,228.1468963623047,227.1699981689453,227.8500061035156,3136378
2025-09-02 16:30:00+00:00,227.8437042236328,228.5453948974609,227.6499938964844,228.41000366210932,2530443
2025-09-02 17:30:00+00:00,228.4199981689453,229.33999633789065,228.3300018310547,228.3999938964844,2346892
2025-09-02 18:30:00+00:00,228.3999938964844,229.0800018310547,226.97000122070312,228.94000244140625,3504389
2025-09-02 19:30:00+00:00,228.92469787597656,230.0,228.8950042724609,229.7100067138672,4687318
2025-09-03 13:30:00+00:00,237.1999969482422,237.97000122070312,234.3699951171875,236.8300018310547,21171526
2025-09-03 14:30:00+00:00,236.8139038085937,237.6000061035156,235.9900054931641,236.0110015869141,8284903
2025-09-03 15:30:00+00:00,236.0200042724609,236.82000732421875,235.4900054931641,236.4900054931641,4830748
2025-09-03 16:30:00+00:00,236.4998016357422,237.8999938964844,236.44000244140625,237.4272003173828,4651843
2025-09-03 17:30:00+00:00,237.4250030517578,237.44000244140625,236.6300048828125,236.91000366210932,4344650
2025-09-03 18:30:00+00:00,236.8999938964844,237.4499969482422,236.7700042724609,237.15499877929688,4834362
2025-09-03 19:30:00+00:00,237.1558074951172,238.7100067138672,237.15040588378903,238.4900054931641,8891635
2025-09-04 13:30:00+00:00,238.4499969482422,239.8932037353516,237.0399932861328,237.69000244140625,12016131
2025-09-04 14:30:00+00:00,237.67999267578125,238.1000061035156,237.0749969482422,237.3999938964844,5223309
2025-09-04 15:30:00+00:00,237.38999938964844,237.6746063232422,236.7400054931641,237.16000366210932,3678939
2025-09-04 16:30:00+00:00,237.1499938964844,238.08999633789065,236.97000122070312,238.0399932861328,3071522
2025-09-04 17:30:00+00:00,238.04010009765625,238.38999938964844,237.509994506836,238.0599975585937,5093419
2025-09-04 18:30:00+00:00,238.07000732421875,238.97999572753903,237.8800048828125,238.7044982910156,3814924
2025-09-04 19:30:00+00:00,238.6999969482422,239.89990234375,238.4900054931641,239.7100067138672,5942248
2025-09-05 13:30:00+00:00,239.9900054931641,241.32000732421875,239.1199951171875,239.28500366210932,17499270
2025-09-05 14:30:00+00:00,239.25,240.1699981689453,238.63999938964844,239.80499267578125,6538203
2025-09-05 15:30:00+00:00,239.82000732421875,240.31500244140625,238.5200042724609,238.7700042724609,4219870
2025-09-05 16:30:00+00:00,238.77999877929688,239.7250061035156,238.49009704589844,239.625,3993359
2025-09-05 17:30:00+00:00,239.64849853515625,239.6499938964844,238.72999572753903,239.1199951171875,2784543
2025-09-05 18:30:00+00:00,239.1199951171875,240.1300048828125,239.1000061035156,239.9250030517578,5197093
2025-09-05 19:30:00+00:00,239.92999267578125,240.01499938964844,239.0599975585937,239.6699981689453,4868520
2025-09-08 13:30:00+00:00,239.3000030517578,240.1499938964844,238.7400054931641,239.22999572753903,11286441
2025-09-08 14:30:00+00:00,239.22000122070312,239.57000732421875,238.6150054931641,238.6999969482422,5248756
2025-09-08 15:30:00+00:00,238.69500732421875,238.78829956054688,237.6000061035156,237.72999572753903,4448853
2025-09-08 16:30:00+00:00,237.72000122070312,237.87989807128903,236.33999633789065,237.8058013916016,4717107
2025-09-08 17:30:00+00:00,237.80990600585932,237.9550018310547,237.10499572753903,237.1649932861328,4114279
2025-09-08 18:30:00+00:00,237.15499877929688,237.24989318847656,236.6100006103516,237.1100006103516,3761415
2025-09-08 19:30:00+00:00,237.1150054931641,238.009994506836,236.9042053222656,237.9199981689453,5177199
2025-09-09 13:30:00+00:00,237.0,238.0,236.0749969482422,236.3101043701172,7890752
2025-09-09 14:30:00+00:00,236.3099975585937,236.67999267578125,235.77999877929688,236.2250061035156,4277475
2025-09-09 15:30:00+00:00,236.22999572753903,236.259994506836,235.5500030517578,236.0,4300130
2025-09-09 16:30:00+00:00,236.0,238.780502319336,235.8249969482422,237.75,9674704
2025-09-09 17:30:00+00:00,237.759994506836,238.1000061035156,233.6699981689453,234.52859497070312,16074676
2025-09-09 18:30:00+00:00,234.5500030517578,234.69000244140625,233.3699951171875,234.3099975585937,9544618
2025-09-09 19:30:00+00:00,234.3099975585937,234.634994506836,233.51499938964844,234.3500061035156,6317179
2025-09-10 13:30:00+00:00,232.0249938964844,232.33999633789065,227.5500030517578,228.1080017089844,22167235
2025-09-10 14:30:00+00:00,228.1100006103516,228.34640502929688,227.0200042724609,227.0399932861328,11560546
2025-09-10 15:30:00+00:00,227.0399932861328,228.05499267578125,226.24009704589844,227.7386016845703,10156861
2025-09-10 16:30:00+00:00,227.7449951171875,227.78990173339844,226.6199951171875,226.80499267578125,6579251
2025-09-10 17:30:00+00:00,226.8000030517578,227.0850067138672,226.3500061035156,227.0599975585937,6214643
2025-09-10 18:30:00+00:00,227.05499267578125,227.3500061035156,226.17999267578125,226.1849975585937,6166050
2025-09-10 19:30:00+00:00,226.1849975585937,227.1000061035156,225.9521942138672,226.77999877929688,7727491
2025-09-11 13:30:00+00:00,226.875,229.1849975585937,226.6499938964844,228.94000244140625,13821091
2025-09-11 14:30:00+00:00,228.94000244140625,229.32000732421875,228.32020568847656,228.7400054931641,6721728
2025-09-11 15:30:00+00:00,228.75,228.77999877929688,228.02999877929688,228.6100006103516,3513968
2025-09-11 16:30:00+00:00,228.6000061035156,229.5399932861328,228.3099975585937,229.47250366210932,3516399
2025-09-11 17:30:00+00:00,229.47000122070312,230.16000366210932,229.17999267578125,229.4600067138672,4663505
2025-09-11 18:30:00+00:00,229.46499633789065,230.1508026123047,229.41000366210932,229.8500061035156,3884806
2025-09-11 19:30:00+00:00,229.83999633789065,230.4499969482422,229.8350067138672,230.0200042724609,5627999
2025-09-12 13:30:00+00:00,230.0,234.0780029296875,229.0200042724609,234.07000732421875,14988292
2025-09-12 14:30:00+00:00,234.0800018310547,234.509994506836,233.3600006103516,234.09500122070312,8044876
2025-09-12 15:30:00+00:00,234.08999633789065,234.4900054931641,233.6210021972656,233.9694061279297,4710781
2025-09-12 16:30:00+00:00,233.9636993408203,233.96499633789065,233.0,233.2350006103516,4969404
2025-09-12 17:30:00+00:00,233.22000122070312,233.8699951171875,233.218505859375,233.5399932861328,3203879
2025-09-12 18:30:00+00:00,233.5399932861328,234.4499969482422,233.02999877929688,233.77549743652344,6970851
2025-09-12 19:30:00+00:00,233.77999877929688,234.2899932861328,233.509994506836,234.0599975585937,5874733
2025-09-15 13:30:00+00:00,237.0,238.19000244140625,235.02999877929688,236.21499633789065,14134217
2025-09-15 14:30:00+00:00,236.2100067138672,237.0200042724609,235.66000366210932,236.82000732421875,4993166
2025-09-15 15:30:00+00:00,236.81500244140625,237.3000030517578,236.47000122070312,236.57000732421875,3686503
2025-09-15 16:30:00+00:00,236.5648956298828,236.5904998779297,235.6999969482422,235.759994506836,2964448
2025-09-15 17:30:00+00:00,235.75,236.13999938964844,235.5800018310547,235.63999938964844,2953754
2025-09-15 18:30:00+00:00,235.634994506836,236.33999633789065,235.2700042724609,235.97000122070312,3570486
2025-09-15 19:30:00+00:00,235.97000122070312,236.7899932861328,235.67999267578125,236.759994506836,4732529
2025-09-16 13:30:00+00:00,237.0,241.22000122070312,236.3235015869141,239.52999877929688,14419277
2025-09-16 14:30:00+00:00,239.52999877929688,239.8500061035156,238.2449951171875,239.5928955078125,5338278
2025-09-16 15:30:00+00:00,239.58009338378903,239.58009338378903,238.46499633789065,239.19500732421875,3100557
2025-09-16 16:30:00+00:00,239.1999969482422,239.3999938964844,238.8999938964844,239.08560180664065,2224680
2025-09-16 17:30:00+00:00,239.1000061035156,239.1100006103516,238.1300048828125,238.92999267578125,2717104
2025-09-16 18:30:00+00:00,238.94000244140625,239.6000061035156,238.8099975585937,238.93829345703125,3145293
2025-09-16 19:30:00+00:00,238.94000244140625,239.4199981689453,238.08009338378903,238.13999938964844,20444664
2025-09-17 13:30:00+00:00,238.97000122070312,240.1000061035156,238.7899932861328,239.6300048828125,9926684
2025-09-17 14:30:00+00:00,239.63999938964844,240.009994506836,239.1999969482422,239.47999572753903,4002310
2025-09-17 15:30:00+00:00,239.4850006103516,239.77999877929688,239.27999877929688,239.6743011474609,3170671
2025-09-17 16:30:00+00:00,239.67999267578125,239.7700042724609,239.3500061035156,239.5200042724609,2892623
2025-09-17 17:30:00+00:00,239.5200042724609,239.82000732421875,238.4499969482422,239.5599975585937,4570049
2025-09-17 18:30:00+00:00,239.5500030517578,239.6300048828125,237.7301025390625,239.2628936767578,5910219
2025-09-17 19:30:00+00:00,239.2700042724609,239.27999877929688,238.47999572753903,238.97000122070312,4226195
2025-09-18 13:30:00+00:00,239.9499969482422,241.1999969482422,236.6499938964844,237.5599975585937,11453464
2025-09-18 14:30:00+00:00,237.56500244140625,238.7949981689453,237.31500244140625,238.19000244140625,4587899
2025-09-18 15:30:00+00:00,238.2100067138672,238.5399932861328,237.3500061035156,237.94000244140625,3609143
2025-09-18 16:30:00+00:00,237.9499969482422,238.1999969482422,237.63999938964844,237.8800048828125,3556108
2025-09-18 17:30:00+00:00,237.8699951171875,238.1000061035156,237.210205078125,237.8018035888672,3010288
2025-09-18 18:30:00+00:00,237.8099975585937,237.94639587402344,237.25010681152344,237.4499969482422,3540701
2025-09-18 19:30:00+00:00,237.4550018310547,238.1100006103516,237.4349975585937,237.8500061035156,4049383
2025-09-19 13:30:00+00:00,241.1750030517578,242.6999969482422,240.21060180664065,241.1499938964844,26772067
2025-09-19 14:30:00+00:00,241.1499938964844,243.16000366210932,241.0599975585937,242.27999877929688,10143358
2025-09-19 15:30:00+00:00,242.2736968994141,244.5691070556641,242.0491943359375,244.5200042724609,9031105
2025-09-19 16:30:00+00:00,244.5124969482422,245.9199981689453,244.26870727539065,245.24380493164065,12269832
2025-09-19 17:30:00+00:00,245.2400054931641,246.2698974609375,244.8999938964844,245.48849487304688,9746967
2025-09-19 18:30:00+00:00,245.4850006103516,246.1000061035156,245.1909942626953,245.6100006103516,7490411
2025-09-19 19:30:00+00:00,245.6000061035156,246.3000030517578,244.7400054931641,245.2899932861328,12986528
2025-09-22 13:30:00+00:00,248.33999633789065,252.7350006103516,248.1699981689453,252.67160034179688,27825122
2025-09-22 14:30:00+00:00,252.66000366210932,256.0799865722656,252.0800018310547,255.789794921875,16983776
2025-09-22 15:30:00+00:00,255.7700042724609,256.6300048828125,253.5800018310547,253.72000122070312,16047694
2025-09-22 16:30:00+00:00,253.72999572753903,254.72999572753903,253.16000366210932,254.5928955078125,8453992
2025-09-22 17:30:00+00:00,254.5800018310547,255.259994506836,253.8999938964844,255.2400054931641,5242129
2025-09-22 18:30:00+00:00,255.2449951171875,256.0599975585937,254.7346954345703,255.7899932861328,8214973
2025-09-22 19:30:00+00:00,255.80499267578125,256.260009765625,255.6150054931641,256.0899963378906,9091926
2025-09-23 13:30:00+00:00,256.5,257.3399963378906,255.27999877929688,256.6173095703125,11263642
2025-09-23 14:30:00+00:00,256.6099853515625,256.70001220703125,255.009994506836,256.1000061035156,5490061
2025-09-23 15:30:00+00:00,256.1300048828125,256.2099914550781,255.3500061035156,255.72689819335932,3232527
2025-09-23 16:30:00+00:00,255.7200927734375,255.8500061035156,254.3999938964844,254.6699981689453,2847437
2025-09-23 17:30:00+00:00,254.66000366210932,254.96099853515625,253.92999267578125,254.63999938964844,16280935
2025-09-23 18:30:00+00:00,254.63999938964844,254.83999633789065,253.58999633789065,254.1699066162109,4692554
2025-09-23 19:30:00+00:00,254.16000366210932,254.52999877929688,253.6699981689453,254.52999877929688,5076635
2025-09-24 13:30:00+00:00,255.0,255.3699951171875,252.0800018310547,252.6219940185547,6502958
2025-09-24 14:30:00+00:00,252.625,252.9900054931641,251.5399932861328,252.1199951171875,3291728
2025-09-24 15:30:00+00:00,252.1199951171875,252.259994506836,251.0399932861328,252.1649932861328,3045221
2025-09-24 16:30:00+00:00,252.17140197753903,252.259994506836,251.33999633789065,251.4900054931641,1637321
2025-09-24 17:30:00+00:00,251.51499938964844,252.1100006103516,251.27999877929688,251.76499938964844,1622724
2025-09-24 18:30:00+00:00,251.75,251.7899932861328,251.2400054931641,251.38999938964844,1680916
2025-09-24 19:30:00+00:00,251.38999938964844,252.4900054931641,251.2899932861328,252.2400054931641,2697400
2025-09-25 13:30:00+00:00,253.0,254.1199951171875,251.7120056152344,254.0,8503081
2025-09-25 14:30:00+00:00,254.00010681152344,254.1387939453125,253.02999877929688,253.50010681152344,3154957
2025-09-25 15:30:00+00:00,253.50010681152344,253.91000366210932,252.3000030517578,252.53030395507807,2473004
2025-09-25 16:30:00+00:00,252.5399932861328,253.8800048828125,252.5,253.5,2502302
2025-09-25 17:30:00+00:00,253.4900054931641,254.58999633789065,252.8500061035156,254.5599975585937,2634795
2025-09-25 18:30:00+00:00,254.5500030517578,257.1700134277344,254.22999572753903,256.9599914550781,7107739
2025-09-25 19:30:00+00:00,256.95001220703125,257.1099853515625,255.4199981689453,256.94000244140625,4610669
2025-09-26 13:30:00+00:00,254.0,256.6000061035156,253.77999877929688,255.0200042724609,8034498
2025-09-26 14:30:00+00:00,255.0200042724609,255.9900054931641,254.5711975097656,255.9700927734375,3714841
2025-09-26 15:30:00+00:00,255.97000122070312,256.0400085449219,254.8600006103516,255.6649932861328,2276774
2025-09-26 16:30:00+00:00,255.66000366210932,256.9750061035156,255.47999572753903,256.5199890136719,2086042
2025-09-26 17:30:00+00:00,256.5199890136719,257.3599853515625,255.8600006103516,256.55499267578125,2653513
2025-09-26 18:30:00+00:00,256.56500244140625,256.7298889160156,255.4900054931641,255.6450042724609,2089315
2025-09-26 19:30:00+00:00,255.63999938964844,255.64979553222656,254.8999938964844,255.4600067138672,3021515
2025-09-29 13:30:00+00:00,254.0,254.5,253.009994506836,254.2198944091797,6306062
2025-09-29 14:30:00+00:00,254.2050018310547,254.2400054931641,253.3099975585937,253.47000122070312,2834864
2025-09-29 15:30:00+00:00,253.4665069580078,254.07000732421875,253.1199951171875,253.66000366210932,2275242
2025-09-29 16:30:00+00:00,253.6699981689453,253.7799072265625,253.2100067138672,253.3999938964844,1744854
2025-09-29 17:30:00+00:00,253.38999938964844,254.6150054931641,253.1300048828125,254.57000732421875,2297052
2025-09-29 18:30:00+00:00,254.57000732421875,254.6000061035156,253.6100006103516,253.9900054931641,2057798
2025-09-29 19:30:00+00:00,253.9900054931641,254.8300018310547,253.94000244140625,254.3500061035156,2513071
2025-09-30 13:30:00+00:00,255.0,255.91900634765625,253.9600067138672,254.88619995117188,5093340
2025-09-30 14:30:00+00:00,254.91000366210932,255.6750030517578,253.82009887695312,254.22000122070312,2465164
2025-09-30 15:30:00+00:00,254.2100067138672,254.97000122070312,254.1600952148437,254.5350952148437,1531480
2025-09-30 16:30:00+00:00,254.55059814453125,254.6699981689453,253.31170654296875,253.7350006103516,1623333
2025-09-30 17:30:00+00:00,253.759994506836,253.9900054931641,253.1100006103516,253.33999633789065,1664288
2025-09-30 18:30:00+00:00,253.33999633789065,254.2400054931641,253.27099609375,253.9499969482422,2061307
2025-09-30 19:30:00+00:00,253.9600067138672,255.17999267578125,253.8099975585937,254.5599975585937,3030681
2025-10-01 13:30:00+00:00,255.25,258.7900085449219,255.0500030517578,256.1614074707031,9677443
2025-10-01 14:30:00+00:00,256.17999267578125,256.2590026855469,255.1000061035156,255.5245056152344,2972074
2025-10-01 15:30:00+00:00,255.5301055908203,256.9200134277344,255.509994506836,256.1600036621094,2338742
2025-10-01 16:30:00+00:00,256.1636047363281,256.8298034667969,255.85499572753903,256.1404113769531,1826687
2025-10-01 17:30:00+00:00,256.1650085449219,256.6859130859375,256.0599975585937,256.4849853515625,10115926
2025-10-01 18:30:00+00:00,256.4800109863281,256.94000244140625,255.8699951171875,255.94000244140625,2751615
2025-10-01 19:30:00+00:00,255.94000244140625,256.1400146484375,255.27999877929688,255.41000366210932,4879162
2025-10-02 13:30:00+00:00,256.5899963378906,257.29998779296875,254.1499938964844,256.2200927734375,11570169
2025-10-02 14:30:00+00:00,256.2300109863281,257.6400146484375,255.97000122070312,257.1650085449219,4800305
2025-10-02 15:30:00+00:00,257.1499938964844,258.17999267578125,256.72100830078125,257.3450012207031,4388406
2025-10-02 16:30:00+00:00,257.3450012207031,257.8226013183594,257.1138916015625,257.4100036621094,2290319
2025-10-02 17:30:00+00:00,257.3900146484375,257.9100036621094,257.0299987792969,257.8800048828125,2476632
2025-10-02 18:30:00+00:00,257.8699951171875,258.1600036621094,257.375,257.510009765625,4612702
2025-10-02 19:30:00+00:00,257.510009765625,257.875,256.8800048828125,257.1400146484375,5100991
2025-10-03 13:30:00+00:00,254.6649932861328,259.0400085449219,253.9600067138672,257.8500061035156,16311886
2025-10-03 14:30:00+00:00,257.8599853515625,258.739990234375,257.5199890136719,258.510009765625,4452948
2025-10-03 15:30:00+00:00,258.4930114746094,259.239990234375,258.2571105957031,258.5487060546875,4828730
2025-10-03 16:30:00+00:00,258.5400085449219,258.92999267578125,258.1199951171875,258.3099975585937,3408741
2025-10-03 17:30:00+00:00,258.29998779296875,258.5899963378906,256.9599914550781,258.3699951171875,5459239
2025-10-03 18:30:00+00:00,258.3699951171875,258.5849914550781,257.8500061035156,257.9200134277344,3050327
2025-10-03 19:30:00+00:00,257.9200134277344,258.260009765625,257.40350341796875,258.0150146484375,4468054
2025-10-06 13:30:00+00:00,257.94500732421875,259.07000732421875,255.0500030517578,257.7799987792969,11669158
2025-10-06 14:30:00+00:00,257.79998779296875,257.9800109863281,257.2799987792969,257.5513000488281,3447400
2025-10-06 15:30:00+00:00,257.56500244140625,257.6700134277344,256.7699890136719,257.1300048828125,3501833
2025-10-06 16:30:00+00:00,257.1300048828125,257.4800109863281,256.1304931640625,256.5599975585937,2877222
2025-10-06 17:30:00+00:00,256.54998779296875,256.68121337890625,255.5,256.1849975585937,5922536
2025-10-06 18:30:00+00:00,256.1802062988281,256.6600036621094,256.06500244140625,256.510009765625,2693724
2025-10-06 19:30:00+00:00,256.510009765625,257.25,256.4599914550781,256.6499938964844,3577742
2025-10-07 13:30:00+00:00,256.82000732421875,257.3999938964844,256.2799987792969,256.67999267578125,6425357
2025-10-07 14:30:00+00:00,256.6700134277344,257.10791015625,255.6000061035156,256.3789978027344,4531854
2025-10-07 15:30:00+00:00,256.3900146484375,256.84979248046875,255.88999938964844,256.3384094238281,3693772
2025-10-07 16:30:00+00:00,256.3299865722656,256.6600036621094,255.7543029785156,255.88999938964844,2335693
2025-10-07 17:30:00+00:00,255.8600006103516,256.1499938964844,255.42999267578125,256.06988525390625,2294433
2025-10-07 18:30:00+00:00,256.07000732421875,256.301513671875,255.9100952148437,256.0199890136719,2361474
2025-10-07 19:30:00+00:00,256.0199890136719,256.6199951171875,255.9199981689453,256.489990234375,3978516
2025-10-08 13:30:00+00:00,256.5299987792969,258.19000244140625,256.1099853515625,257.8399963378906,8459277
2025-10-08 14:30:00+00:00,257.8599853515625,258.4549865722656,257.20001220703125,258.0400085449219,4427277
2025-10-08 15:30:00+00:00,258.05499267578125,258.5199890136719,257.5599975585937,258.20001220703125,2832234
2025-10-08 16:30:00+00:00,258.19000244140625,258.32501220703125,257.625,257.92498779296875,2099955
2025-10-08 17:30:00+00:00,257.92498779296875,258.20001220703125,257.6499938964844,257.9150085449219,2280625
2025-10-08 18:30:00+00:00,257.8999938964844,258.42999267578125,257.739990234375,258.25,2564469
2025-10-08 19:30:00+00:00,258.239990234375,258.489990234375,257.8800048828125,258.0299987792969,4214118
2025-10-09 13:30:00+00:00,257.3299865722656,257.3599853515625,254.8090057373047,254.97999572753903,8612385
2025-10-09 14:30:00+00:00,254.5800018310547,255.1199951171875,254.57009887695312,254.8950042724609,4441161
2025-10-09 15:30:00+00:00,254.47000122070312,254.6100006103516,253.8260955810547,253.84500122070312,4409804
2025-10-09 16:30:00+00:00,253.8800048828125,254.009994506836,253.2030029296875,253.4575958251953,2710789
2025-10-09 17:30:00+00:00,253.72999572753903,253.72999572753903,253.4100952148437,253.5599975585937,2363786
2025-10-09 18:30:00+00:00,253.44000244140625,254.08999633789065,253.41000366210932,253.8999938964844,3949781
2025-10-09 19:30:00+00:00,253.69000244140625,254.2700042724609,253.63999938964844,253.97999572753903,3200147
2025-10-10 13:30:00+00:00,255.32000732421875,256.2929077148437,254.8800048828125,255.17999267578125,7963458
2025-10-10 14:30:00+00:00,255.1999969482422,255.3000030517578,248.9499969482422,249.41000366210932,9992812
2025-10-10 15:30:00+00:00,249.0399932861328,249.6649932861328,247.759994506836,248.6100006103516,6989327
2025-10-10 16:30:00+00:00,248.58999633789065,249.0599975585937,247.0599975585937,247.8099975585937,4394995
2025-10-10 17:30:00+00:00,247.7700042724609,248.57000732421875,247.0800018310547,247.16000366210932,4882982
2025-10-10 18:30:00+00:00,247.13710021972656,247.3099975585937,245.81500244140625,246.1649932861328,5426839
2025-10-10 19:30:00+00:00,246.1699981689453,246.9900054931641,244.57000732421875,245.27999877929688,8519891
2025-10-13 13:30:00+00:00,249.3800048828125,249.4900054931641,245.5599975585937,246.37600708007807,9359382
2025-10-13 14:30:00+00:00,246.3699951171875,248.659896850586,246.22999572753903,248.59030151367188,5816790
2025-10-13 15:30:00+00:00,248.6199951171875,249.6199951171875,248.3600006103516,249.17999267578125,3115587
2025-10-13 16:30:00+00:00,249.1699981689453,249.68930053710932,248.5500030517578,249.1042022705078,2298264
2025-10-13 17:30:00+00:00,249.08999633789065,249.32000732421875,248.68800354003903,249.1461944580078,2175748
2025-10-13 18:30:00+00:00,249.13999938964844,249.2400054931641,248.1300048828125,248.32000732421875,2310709
2025-10-13 19:30:00+00:00,248.32000732421875,248.58999633789065,247.3300018310547,247.58999633789065,3786722
2025-10-14 13:30:00+00:00,246.6150054931641,247.22999572753903,244.6999969482422,247.0200042724609,6901149
2025-10-14 14:30:00+00:00,247.0,247.74989318847656,246.1199951171875,246.2140045166016,3292430
2025-10-14 15:30:00+00:00,246.22999572753903,247.75,246.1699981689453,247.38999938964844,2724013
2025-10-14 16:30:00+00:00,247.38999938964844,248.035400390625,247.384994506836,247.79800415039065,2048766
2025-10-14 17:30:00+00:00,247.8099975585937,247.82000732421875,247.17999267578125,247.4850006103516,2132596
2025-10-14 18:30:00+00:00,247.4900054931641,248.75,247.14439392089844,248.4199981689453,3822730
2025-10-14 19:30:00+00:00,248.42999267578125,248.84500122070312,246.72999572753903,247.8500061035156,4482259
2025-10-15 13:30:00+00:00,249.3800048828125,251.82000732421875,248.63999938964844,250.8500061035156,8163531
2025-10-15 14:30:00+00:00,250.8699951171875,251.4691925048828,249.8000030517578,249.85989379882807,3430819
2025-10-15 15:30:00+00:00,249.82000732421875,250.04969787597656,248.72000122070312,249.7749938964844,2879510
2025-10-15 16:30:00+00:00,249.77999877929688,249.9499053955078,247.47999572753903,248.0904998779297,2290291
2025-10-15 17:30:00+00:00,248.10499572753903,249.8000030517578,248.0500030517578,249.64700317382807,1934212
2025-10-15 18:30:00+00:00,249.6499938964844,250.1000061035156,249.47999572753903,249.9199981689453,2139459
2025-10-15 19:30:00+00:00,249.92999267578125,250.07000732421875,248.1699981689453,249.42999267578125,4229173
2025-10-16 13:30:00+00:00,248.2700042724609,248.3800048828125,246.17999267578125,247.509994506836,9564057
2025-10-16 14:30:00+00:00,247.4900054931641,249.0399932861328,247.4817047119141,248.2350006103516,4826932
2025-10-16 15:30:00+00:00,248.1699981689453,248.66310119628903,247.03500366210932,247.72000122070312,3305994
2025-10-16 16:30:00+00:00,247.7001037597656,247.7720947265625,246.0399932861328,247.22000122070312,4045208
2025-10-16 17:30:00+00:00,247.22000122070312,247.4199981689453,245.259994506836,245.66000366210932,3995746
2025-10-16 18:30:00+00:00,245.63999938964844,247.0200042724609,245.1300048828125,246.5500030517578,3603265
2025-10-16 19:30:00+00:00,246.5599975585937,247.91000366210932,246.3500061035156,247.42999267578125,3734949
2025-10-17 13:30:00+00:00,248.0200042724609,250.32000732421875,247.2700042724609,249.5601043701172,11142993
2025-10-17 14:30:00+00:00,249.6439971923828,249.8600006103516,248.22999572753903,248.47999572753903,3459331
2025-10-17 15:30:00+00:00,248.47999572753903,250.3500061035156,248.09719848632807,250.29649353027344,4277714
2025-10-17 16:30:00+00:00,250.29330444335932,251.3600006103516,250.27520751953125,250.81500244140625,6063960
2025-10-17 17:30:00+00:00,250.8000030517578,252.53500366210932,250.2449951171875,252.3000030517578,3952984
2025-10-17 18:30:00+00:00,252.2823944091797,252.82000732421875,251.6999969482422,252.759994506836,3982655
2025-10-17 19:30:00+00:00,252.75,253.3800048828125,252.1199951171875,252.3000030517578,7247788
2025-10-20 13:30:00+00:00,255.884994506836,259.8699951171875,255.6300048828125,259.5050048828125,19526731
2025-10-20 14:30:00+00:00,259.489990234375,263.54998779296875,259.07000732421875,262.57000732421875,20690049
2025-10-20 15:30:00+00:00,262.54998779296875,264.375,262.4175109863281,263.489990234375,13764809
2025-10-20 16:30:00+00:00,263.4800109863281,264.2099914550781,262.6499938964844,263.1650085449219,8089517
2025-10-20 17:30:00+00:00,263.17999267578125,263.8299865722656,262.7900085449219,263.7300109863281,4756799
2025-10-20 18:30:00+00:00,263.739990234375,263.8099975585937,263.0400085449219,263.4200134277344,5423277
2025-10-20 19:30:00+00:00,263.44000244140625,263.8500061035156,261.92999267578125,262.2300109863281,8021467
2025-10-21 13:30:00+00:00,261.8800048828125,265.2900085449219,261.8800048828125,263.4999084472656,17003580
2025-10-21 14:30:00+00:00,263.4599914550781,263.8299865722656,262.510009765625,263.6619873046875,4721265
2025-10-21 15:30:00+00:00,263.6700134277344,264.5350036621094,263.0801086425781,263.1700134277344,5514253
2025-10-21 16:30:00+00:00,263.1600036621094,263.6799011230469,262.8475036621094,263.3265075683594,2671606
2025-10-21 17:30:00+00:00,263.3258056640625,264.04998779296875,262.1499938964844,263.44989013671875,3718095
2025-10-21 18:30:00+00:00,263.4495849609375,263.7381896972656,262.95001220703125,263.0849914550781,3430980
2025-10-21 19:30:00+00:00,263.0950012207031,263.2099914550781,262.4700012207031,262.8399963378906,3493018
2025-10-22 13:30:00+00:00,262.7900085449219,262.8500061035156,259.7200012207031,260.0498962402344,9155667
2025-10-22 14:30:00+00:00,260.0,261.1300048828125,257.6401062011719,258.4299011230469,5930214
2025-10-22 15:30:00+00:00,258.45001220703125,259.489990234375,258.04998779296875,258.54998779296875,3763921
2025-10-22 16:30:00+00:00,258.54998779296875,258.7699890136719,256.29998779296875,256.69140625,4679141
2025-10-22 17:30:00+00:00,256.6700134277344,257.0798034667969,255.42999267578125,256.5509948730469,4221043
2025-10-22 18:30:00+00:00,256.54998779296875,257.67999267578125,256.1400146484375,257.510009765625,3195141
2025-10-22 19:30:00+00:00,257.5199890136719,258.8099975585937,257.42999267578125,258.42999267578125,4263522
2025-10-23 13:30:00+00:00,259.8900146484375,260.1799011230469,258.0101013183594,259.4798889160156,6251007
2025-10-23 14:30:00+00:00,259.4200134277344,259.67999267578125,258.7300109863281,259.3999938964844,2852790
2025-10-23 15:30:00+00:00,259.3999938964844,260.6199035644531,259.0834045410156,260.0400085449219,3168121
2025-10-23 16:30:00+00:00,260.04998779296875,260.54998779296875,259.5199890136719,259.8599853515625,2574209
2025-10-23 17:30:00+00:00,259.8800048828125,260.42498779296875,259.8299865722656,259.9700012207031,3320192
2025-10-23 18:30:00+00:00,259.9700012207031,260.0199890136719,259.6199951171875,259.8999938964844,2237171
2025-10-23 19:30:00+00:00,259.9100036621094,260.04998779296875,259.0799865722656,259.5799865722656,3143856
2025-10-24 13:30:00+00:00,261.19000244140625,261.6199951171875,259.17999267578125,260.94140625,7287527
2025-10-24 14:30:00+00:00,260.94000244140625,263.3599853515625,260.7900085449219,263.2799987792969,5490920
2025-10-24 15:30:00+00:00,263.2900085449219,264.0299987792969,262.95001220703125,263.5799865722656,4458666
2025-10-24 16:30:00+00:00,263.5899963378906,263.7099914550781,262.8500061035156,263.6099853515625,2930456
2025-10-24 17:30:00+00:00,263.6099853515625,264.1300048828125,263.4100036621094,264.0199890136719,2843868
2025-10-24 18:30:00+00:00,264.0249938964844,264.1000061035156,263.1499938964844,263.5,3187549
2025-10-24 19:30:00+00:00,263.510009765625,263.6600036621094,262.1300048828125,262.739990234375,4742484
2025-10-27 13:30:00+00:00,264.8800048828125,267.04998779296875,264.65008544921875,265.7300109863281,9319511
2025-10-27 14:30:00+00:00,265.739990234375,266.4200134277344,265.19500732421875,265.7099914550781,4050852
2025-10-27 15:30:00+00:00,265.7099914550781,266.0899963378906,265.04998779296875,265.92999267578125,3517895
2025-10-27 16:30:00+00:00,265.94000244140625,266.125,265.510009765625,265.6199951171875,3331147
2025-10-27 17:30:00+00:00,265.6300048828125,266.0150146484375,265.510009765625,265.5950012207031,2171755
2025-10-27 18:30:00+00:00,265.5899963378906,267.3999938964844,265.4700012207031,267.2749938964844,4259189
2025-10-27 19:30:00+00:00,267.2699890136719,269.0799865722656,267.2099914550781,268.739990234375,6996092
2025-10-28 13:30:00+00:00,269.135009765625,269.8699951171875,268.25,268.6499938964844,11832766
2025-10-28 14:30:00+00:00,268.6423034667969,269.1400146484375,268.1499938964844,268.6972045898437,3550384
2025-10-28 15:30:00+00:00,268.69500732421875,269.0758056640625,268.3500061035156,268.9949951171875,2758052
2025-10-28 16:30:00+00:00,268.9800109863281,269.8699951171875,268.82000732421875,269.4949951171875,3503864
2025-10-28 17:30:00+00:00,269.4949951171875,269.4949951171875,268.79998779296875,269.0902099609375,3181670
2025-10-28 18:30:00+00:00,269.1050109863281,269.44000244140625,268.7799987792969,269.20001220703125,4120349
2025-10-28 19:30:00+00:00,269.20001220703125,269.3550109863281,268.6000061035156,269.0299987792969,5339653
2025-10-29 13:30:00+00:00,269.2749938964844,271.4100036621094,268.70001220703125,270.4200134277344,10209230
2025-10-29 14:30:00+00:00,270.4100036621094,270.44500732421875,267.51220703125,267.6300048828125,6247839
2025-10-29 15:30:00+00:00,267.6099853515625,268.8599853515625,267.1099853515625,268.6199951171875,4595121
2025-10-29 16:30:00+00:00,268.6029968261719,269.9301147460937,268.4700927734375,269.9301147460937,3066081
2025-10-29 17:30:00+00:00,269.8900146484375,270.8500061035156,269.7900085449219,270.8099975585937,4963178
2025-10-29 18:30:00+00:00,270.7850036621094,270.92999267578125,268.260009765625,268.3099975585937,5156103
2025-10-29 19:30:00+00:00,268.32000732421875,270.3800048828125,267.79998779296875,269.7300109863281,4325904
2025-10-30 13:30:00+00:00,271.989990234375,274.1400146484375,268.989990234375,269.0899963378906,8387840
2025-10-30 14:30:00+00:00,269.0899963378906,271.1700134277344,268.4800109863281,270.7900085449219,3886744
2025-10-30 15:30:00+00:00,270.7799987792969,272.3900146484375,270.2630920410156,272.010009765625,3869786
2025-10-30 16:30:00+00:00,272.0,272.0678100585937,271.0400085449219,271.95001220703125,2409548
2025-10-30 17:30:00+00:00,271.95001220703125,272.29998779296875,271.2799987792969,271.75,3435055
2025-10-30 18:30:00+00:00,271.760009765625,272.00799560546875,270.9949951171875,271.3399963378906,3831349
2025-10-30 19:30:00+00:00,271.3399963378906,271.6700134277344,271.04998779296875,271.2900085449219,5177440
2025-10-31 13:30:00+00:00,276.989990234375,277.32000732421875,269.1600036621094,270.3800048828125,17228178
2025-10-31 14:30:00+00:00,270.42999267578125,271.5599060058594,270.10009765625,271.29998779296875,4595066
2025-10-31 15:30:00+00:00,271.2998962402344,272.8584899902344,270.2200012207031,272.4349975585937,4301242
2025-10-31 16:30:00+00:00,272.42999267578125,273.1700134277344,270.1499938964844,270.3487854003906,4005527
2025-10-31 17:30:00+00:00,270.3299865722656,272.0599060058594,270.1099853515625,271.8099975585937,2396660
2025-10-31 18:30:00+00:00,271.7900085449219,272.17498779296875,271.2699890136719,272.1050109863281,2901733
2025-10-31 19:30:00+00:00,272.1300048828125,272.6499938964844,269.9599914550781,270.25,6601078
2025-11-03 14:30:00+00:00,270.4200134277344,270.7799987792969,266.25,267.6300048828125,10223517
2025-11-03 15:30:00+00:00,267.6400146484375,268.2799987792969,266.5,266.6400146484375,3102546
2025-11-03 16:30:00+00:00,266.659912109375,268.1499938964844,266.5223083496094,267.5350036621094,2821699
2025-11-03 17:30:00+00:00,267.5199890136719,268.0,267.25,267.6780090332031,2034109
2025-11-03 18:30:00+00:00,267.7098999023437,268.6199951171875,267.3099975585937,267.3099975585937,2075268
2025-11-03 19:30:00+00:00,267.32000732421875,267.7900085449219,266.9100036621094,267.6199951171875,2243434
2025-11-03 20:30:00+00:00,267.6300048828125,269.1099853515625,267.4599914550781,269.0599975585937,3383138
2025-11-04 14:30:00+00:00,268.24249267578125,269.5899963378906,267.614990234375,268.42999267578125,9645778
2025-11-04 15:30:00+00:00,268.42999267578125,271.0,267.7099914550781,270.6099853515625,3278354
2025-11-04 16:30:00+00:00,270.6400146484375,271.4859924316406,268.9800109863281,270.010009765625,3846826
2025-11-04 17:30:00+00:00,270.0050048828125,270.92999267578125,269.8900146484375,270.6383972167969,2072453
2025-11-04 18:30:00+00:00,270.6099853515625,270.82000732421875,269.8699951171875,270.5104064941406,2562532
2025-11-04 19:30:00+00:00,270.5299987792969,270.6099853515625,269.28271484375,270.09051513671875,2594188
2025-11-04 20:30:00+00:00,270.1000061035156,270.4049987792969,269.5,270.2099914550781,3522361
2025-11-05 14:30:00+00:00,268.5899963378906,269.58990478515625,266.92999267578125,269.0101013183594,7995553
2025-11-05 15:30:00+00:00,268.989990234375,270.3800048828125,268.760009765625,270.2900085449219,2169435
2025-11-05 16:30:00+00:00,270.2799987792969,270.4700012207031,269.5,269.9700012207031,1631841
2025-11-05 17:30:00+00:00,269.9700012207031,270.7900085449219,269.92999267578125,270.1199951171875,1426592
2025-11-05 18:30:00+00:00,270.1099853515625,271.70001220703125,269.7699890136719,270.42999267578125,2651761
2025-11-05 19:30:00+00:00,270.4100036621094,271.5,269.5299987792969,269.6000061035156,2282746
2025-11-05 20:30:00+00:00,269.6099853515625,270.3999938964844,268.9949951171875,270.1099853515625,3567904
2025-11-06 14:30:00+00:00,267.8900146484375,272.82000732421875,267.8900146484375,272.82000732421875,6762187
2025-11-06 15:30:00+00:00,272.8280029296875,273.3999938964844,271.55010986328125,272.1814880371094,5580072
2025-11-06 16:30:00+00:00,272.17999267578125,272.2200012207031,270.3900146484375,271.42498779296875,3198033
2025-11-06 17:30:00+00:00,271.4200134277344,272.56500244140625,270.9200134277344,271.3500061035156,2621839
2025-11-06 18:30:00+00:00,271.3699951171875,272.1600036621094,271.0203857421875,271.9901123046875,1783486
2025-11-06 19:30:00+00:00,272.0050048828125,272.20001220703125,270.7349853515625,271.2099914550781,2198935
2025-11-06 20:30:00+00:00,271.20001220703125,271.52020263671875,269.5950012207031,269.6600036621094,14262779
2025-11-07 14:30:00+00:00,269.7950134277344,272.2900085449219,267.2699890136719,271.5799865722656,7855390
2025-11-07 15:30:00+00:00,271.5599975585937,271.9700012207031,269.4800109863281,269.5299987792969,3991205
2025-11-07 16:30:00+00:00,269.5199890136719,269.8900146484375,268.32000732421875,269.1099853515625,3276263
2025-11-07 17:30:00+00:00,269.114990234375,269.1400146484375,268.0588073730469,268.45001220703125,2041690
2025-11-07 18:30:00+00:00,268.45001220703125,268.6600036621094,267.0950012207031,267.25,2217548
2025-11-07 19:30:00+00:00,267.260009765625,268.5,266.7799987792969,267.7598876953125,3921327
2025-11-07 20:30:00+00:00,267.760009765625,268.5799865722656,267.69000244140625,268.4200134277344,3276821
2025-11-10 14:30:00+00:00,268.95001220703125,273.7300109863281,268.95001220703125,271.85699462890625,7030981
2025-11-10 15:30:00+00:00,271.8299865722656,271.989990234375,269.04998779296875,269.06640625,3083676
2025-11-10 16:30:00+00:00,269.0400085449219,269.7587890625,268.489990234375,269.0799865722656,2346213
2025-11-10 17:30:00+00:00,269.07000732421875,270.2300109863281,269.010009765625,269.7300109863281,1807442
2025-11-10 18:30:00+00:00,269.7099914550781,270.3077087402344,267.4549865722656,269.6600036621094,3188667
2025-11-10 19:30:00+00:00,269.6300048828125,269.8099975585937,269.04998779296875,269.1185913085937,2248210
2025-11-10 20:30:00+00:00,269.1000061035156,269.6000061035156,268.760009765625,269.3599853515625,2892894
2025-11-11 14:30:00+00:00,269.8099975585937,274.739990234375,269.79998779296875,274.1000061035156,9244708
2025-11-11 15:30:00+00:00,274.1000061035156,274.3460998535156,272.42999267578125,272.5,3452496
2025-11-11 16:30:00+00:00,272.510009765625,273.614990234375,271.7799987792969,273.31500244140625,2525614
2025-11-11 17:30:00+00:00,273.3299865722656,274.70001220703125,273.0299987792969,274.4800109863281,2634766
2025-11-11 18:30:00+00:00,274.489990234375,275.6600036621094,274.1600036621094,275.32000732421875,3455305
2025-11-11 19:30:00+00:00,275.3299865722656,275.760009765625,275.04998779296875,275.25,2653431
2025-11-11 20:30:00+00:00,275.239990234375,275.8450012207031,274.79998779296875,275.29998779296875,4039713
2025-11-12 14:30:00+00:00,275.07501220703125,275.239990234375,271.8699951171875,272.94000244140625,10718425
2025-11-12 15:30:00+00:00,272.9100036621094,274.6099853515625,272.54998779296875,274.6000061035156,3328165
2025-11-12 16:30:00+00:00,274.5899963378906,274.8500061035156,273.7250061035156,274.3900146484375,2104341
2025-11-12 17:30:00+00:00,274.3800048828125,275.1400146484375,274.1199951171875,274.9800109863281,1642127
2025-11-12 18:30:00+00:00,274.989990234375,275.7300109863281,274.42999267578125,274.45001220703125,2013567
2025-11-12 19:30:00+00:00,274.45001220703125,274.69000244140625,273.5,274.04998779296875,2059500
2025-11-12 20:30:00+00:00,274.04998779296875,274.3999938964844,272.9700012207031,273.4700012207031,3569857
2025-11-13 14:30:00+00:00,274.2699890136719,276.6990051269531,273.2900085449219,273.7099914550781,10014720
2025-11-13 15:30:00+00:00,273.7001037597656,274.19000244140625,272.17999267578125,274.037109375,3931506
2025-11-13 16:30:00+00:00,274.0299987792969,274.4898986816406,272.4599914550781,272.8599853515625,2339844
2025-11-13 17:30:00+00:00,272.8399963378906,273.32000732421875,272.5,272.5700988769531,1922883
2025-11-13 18:30:00+00:00,272.5599975585937,273.8500061035156,272.1000061035156,273.5299987792969,3060900
2025-11-13 19:30:00+00:00,273.5350036621094,273.69000244140625,272.5450134277344,273.03961181640625,2603044
2025-11-13 20:30:00+00:00,273.0299987792969,273.6000061035156,272.5,273.0400085449219,3833536
2025-11-14 14:30:00+00:00,271.04998779296875,273.8900146484375,269.6000061035156,273.7591857910156,10617822
2025-11-14 15:30:00+00:00,273.7699890136719,274.6499938964844,273.20001220703125,274.6499938964844,3569903
2025-11-14 16:30:00+00:00,274.6449890136719,275.9200134277344,273.54998779296875,275.7049865722656,4251993
2025-11-14 17:30:00+00:00,275.7099914550781,275.95831298828125,274.2300109863281,274.5849914550781,1963757
2025-11-14 18:30:00+00:00,274.57000732421875,274.760009765625,273.8399963378906,273.9599914550781,1593851
2025-11-14 19:30:00+00:00,273.9700012207031,274.25,272.8900146484375,272.989990234375,2106336
2025-11-14 20:30:00+00:00,272.9700012207031,273.260009765625,272.1700134277344,272.4100036621094,3221940
2025-11-17 14:30:00+00:00,268.7200012207031,270.489990234375,267.0,269.2799987792969,8509806
2025-11-17 15:30:00+00:00,269.2300109863281,269.3900146484375,266.6499938964844,267.8799133300781,3379761
2025-11-17 16:30:00+00:00,267.8500061035156,269.54998779296875,267.82000732421875,268.9200134277344,2089997
2025-11-17 17:30:00+00:00,268.94000244140625,269.3500061035156,267.44000244140625,267.7799987792969,1923442
2025-11-17 18:30:00+00:00,267.7699890136719,268.3399963378906,266.8599853515625,267.2900085449219,2030991
2025-11-17 19:30:00+00:00,267.2950134277344,267.3800048828125,265.7300109863281,266.44000244140625,2737988
2025-11-17 20:30:00+00:00,266.44000244140625,267.5799865722656,266.19000244140625,267.4599914550781,3487816
2025-11-18 14:30:00+00:00,269.9150085449219,270.7049865722656,265.32000732421875,267.6499938964844,8219985
2025-11-18 15:30:00+00:00,267.6650085449219,268.1199951171875,266.02801513671875,267.8399963378906,3521812
2025-11-18 16:30:00+00:00,267.8399963378906,268.3380126953125,267.1400146484375,267.1650085449219,2742457
2025-11-18 17:30:00+00:00,267.1600036621094,268.92999267578125,266.42999267578125,268.45001220703125,2282519
2025-11-18 18:30:00+00:00,268.45001220703125,269.2200012207031,267.9599914550781,268.03448486328125,2176560
2025-11-18 19:30:00+00:00,268.04998779296875,268.92498779296875,267.67999267578125,268.2802124023437,2115137
2025-11-18 20:30:00+00:00,268.29998779296875,268.42999267578125,267.3299865722656,267.510009765625,3127789
2025-11-19 14:30:00+00:00,265.5249938964844,272.2099914550781,265.5,271.8500061035156,6778562
2025-11-19 15:30:00+00:00,271.85009765625,272.010009765625,269.3200988769531,269.7300109863281,2792346
2025-11-19 16:30:00+00:00,269.75,270.6549987792969,269.5299987792969,270.3999938964844,2001030
2025-11-19 17:30:00+00:00,270.4599914550781,271.3099975585937,269.6199951171875,270.0299987792969,2049762
2025-11-19 18:30:00+00:00,270.010009765625,271.010009765625,269.6300048828125,269.6700134277344,1644126
2025-11-19 19:30:00+00:00,269.6700134277344,270.7349853515625,269.1700134277344,270.0350036621094,2137859
2025-11-19 20:30:00+00:00,270.0,270.3299865722656,268.1400146484375,268.57000732421875,3516625
2025-11-20 14:30:00+00:00,270.8099975585937,275.42999267578125,270.8099975585937,273.9049987792969,7869887
2025-11-20 15:30:00+00:00,273.9100036621094,274.7300109863281,271.6199951171875,271.7799987792969,2856925
2025-11-20 16:30:00+00:00,271.7799987792969,271.7799987792969,268.04998779296875,268.94000244140625,4056106
2025-11-20 17:30:00+00:00,268.8699951171875,269.25,267.0201110839844,268.8099975585937,2981937
2025-11-20 18:30:00+00:00,268.7900085449219,268.92999267578125,266.3599853515625,267.7950134277344,2392389
2025-11-20 19:30:00+00:00,267.7799987792969,267.9100036621094,267.0,267.32000732421875,2094448
2025-11-20 20:30:00+00:00,267.32000732421875,267.5799865722656,265.9200134277344,266.3800048828125,3489586
2025-11-21 14:30:00+00:00,265.8800048828125,270.45001220703125,265.82000732421875,269.8500061035156,10658658
2025-11-21 15:30:00+00:00,269.7900085449219,271.4700012207031,269.2200012207031,270.8999938964844,4761138
2025-11-21 16:30:00+00:00,270.8900146484375,271.1199951171875,269.8099975585937,270.54998779296875,2949033
2025-11-21 17:30:00+00:00,270.6300048828125,271.6000061035156,270.20001220703125,270.9800109863281,2023820
2025-11-21 18:30:00+00:00,270.9800109863281,273.31500244140625,270.864990234375,272.6099853515625,3562846
2025-11-21 19:30:00+00:00,272.57501220703125,273.2799987792969,271.3500061035156,271.3699951171875,3135966
2025-11-21 20:30:00+00:00,271.3500061035156,272.1300048828125,270.5899963378906,271.489990234375,18794685
2025-11-24 14:30:00+00:00,270.8999938964844,275.9200134277344,270.8999938964844,273.0950012207031,7995693
2025-11-24 15:30:00+00:00,273.0799865722656,275.3895874023437,272.6499938964844,275.0,3612728
2025-11-24 16:30:00+00:00,274.9700012207031,275.2699890136719,274.44000244140625,274.8500061035156,2583089
2025-11-24 17:30:00+00:00,274.8500061035156,276.510009765625,274.75,276.1199951171875,3404232
2025-11-24 18:30:00+00:00,276.1199951171875,276.45001220703125,275.8500061035156,276.2195129394531,2440121
2025-11-24 19:30:00+00:00,276.2300109863281,276.6549987792969,275.3550109863281,276.4750061035156,2989562
2025-11-24 20:30:00+00:00,276.4700012207031,276.9800109863281,275.1099853515625,275.9800109863281,4904039
2025-11-25 14:30:00+00:00,275.29998779296875,280.3800048828125,275.2699890136719,278.9049987792969,9723608
2025-11-25 15:30:00+00:00,278.8900146484375,279.6300048828125,277.7799987792969,277.8299865722656,2840433
2025-11-25 16:30:00+00:00,277.82000732421875,279.3099975585937,277.5,279.0700988769531,2504679
2025-11-25 17:30:00+00:00,279.0899963378906,279.3699951171875,278.2300109863281,278.760009765625,1925113
2025-11-25 18:30:00+00:00,278.7650146484375,278.7799987792969,277.7900085449219,278.0350036621094,1727727
2025-11-25 19:30:00+00:00,278.0400085449219,278.1449890136719,277.4974975585937,277.56500244140625,1909795
2025-11-25 20:30:00+00:00,277.5599975585937,278.0,276.8599853515625,276.95001220703125,2448205
2025-11-26 14:30:00+00:00,276.9599914550781,279.0474853515625,276.6300048828125,277.8099975585937,5086107
2025-11-26 15:30:00+00:00,277.7900085449219,279.1400146484375,276.8099975585937,279.0101013183594,2510611
2025-11-26 16:30:00+00:00,279.0299987792969,279.5299987792969,278.8699951171875,279.0790100097656,2586354
2025-11-26 17:30:00+00:00,279.07000732421875,279.2900085449219,278.0950012207031,278.54998779296875,1871279
2025-11-26 18:30:00+00:00,278.5599975585937,278.581787109375,277.92498779296875,278.260009765625,1426945
2025-11-26 19:30:00+00:00,278.2601013183594,278.94000244140625,278.010009765625,278.0799865722656,1953254
2025-11-26 20:30:00+00:00,278.07000732421875,278.29998779296875,277.1499938964844,277.4700012207031,9116002
2025-11-28 14:30:00+00:00,277.260009765625,278.2391967773437,276.0199890136719,276.260009765625,4040463
2025-11-28 15:30:00+00:00,276.2900085449219,276.9198913574219,275.989990234375,276.25,1743837
2025-11-28 16:30:00+00:00,276.2449951171875,277.1600952148437,275.98651123046875,277.04998779296875,1791406
2025-12-01 14:30:00+00:00,278.1499938964844,278.7699890136719,276.1400146484375,278.14208984375,5114373
2025-12-01 15:30:00+00:00,278.1000061035156,278.4801025390625,277.30499267578125,277.9200134277344,1731132
2025-12-01 16:30:00+00:00,277.8999938964844,279.8900146484375,277.8900146484375,279.7705078125,2091919
2025-12-01 17:30:00+00:00,279.7749938964844,280.6400146484375,279.4599914550781,280.58819580078125,2222347
2025-12-01 18:30:00+00:00,280.590087890625,281.2200012207031,280.45001220703125,280.8900146484375,2919865
2025-12-01 19:30:00+00:00,280.8800048828125,281.94000244140625,280.7099914550781,281.9100036621094,2916696
2025-12-01 20:30:00+00:00,281.9200134277344,283.4100036621094,281.7300109863281,283.32000732421875,5357873
2025-12-02 14:30:00+00:00,283.0,285.3089904785156,282.7300109863281,284.57000732421875,7878173
2025-12-02 15:30:00+00:00,284.5400085449219,287.3999938964844,284.1499938964844,285.5400085449219,6214915
2025-12-02 16:30:00+00:00,285.5400085449219,285.9999084472656,284.8299865722656,285.8699951171875,2847056
2025-12-02 17:30:00+00:00,285.8800048828125,286.3399963378906,284.94000244140625,285.2149963378906,2725658
2025-12-02 18:30:00+00:00,285.20001220703125,286.1300048828125,285.0150146484375,285.625,2146948
2025-12-02 19:30:00+00:00,285.6000061035156,286.82000732421875,285.5801086425781,286.239990234375,2898388
2025-12-02 20:30:00+00:00,286.239990234375,286.6099853515625,285.7099914550781,286.2300109863281,3132652
2025-12-03 14:30:00+00:00,286.20001220703125,288.6099853515625,285.8999938964844,287.34051513671875,6627228
2025-12-03 15:30:00+00:00,287.32000732421875,287.5899963378906,285.75,286.4100036621094,3581593
2025-12-03 16:30:00+00:00,286.4200134277344,286.82000732421875,285.5,286.385009765625,2126959
2025-12-03 17:30:00+00:00,286.3500061035156,286.44000244140625,285.3399963378906,285.6792907714844,2127386
2025-12-03 18:30:00+00:00,285.67999267578125,285.94000244140625,284.8843078613281,285.2099914550781,1618603
2025-12-03 19:30:00+00:00,285.2300109863281,285.2499084472656,284.2749938964844,284.55499267578125,11158331
2025-12-03 20:30:00+00:00,284.54998779296875,284.70001220703125,283.5400085449219,284.1499938964844,0
2025-12-04 14:30:00+00:00,284.1099853515625,284.7300109863281,280.2699890136719,281.2250061035156,6410843
2025-12-04 15:30:00+00:00,281.2099914550781,281.6000061035156,279.8099975585937,280.2799987792969,2986361
2025-12-04 16:30:00+00:00,280.2850036621094,280.9335021972656,279.93780517578125,280.114990234375,2285394
2025-12-04 17:30:00+00:00,280.1300048828125,280.4866943359375,279.6400146484375,280.0050048828125,1806229
2025-12-04 18:30:00+00:00,279.989990234375,280.1000061035156,278.5899963378906,278.8599853515625,2574486
2025-12-04 19:30:00+00:00,278.8599853515625,280.7300109863281,278.82000732421875,280.125,2807996
2025-12-04 20:30:00+00:00,280.1199951171875,280.69000244140625,279.5799865722656,280.6499938964844,3165508
2025-12-05 14:30:00+00:00,280.5400085449219,281.1400146484375,279.2699890136719,280.4551086425781,4393145
2025-12-05 15:30:00+00:00,280.4599914550781,280.9800109863281,279.2900085449219,279.2950134277344,3579247
2025-12-05 16:30:00+00:00,279.29998779296875,279.3299865722656,278.114990234375,278.31500244140625,2319755
2025-12-05 17:30:00+00:00,278.31500244140625,279.4801025390625,278.04998779296875,279.44000244140625,1693305
2025-12-05 18:30:00+00:00,279.4800109863281,279.57000732421875,278.5849914550781,279.2337951660156,1553832
2025-12-05 19:30:00+00:00,279.2300109863281,279.29998779296875,278.5400085449219,278.8013916015625,1937238
2025-12-05 20:30:00+00:00,278.79998779296875,279.0249938964844,278.19000244140625,278.7900085449219,2719470
2025-12-08 14:30:00+00:00,278.1684875488281,279.6693115234375,277.45001220703125,277.5599975585937,6285926
2025-12-08 15:30:00+00:00,277.54998779296875,277.8800048828125,276.7049865722656,277.4599914550781,3326326
2025-12-08 16:30:00+00:00,277.4700012207031,277.8190002441406,277.0000915527344,277.2300109863281,1896481
2025-12-08 17:30:00+00:00,277.2099914550781,277.84991455078125,276.8699951171875,276.9700012207031,1999024
2025-12-08 18:30:00+00:00,276.9494934082031,276.9494934082031,276.20001220703125,276.3599853515625,1825108
2025-12-08 19:30:00+00:00,276.3699951171875,276.9700012207031,276.1499938964844,276.92498779296875,2861661
2025-12-08 20:30:00+00:00,276.92999267578125,277.9849853515625,276.6600036621094,277.9599914550781,2613900
2025-12-09 14:30:00+00:00,277.8900146484375,280.0299987792969,277.3500061035156,277.70001220703125,5341504
2025-12-09 15:30:00+00:00,277.70001220703125,278.0,277.0299987792969,277.4100036621094,2290151
2025-12-09 16:30:00+00:00,277.4100036621094,278.1199951171875,277.20001220703125,277.875,1696929
2025-12-09 17:30:00+00:00,277.875,278.739990234375,277.79998779296875,278.385009765625,1988455
2025-12-09 18:30:00+00:00,278.385009765625,278.8900146484375,278.1199951171875,278.69000244140625,1262893
2025-12-09 19:30:00+00:00,278.69000244140625,278.75,277.6499938964844,277.864990234375,1906538
2025-12-09 20:30:00+00:00,277.864990234375,278.25,276.9200134277344,277.2300109863281,2737573
2025-12-10 14:30:00+00:00,277.8699951171875,278.7929992675781,276.5849914550781,277.45001220703125,3868165
2025-12-10 15:30:00+00:00,277.4549865722656,278.2799987792969,276.44000244140625,278.2576904296875,1880040
2025-12-10 16:30:00+00:00,278.2300109863281,278.8900146484375,277.9750061035156,278.5264892578125,1611918
2025-12-10 17:30:00+00:00,278.5199890136719,279.2799987792969,278.0849914550781,278.1199951171875,1374275
2025-12-10 18:30:00+00:00,278.1199951171875,279.2200012207031,277.9100036621094,278.2200012207031,1631790
2025-12-10 19:30:00+00:00,278.2200012207031,279.75,277.70001220703125,278.9800109863281,2578278
2025-12-10 20:30:00+00:00,278.989990234375,279.3699951171875,278.5899963378906,278.7200012207031,2242651
2025-12-11 14:30:00+00:00,279.0950012207031,279.5799865722656,273.8099975585937,276.1199951171875,6887208
2025-12-11 15:30:00+00:00,276.114990234375,276.5899963378906,275.20001220703125,275.82501220703125,2343607
2025-12-11 16:30:00+00:00,275.82000732421875,278.17999267578125,275.8099975585937,277.9049987792969,2412367
2025-12-11 17:30:00+00:00,277.9200134277344,278.3500061035156,277.3800048828125,277.5226135253906,1473658
2025-12-11 18:30:00+00:00,277.5249938964844,278.2099914550781,277.510009765625,277.760009765625,1432317
2025-12-11 19:30:00+00:00,277.760009765625,278.2149963378906,277.59130859375,278.0950012207031,1817634
2025-12-11 20:30:00+00:00,278.0899963378906,278.2099914550781,277.4700012207031,278.0599975585937,1985352
2025-12-12 14:30:00+00:00,277.7950134277344,279.2200012207031,276.82000732421875,277.8699951171875,3907328
2025-12-12 15:30:00+00:00,277.8800048828125,278.8599853515625,277.44000244140625,277.739990234375,3485545
2025-12-12 16:30:00+00:00,277.7699890136719,278.44000244140625,277.2807922363281,277.8550109863281,2096132
2025-12-12 17:30:00+00:00,277.8349914550781,279.19000244140625,277.8349914550781,279.04998779296875,2564725
2025-12-12 18:30:00+00:00,279.0400085449219,279.04998779296875,277.7300109863281,277.95001220703125,2354465
2025-12-12 19:30:00+00:00,277.95001220703125,278.70001220703125,277.8099975585937,278.05499267578125,2391168
2025-12-12 20:30:00+00:00,278.04998779296875,278.5,276.94500732421875,278.3699951171875,2787871
2025-12-15 14:30:00+00:00,280.0,280.04998779296875,273.6199951171875,274.1449890136719,8113962
2025-12-15 15:30:00+00:00,274.1700134277344,275.6404113769531,273.7200012207031,275.510009765625,3495538
2025-12-15 16:30:00+00:00,275.5400085449219,275.69500732421875,274.1499938964844,274.9200134277344,2136284
2025-12-15 17:30:00+00:00,274.92498779296875,275.1000061035156,273.7300109863281,274.0400085449219,1992688
2025-12-15 18:30:00+00:00,274.0199890136719,274.25,273.0799865722656,273.3699951171875,2430153
2025-12-15 19:30:00+00:00,273.3800048828125,273.8424987792969,272.8399963378906,273.80499267578125,2804616
2025-12-15 20:30:00+00:00,273.8099975585937,274.7200012207031,273.5199890136719,274.114990234375,4104430
2025-12-16 14:30:00+00:00,272.82000732421875,274.0299987792969,271.7900085449219,273.1700134277344,4976091
2025-12-16 15:30:00+00:00,273.1700134277344,273.82000732421875,272.5,272.8099975585937,2282059
2025-12-16 16:30:00+00:00,272.79998779296875,274.2799987792969,272.69000244140625,273.20001220703125,1929804
2025-12-16 17:30:00+00:00,273.19989013671875,273.489990234375,271.79998779296875,272.1300048828125,2118531
2025-12-16 18:30:00+00:00,272.135009765625,273.9100036621094,272.135009765625,273.56500244140625,2008038
2025-12-16 19:30:00+00:00,273.56500244140625,274.79998779296875,273.5400085449219,274.5599975585937,1912589
2025-12-16 20:30:00+00:00,274.54998779296875,275.5,274.45001220703125,274.4700012207031,2361847
2025-12-17 14:30:00+00:00,275.010009765625,276.1600036621094,274.8299865722656,275.4949951171875,4574850
2025-12-17 15:30:00+00:00,275.4700012207031,275.7300109863281,273.0450134277344,273.489990234375,3354929
2025-12-17 16:30:00+00:00,273.489990234375,273.489990234375,272.2799987792969,272.8699951171875,2372809
2025-12-17 17:30:00+00:00,272.8800048828125,273.69000244140625,272.6499938964844,273.0199890136719,1699122
2025-12-17 18:30:00+00:00,272.9901123046875,273.9700012207031,272.44000244140625,273.7850036621094,2046363
2025-12-17 19:30:00+00:00,273.7699890136719,274.1099853515625,273.57000732421875,273.65008544921875,2167480
2025-12-17 20:30:00+00:00,273.6700134277344,273.8699951171875,271.69000244140625,271.8599853515625,5130736
2025-12-18 14:30:00+00:00,273.6050109863281,273.6199951171875,266.9599914550781,270.8999938964844,10127086
2025-12-18 15:30:00+00:00,270.86199951171875,272.7200012207031,270.8099975585937,272.29998779296875,3659235
2025-12-18 16:30:00+00:00,272.2900085449219,273.1640014648437,269.94000244140625,270.25,3692916
2025-12-18 17:30:00+00:00,270.20001220703125,272.75,270.1199951171875,272.6499938964844,1920512
2025-12-18 18:30:00+00:00,272.6700134277344,272.9599914550781,271.0899963378906,271.3699951171875,2108845
2025-12-18 19:30:00+00:00,271.3699951171875,271.96990966796875,270.5,271.8399963378906,2747038
2025-12-18 20:30:00+00:00,271.8500061035156,273.20001220703125,271.7850036621094,272.1600036621094,2956766
2025-12-19 14:30:00+00:00,272.1449890136719,272.9200134277344,270.95001220703125,271.7349853515625,18574766
2025-12-19 15:30:00+00:00,271.7200927734375,272.82000732421875,270.9949951171875,271.26080322265625,2919546
2025-12-19 16:30:00+00:00,271.2622985839844,271.4599914550781,270.2699890136719,270.6549987792969,2629565
2025-12-19 17:30:00+00:00,270.6600036621094,271.8095092773437,270.3399963378906,270.75,3085614
2025-12-19 18:30:00+00:00,270.760009765625,271.5098876953125,270.3999938964844,271.3699951171875,2544938
2025-12-19 19:30:00+00:00,271.3800048828125,271.739990234375,270.17498779296875,270.79998779296875,3108119
2025-12-19 20:30:00+00:00,270.8099975585937,274.5762939453125,269.8999938964844,273.6700134277344,8193309
2025-12-22 14:30:00+00:00,272.8599853515625,273.8800048828125,271.57000732421875,272.0150146484375,6084655
2025-12-22 15:30:00+00:00,272.0299987792969,272.79998779296875,271.510009765625,272.44000244140625,2467910
2025-12-22 16:30:00+00:00,272.4200134277344,272.510009765625,271.5199890136719,271.94000244140625,2114933
2025-12-22 17:30:00+00:00,271.9200134277344,272.1400146484375,270.739990234375,270.9399108886719,2226647
2025-12-22 18:30:00+00:00,270.9349975585937,271.1400146484375,270.510009765625,270.864990234375,1960079
2025-12-22 19:30:00+00:00,270.8699951171875,271.1099853515625,270.7149963378906,270.7200012207031,1999793
2025-12-22 20:30:00+00:00,270.7149963378906,271.19989013671875,270.5050048828125,270.82000732421875,2599971
2025-12-23 14:30:00+00:00,270.3599853515625,271.92999267578125,269.5599975585937,270.8399963378906,5104762
2025-12-23 15:30:00+00:00,270.8399963378906,271.95001220703125,270.70001220703125,271.7814025878906,2241209
2025-12-23 16:30:00+00:00,271.81500244140625,272.3111877441406,271.4729919433594,271.5299987792969,2086319
2025-12-23 17:30:00+00:00,271.5400085449219,271.8099975585937,271.1099853515625,271.70001220703125,1310733
2025-12-23 18:30:00+00:00,271.70001220703125,272.1199951171875,271.5,271.8099975585937,1442128
2025-12-23 19:30:00+00:00,271.8099975585937,272.44000244140625,271.760009765625,272.10699462890625,1857021
2025-12-23 20:30:00+00:00,272.1000061035156,272.45001220703125,271.8399963378906,272.239990234375,2287709
2025-12-24 14:30:00+00:00,273.25,274.739990234375,273.0899963378906,274.0350952148437,4589623
2025-12-24 15:30:00+00:00,274.0400085449219,275.04998779296875,273.9100036621094,274.8510131835937,2096233
2025-12-24 16:30:00+00:00,274.8599853515625,275.42999267578125,274.8299865722656,275.3599853515625,2055154
2025-12-26 14:30:00+00:00,274.25,275.3699951171875,274.0599975585937,274.8247985839844,2899986
2025-12-26 15:30:00+00:00,274.81500244140625,274.9800109863281,274.3699951171875,274.8800048828125,1434883
2025-12-26 16:30:00+00:00,274.8800048828125,274.9349975585937,274.4100036621094,274.6400146484375,1079100
2025-12-26 17:30:00+00:00,274.6300048828125,274.6499938964844,274.2250061035156,274.5199890136719,903247
2025-12-26 18:30:00+00:00,274.5249938964844,274.9849853515625,274.3800048828125,274.7601013183594,1447341
2025-12-26 19:30:00+00:00,274.7650146484375,274.8299865722656,273.8700866699219,273.9800109863281,1463547
2025-12-26 20:30:00+00:00,273.9800109863281,273.989990234375,272.8699951171875,273.25,2563251
2025-12-29 14:30:00+00:00,272.5,274.3599853515625,272.4049987792969,273.9543151855469,3705071
2025-12-29 15:30:00+00:00,273.95001220703125,274.0299987792969,272.989990234375,273.2200012207031,1533379
2025-12-29 16:30:00+00:00,273.21881103515625,273.2900085449219,272.8299865722656,273.0400085449219,1203367
2025-12-29 17:30:00+00:00,273.0400085449219,273.6700134277344,272.9502868652344,273.6400146484375,3234552
2025-12-29 18:30:00+00:00,273.6300048828125,274.0,273.44000244140625,273.67999267578125,0
2025-12-29 19:30:00+00:00,273.67999267578125,274.0,273.6700134277344,273.9028015136719,1410063
2025-12-29 20:30:00+00:00,273.9100036621094,273.94000244140625,273.4599914550781,273.79901123046875,1452813
2025-12-30 14:30:00+00:00,274.0,274.07000732421875,272.3948059082031,272.5899963378906,3335833
2025-12-30 15:30:00+00:00,272.5799865722656,273.32000732421875,272.4200134277344,272.8598022460937,1711221
2025-12-30 16:30:00+00:00,272.8299865722656,272.9200134277344,272.2799987792969,272.5899963378906,1582688
2025-12-30 17:30:00+00:00,272.5899963378906,273.19000244140625,272.5599975585937,273.1000061035156,1137372
2025-12-30 18:30:00+00:00,273.1000061035156,273.52178955078125,273.0101013183594,273.3900146484375,1396303
2025-12-30 19:30:00+00:00,273.3800048828125,273.4744873046875,273.0899963378906,273.1650085449219,1396305
2025-12-30 20:30:00+00:00,273.1600036621094,273.2550048828125,272.739990234375,272.989990234375,2121973
2025-12-31 14:30:00+00:00,273.3599853515625,273.67999267578125,272.2318115234375,272.489990234375,2706559
2025-12-31 15:30:00+00:00,272.4949951171875,272.5849914550781,271.760009765625,272.489990234375,1886713
2025-12-31 16:30:00+00:00,272.489990234375,272.79998779296875,272.2699890136719,272.6700134277344,1322310
2025-12-31 17:30:00+00:00,272.6600036621094,273.1000061035156,272.54998779296875,272.625,1445671
2025-12-31 18:30:00+00:00,272.625,273.42999267578125,272.5799865722656,272.9609069824219,1456290
2025-12-31 19:30:00+00:00,272.97021484375,273.0068054199219,271.9599914550781,272.0799865722656,1417798
2025-12-31 20:30:00+00:00,272.0899963378906,272.75,271.75,271.8399963378906,2509865
2026-01-02 14:30:00+00:00,272.0,277.8247985839844,272.0,273.3900146484375,7596139
2026-01-02 15:30:00+00:00,273.3699951171875,273.3900146484375,269.8299865722656,270.3245849609375,4078484
2026-01-02 16:30:00+00:00,270.29998779296875,270.9599914550781,269.1099853515625,270.1499938964844,2431873
2026-01-02 17:30:00+00:00,270.17999267578125,270.4800109863281,269.7300109863281,270.0799865722656,1780091
2026-01-02 18:30:00+00:00,270.0899963378906,270.2499084472656,269.0199890136719,270.1300048828125,2020830
2026-01-02 19:30:00+00:00,270.1400146484375,270.8399963378906,270.0899963378906,270.510009765625,2106622
2026-01-02 20:30:00+00:00,270.5299987792969,271.04998779296875,270.3500061035156,270.9800109863281,2650904
2026-01-05 14:30:00+00:00,270.7149963378906,271.3599853515625,267.8599853515625,269.8099975585937,7189336
2026-01-05 15:30:00+00:00,269.79998779296875,270.2200012207031,268.70001220703125,268.7900085449219,3119976
2026-01-05 16:30:00+00:00,268.7799987792969,268.8500061035156,266.9200134277344,266.9700012207031,3085098
2026-01-05 17:30:00+00:00,266.989990234375,267.8900146484375,266.7701110839844,267.4200134277344,2496455
2026-01-05 18:30:00+00:00,267.4100036621094,267.6650085449219,266.1400146484375,266.2698974609375,2514491
2026-01-05 19:30:00+00:00,266.2699890136719,267.0400085449219,266.20001220703125,267.0190124511719,2686552
2026-01-05 20:30:00+00:00,267.0299987792969,267.739990234375,266.45001220703125,267.260009765625,2894622
2026-01-06 14:30:00+00:00,267.00799560546875,267.00799560546875,263.0299987792969,264.0299987792969,8140729
2026-01-06 15:30:00+00:00,264.0299987792969,265.1000061035156,262.29998779296875,262.4198913574219,4820286
2026-01-06 16:30:00+00:00,262.4200134277344,263.0,262.2099914550781,262.8846130371094,3187699
2026-01-06 17:30:00+00:00,262.8900146484375,263.79998779296875,262.4901123046875,262.5400085449219,2583269
2026-01-06 18:30:00+00:00,262.92999267578125,263.07000732421875,262.5400085449219,262.87701416015625,2024107
2026-01-06 19:30:00+00:00,262.7799987792969,263.0150146484375,262.260009765625,262.82000732421875,3190757
2026-01-06 20:30:00+00:00,262.8299865722656,262.9601135253906,262.3999938964844,262.42498779296875,2355864
2026-01-07 14:30:00+00:00,263.2699890136719,263.67999267578125,261.2099914550781,262.0299987792969,7368698
2026-01-07 15:30:00+00:00,262.0199890136719,262.2900085449219,260.9100036621094,261.0837097167969,3565599
2026-01-07 16:30:00+00:00,261.0849914550781,262.57000732421875,261.07000732421875,262.3599853515625,3336015
2026-01-07 17:30:00+00:00,262.3699951171875,262.70001220703125,261.0799865722656,261.2200012207031,2890664
2026-01-07 18:30:00+00:00,261.2449951171875,262.20001220703125,261.1300048828125,261.5899963378906,2574362
2026-01-07 19:30:00+00:00,261.5899963378906,262.5199890136719,261.260009765625,261.3299865722656,2727906
2026-01-07 20:30:00+00:00,261.3299865722656,261.3299865722656,259.82000732421875,260.3599853515625,4547776
2026-01-08 14:30:00+00:00,256.375,257.7699890136719,255.6999969482422,256.7449951171875,10183679
2026-01-08 15:30:00+00:00,256.7200927734375,257.19000244140625,255.9499969482422,256.1099853515625,4167093
2026-01-08 16:30:00+00:00,256.1099853515625,258.6000061035156,255.97000122070312,256.7090148925781,3892484
2026-01-08 17:30:00+00:00,256.6900939941406,257.6300048828125,256.5979919433594,257.4800109863281,2448318
2026-01-08 18:30:00+00:00,257.510009765625,257.5199890136719,256.29998779296875,256.6000061035156,2399355
2026-01-08 19:30:00+00:00,256.6050109863281,258.3299865722656,256.3800048828125,258.2799987792969,3537960
2026-01-08 20:30:00+00:00,258.2799987792969,259.2799987792969,257.9601135253906,259.0599975585937,3213685
2026-01-09 14:30:00+00:00,259.07501220703125,260.0,256.2200927734375,258.4599914550781,7220053
2026-01-09 15:30:00+00:00,258.4599914550781,258.75,256.8800048828125,256.9599914550781,3212319
2026-01-09 16:30:00+00:00,256.9512939453125,259.05499267578125,256.7663879394531,258.92999267578125,3345096
2026-01-09 17:30:00+00:00,258.9100036621094,259.1600036621094,258.2401123046875,259.1199951171875,2173770
2026-01-09 18:30:00+00:00,259.1300048828125,259.95001220703125,259.010009765625,259.7300109863281,1971968
2026-01-09 19:30:00+00:00,259.7300109863281,260.2099914550781,259.67999267578125,259.9649963378906,2732054
2026-01-09 20:30:00+00:00,259.95001220703125,260.05499267578125,258.95001220703125,259.3500061035156,2303687
2026-01-12 14:30:00+00:00,259.4100036621094,261.29998779296875,256.79998779296875,260.3500061035156,8505619
2026-01-12 15:30:00+00:00,260.364990234375,260.45001220703125,259.04998779296875,260.2300109863281,3280015
2026-01-12 16:30:00+00:00,260.2300109863281,261.1099853515625,259.7099914550781,260.6093139648437,2709473
2026-01-12 17:30:00+00:00,260.6000061035156,261.29998779296875,260.3500061035156,260.8900146484375,2160352
2026-01-12 18:30:00+00:00,260.8909912109375,260.94000244140625,260.19000244140625,260.6400146484375,1974059
2026-01-12 19:30:00+00:00,260.6499938964844,261.19000244140625,260.4852905273437,260.9700012207031,2654547
2026-01-12 20:30:00+00:00,260.9599914550781,261.1300048828125,260.010009765625,260.2099914550781,2380012
2026-01-13 14:30:00+00:00,258.8999938964844,261.8099975585937,258.8999938964844,260.090087890625,8478567
2026-01-13 15:30:00+00:00,260.1400146484375,260.2799072265625,259.489990234375,259.9100036621094,2608808
2026-01-13 16:30:00+00:00,259.8999938964844,261.1600036621094,259.8500061035156,260.8399963378906,2483937
2026-01-13 17:30:00+00:00,260.8500061035156,261.44000244140625,259.989990234375,259.989990234375,2059870
2026-01-13 18:30:00+00:00,259.9800109863281,260.6736145019531,259.1499938964844,259.739990234375,2357708
2026-01-13 19:30:00+00:00,259.7398986816406,259.79998779296875,258.7601013183594,259.0199890136719,1960648
2026-01-13 20:30:00+00:00,259.010009765625,261.20001220703125,258.8399963378906,261.04998779296875,12843144
2026-01-14 14:30:00+00:00,259.489990234375,261.8099975585937,258.82000732421875,259.75,5147768
2026-01-14 15:30:00+00:00,259.7550048828125,260.0,257.8599853515625,258.739990234375,2978461
2026-01-14 16:30:00+00:00,258.739990234375,258.8099975585937,256.7099914550781,257.3800048828125,2333928
2026-01-14 17:30:00+00:00,257.3900146484375,257.7149963378906,256.9100036621094,257.5299987792969,1604961
2026-01-14 18:30:00+00:00,257.5299987792969,258.1000061035156,257.05499267578125,257.79998779296875,1777225
2026-01-14 19:30:00+00:00,257.79998779296875,259.9800109863281,257.7900085449219,259.9700012207031,2443932
2026-01-14 20:30:00+00:00,259.9800109863281,260.6000061035156,258.6841125488281,259.95001220703125,14485668
2026-01-15 14:30:00+00:00,260.6499938964844,261.0299987792969,259.6199951171875,260.10009765625,5046140
2026-01-15 15:30:00+00:00,260.1400146484375,260.7850952148437,259.19000244140625,260.4949951171875,2795244
2026-01-15 16:30:00+00:00,260.5,260.6300048828125,259.29998779296875,259.3299865722656,2122658
2026-01-15 17:30:00+00:00,259.3399963378906,259.56500244140625,258.0,259.5299987792969,2472715
2026-01-15 18:30:00+00:00,259.54998779296875,259.75,258.260009765625,258.32000732421875,2003848
2026-01-15 19:30:00+00:00,258.3434143066406,258.45001220703125,257.04998779296875,257.6700134277344,3158266
2026-01-15 20:30:00+00:00,257.6575012207031,258.3800048828125,257.1099853515625,258.3299865722656,2733911
2026-01-16 14:30:00+00:00,257.8800048828125,258.8999938964844,256.4601135253906,256.8099975585937,11278805
2026-01-16 15:30:00+00:00,256.8099975585937,256.9200134277344,256.0599975585937,256.4399108886719,2790833
2026-01-16 16:30:00+00:00,256.426513671875,256.6300048828125,255.82000732421875,255.8300018310547,2796717
2026-01-16 17:30:00+00:00,255.8300018310547,256.08990478515625,254.92999267578125,256.0299987792969,3606144
2026-01-16 18:30:00+00:00,256.0299987792969,257.1499938964844,255.9149932861328,256.0,2811980
2026-01-16 19:30:00+00:00,256.0,256.9700012207031,255.94000244140625,256.17999267578125,2648818
2026-01-16 20:30:00+00:00,256.1700134277344,256.4725036621094,255.1300048828125,255.47999572753903,3511559
2026-01-20 14:30:00+00:00,252.509994506836,254.7899932861328,250.8500061035156,251.6157073974609,9087553
2026-01-20 15:30:00+00:00,251.63999938964844,252.1300048828125,250.69000244140625,251.30499267578125,3367134
2026-01-20 16:30:00+00:00,251.3000030517578,251.58999633789065,250.3500061035156,250.5599975585937,2677257
2026-01-20 17:30:00+00:00,250.5200042724609,250.6999969482422,249.0800018310547,249.19500732421875,2979236
2026-01-20 18:30:00+00:00,249.17999267578125,249.22999572753903,247.4199981689453,247.45249938964844,3351984
2026-01-20 19:30:00+00:00,247.4499969482422,248.17999267578125,245.0800018310547,245.4600067138672,5956327
2026-01-20 20:30:00+00:00,245.4600067138672,246.92999267578125,243.4199981689453,246.69000244140625,10059596
2026-01-21 14:30:00+00:00,248.7100067138672,248.75,246.0800018310547,247.57000732421875,7234453
2026-01-21 15:30:00+00:00,247.57000732421875,248.72000122070312,246.8300018310547,247.3000030517578,3802636
2026-01-21 16:30:00+00:00,247.3099975585937,247.3600006103516,245.19000244140625,245.8300018310547,3522106
2026-01-21 17:30:00+00:00,245.82009887695312,246.47000122070312,245.5800018310547,245.8800048828125,2014674
2026-01-21 18:30:00+00:00,245.8800048828125,247.33999633789065,245.5,247.1103057861328,2357430
2026-01-21 19:30:00+00:00,247.1300048828125,251.5599975585937,247.1000061035156,248.3827972412109,7875948
2026-01-21 20:30:00+00:00,248.38999938964844,248.5800018310547,246.83999633789065,247.6300048828125,4345116
2026-01-22 14:30:00+00:00,249.1999969482422,250.7799072265625,248.384994506836,250.1300048828125,7300630
2026-01-22 15:30:00+00:00,250.1499938964844,250.16000366210932,249.0,249.6999053955078,3165743
2026-01-22 16:30:00+00:00,249.69500732421875,249.8999938964844,249.259994506836,249.7400054931641,1884417
2026-01-22 17:30:00+00:00,249.75,250.82000732421875,249.72999572753903,250.67999267578125,1833609
2026-01-22 18:30:00+00:00,250.6699981689453,251.0,249.75010681152344,250.5200042724609,2047891
2026-01-22 19:30:00+00:00,250.509994506836,250.625,248.26510620117188,248.3699951171875,3355208
2026-01-22 20:30:00+00:00,248.33999633789065,248.9199981689453,248.17999267578125,248.3600006103516,2791482
2026-01-23 14:30:00+00:00,245.75,247.2400054931641,244.67999267578125,247.01010131835932,7601136
2026-01-23 15:30:00+00:00,247.0200042724609,249.41000366210932,246.97000122070312,248.3500061035156,3278816
2026-01-23 16:30:00+00:00,248.3699951171875,248.8000030517578,247.8800048828125,248.73989868164065,2265060
2026-01-23 17:30:00+00:00,248.72000122070312,248.80990600585932,247.6100006103516,247.92999267578125,1917316
2026-01-23 18:30:00+00:00,247.9600067138672,248.0299072265625,246.97000122070312,247.4750061035156,2288867
2026-01-23 19:30:00+00:00,247.47000122070312,248.47000122070312,247.40499877929688,248.19000244140625,1941323
2026-01-23 20:30:00+00:00,248.19000244140625,248.8500061035156,247.7449951171875,247.97000122070312,2635794
2026-01-26 14:30:00+00:00,251.47999572753903,254.88999938964844,249.8000030517578,254.0399932861328,9810606
2026-01-26 15:30:00+00:00,254.0399932861328,255.5,253.9199981689453,255.0998992919922,4941159
2026-01-26 16:30:00+00:00,255.0850067138672,255.4199981689453,254.259994506836,254.5,3015226
2026-01-26 17:30:00+00:00,254.47000122070312,254.75,254.0800018310547,254.6499938964844,1861533
2026-01-26 18:30:00+00:00,254.63999938964844,255.97000122070312,254.32000732421875,255.94000244140625,3013817
2026-01-26 19:30:00+00:00,255.92999267578125,256.5599975585937,255.47000122070312,255.7250061035156,3495145
2026-01-26 20:30:00+00:00,255.72999572753903,255.9900054931641,254.8999938964844,255.4199981689453,14219113
2026-01-27 14:30:00+00:00,259.1400146484375,261.95001220703125,258.6600036621094,259.8450012207031,10912773
2026-01-27 15:30:00+00:00,259.8599853515625,261.3900146484375,259.760009765625,260.7200012207031,3262895
2026-01-27 16:30:00+00:00,260.7200012207031,261.3599853515625,260.4700012207031,261.3099975585937,2175987
2026-01-27 17:30:00+00:00,261.30010986328125,261.3500061035156,260.2301025390625,260.2550048828125,1989091
2026-01-27 18:30:00+00:00,260.2699890136719,260.3599853515625,259.5199890136719,259.875,2504629
2026-01-27 19:30:00+00:00,259.875,260.0400085449219,259.1499938964844,259.3800048828125,2602286
2026-01-27 20:30:00+00:00,259.385009765625,259.67498779296875,258.2099914550781,258.2699890136719,2715605
2026-01-28 14:30:00+00:00,257.5599975585937,258.8550109863281,255.21499633789065,256.0899963378906,6604210
2026-01-28 15:30:00+00:00,256.0599975585937,256.7099914550781,255.259994506836,255.4900054931641,2745774
2026-01-28 16:30:00+00:00,255.47000122070312,255.47999572753903,254.66000366210932,254.82000732421875,2230506
2026-01-28 17:30:00+00:00,254.8000030517578,255.38999938964844,254.509994506836,255.2550048828125,1683148
2026-01-28 18:30:00+00:00,255.259994506836,255.8800048828125,254.77999877929688,255.1100006103516,1899457
2026-01-28 19:30:00+00:00,255.0800018310547,256.6400146484375,255.0500030517578,256.4750061035156,3391568
2026-01-28 20:30:00+00:00,256.4599914550781,256.8999938964844,255.92999267578125,256.44000244140625,3092338
2026-01-29 14:30:00+00:00,258.07000732421875,259.6499938964844,255.4900054931641,256.8999938964844,7282171
2026-01-29 15:30:00+00:00,256.8900146484375,257.0400085449219,254.41000366210932,256.1700134277344,4801889
2026-01-29 16:30:00+00:00,256.1300048828125,257.4100036621094,255.1199951171875,257.2200012207031,3524580
2026-01-29 17:30:00+00:00,257.20001220703125,257.6700134277344,256.54998779296875,257.3800048828125,3232719
2026-01-29 18:30:00+00:00,257.364990234375,258.1816101074219,257.1600036621094,258.1449890136719,3079026
2026-01-29 19:30:00+00:00,258.1449890136719,258.5683898925781,257.7401123046875,258.2950134277344,4240841
2026-01-29 20:30:00+00:00,258.3099975585937,259.3500061035156,257.75,258.17498779296875,5837763
2026-01-30 14:30:00+00:00,255.1649932861328,258.70001220703125,252.17999267578125,254.0,18411294
2026-01-30 15:30:00+00:00,254.0800018310547,256.9049987792969,253.69500732421875,256.6875,5356000
2026-01-30 16:30:00+00:00,256.69000244140625,257.1400146484375,254.2834930419922,255.2100067138672,4040411
2026-01-30 17:30:00+00:00,255.16000366210932,256.07000732421875,254.5399932861328,256.05499267578125,3264119
2026-01-30 18:30:00+00:00,256.05499267578125,258.0799865722656,255.75,257.5849914550781,3652617
2026-01-30 19:30:00+00:00,257.6000061035156,259.9100036621094,257.4100036621094,259.9100036621094,4945206
2026-01-30 20:30:00+00:00,259.9200134277344,261.89990234375,258.0,259.4800109863281,9402318
2026-02-02 14:30:00+00:00,260.0199890136719,265.25,259.2049865722656,265.0400085449219,12724698
2026-02-02 15:30:00+00:00,265.0350036621094,265.3699951171875,262.3099975585937,264.29180908203125,4300486
2026-02-02 16:30:00+00:00,264.2950134277344,264.8500061035156,263.8099975585937,264.17999267578125,2688303
2026-02-02 17:30:00+00:00,264.19000244140625,265.3099975585937,263.7799987792969,265.1300048828125,2603466
2026-02-02 18:30:00+00:00,265.1449890136719,267.3500061035156,265.010009765625,267.17999267578125,4680086
2026-02-02 19:30:00+00:00,267.125,269.56988525390625,266.82000732421875,268.9800109863281,6110168
2026-02-02 20:30:00+00:00,268.9750061035156,270.489990234375,268.8399963378906,269.9599914550781,6031354
2026-02-03 14:30:00+00:00,269.1300048828125,271.5799865722656,267.69000244140625,269.885009765625,9032813
2026-02-03 15:30:00+00:00,269.8500061035156,271.2850036621094,267.6099853515625,268.8949890136719,5335029
2026-02-03 16:30:00+00:00,268.8999938964844,270.5,268.2900085449219,268.8999938964844,3977028
2026-02-03 17:30:00+00:00,268.8900146484375,270.3699951171875,268.7550048828125,269.3399963378906,3592052
2026-02-03 18:30:00+00:00,269.3349914550781,271.875,268.8500061035156,271.4800109863281,4426151
2026-02-03 19:30:00+00:00,271.4700012207031,271.70001220703125,268.6700134277344,269.2099914550781,3448770
2026-02-03 20:30:00+00:00,269.2149963378906,270.04998779296875,268.8399963378906,269.4599914550781,3048085
2026-02-04 14:30:00+00:00,272.3099975585937,278.8099975585937,272.2850036621094,276.1000061035156,14363169
2026-02-04 15:30:00+00:00,276.125,277.3900146484375,275.29998779296875,277.2138061523437,5901048
2026-02-04 16:30:00+00:00,277.1935119628906,277.260009765625,273.8999938964844,275.25,5657904
2026-02-04 17:30:00+00:00,275.2699890136719,276.114990234375,273.1400146484375,275.6000061035156,5072262
2026-02-04 18:30:00+00:00,275.6199951171875,275.760009765625,274.3500061035156,274.9100036621094,3128540
2026-02-04 19:30:00+00:00,274.90020751953125,278.0799865722656,274.8299865722656,277.6099853515625,5267006
2026-02-04 20:30:00+00:00,277.6099853515625,278.95001220703125,276.3599853515625,276.4599914550781,7312922
2026-02-05 14:30:00+00:00,278.0199890136719,279.44000244140625,273.2300109863281,276.7850036621094,9310150
2026-02-05 15:30:00+00:00,276.7900085449219,277.3999938964844,273.2900085449219,275.2200012207031,4526349
2026-02-05 16:30:00+00:00,275.2900085449219,275.5,273.5249938964844,274.739990234375,2531820
2026-02-05 17:30:00+00:00,274.7200012207031,274.9800109863281,273.9100036621094,274.32000732421875,1764770
2026-02-05 18:30:00+00:00,274.260009765625,277.57000732421875,274.114990234375,277.0450134277344,2995492
2026-02-05 19:30:00+00:00,277.06500244140625,277.7200012207031,276.085693359375,276.6300048828125,3087121
2026-02-05 20:30:00+00:00,276.6300048828125,276.9100036621094,275.3500061035156,275.9200134277344,3990713
2026-02-06 14:30:00+00:00,277.1600036621094,280.9049987792969,277.0,279.2900085449219,10301776
2026-02-06 15:30:00+00:00,279.29998779296875,279.95001220703125,278.3500061035156,279.114990234375,3913103
2026-02-06 16:30:00+00:00,279.1000061035156,279.7749938964844,278.239990234375,278.67999267578125,3039580
2026-02-06 17:30:00+00:00,278.7099914550781,278.79998779296875,277.4901123046875,277.7749938964844,2618460
2026-02-06 18:30:00+00:00,277.79998779296875,277.9599914550781,276.92498779296875,277.1300048828125,2548586
2026-02-06 19:30:00+00:00,277.1300048828125,278.75,276.9949951171875,277.6600036621094,3186499
2026-02-06 20:30:00+00:00,277.6549987792969,279.010009765625,277.57000732421875,278.0799865722656,3255323
2026-02-09 14:30:00+00:00,277.9049987792969,278.0400085449219,273.04998779296875,273.08270263671875,6334544
2026-02-09 15:30:00+00:00,273.0899963378906,273.75,272.7699890136719,273.398193359375,2792572
2026-02-09 16:30:00+00:00,273.3699951171875,273.79998779296875,271.70001220703125,272.0115051269531,3245579
2026-02-09 17:30:00+00:00,272.0400085449219,272.3399963378906,271.7699890136719,271.9800109863281,1937150
2026-02-09 18:30:00+00:00,271.9800109863281,273.7099914550781,271.8399963378906,273.6199951171875,2566471
2026-02-09 19:30:00+00:00,273.6300048828125,274.25,272.9150085449219,274.0400085449219,2368415
2026-02-09 20:30:00+00:00,274.0299987792969,275.1199951171875,273.510009765625,274.5400085449219,3837569
2026-02-10 14:30:00+00:00,274.885009765625,275.3599853515625,273.2099914550781,274.4200134277344,4751268
2026-02-10 15:30:00+00:00,274.3900146484375,274.9100036621094,273.989990234375,274.0599975585937,1866180
2026-02-10 16:30:00+00:00,274.0199890136719,274.0498962402344,272.94000244140625,273.3500061035156,2051404
2026-02-10 17:30:00+00:00,273.3500061035156,274.19000244140625,273.1499938964844,274.05499267578125,1646593
2026-02-10 18:30:00+00:00,274.05499267578125,274.2699890136719,273.6600036621094,273.9649963378906,1371940
2026-02-10 19:30:00+00:00,273.9700012207031,274.29998779296875,273.5199890136719,274.07000732421875,1515644
2026-02-10 20:30:00+00:00,274.0799865722656,274.489990234375,273.3099975585937,273.7900085449219,9399403
2026-02-11 14:30:00+00:00,274.69500732421875,277.44000244140625,274.45001220703125,277.05010986328125,9496956
2026-02-11 15:30:00+00:00,277.1000061035156,279.9800109863281,277.0400085449219,278.19000244140625,4696556
2026-02-11 16:30:00+00:00,278.19000244140625,280.17999267578125,278.1600036621094,279.94500732421875,2685096
2026-02-11 17:30:00+00:00,279.910400390625,280.1499938964844,278.5,278.9599914550781,1893097
2026-02-11 18:30:00+00:00,278.9349975585937,279.6700134277344,278.5,279.5799865722656,1790251
2026-02-11 19:30:00+00:00,279.5799865722656,279.5899963378906,274.81060791015625,276.04998779296875,6599667
2026-02-11 20:30:00+00:00,276.010009765625,276.54998779296875,275.4599914550781,275.5400085449219,2931248
2026-02-12 14:30:00+00:00,275.6000061035156,275.7200012207031,270.0599975585937,271.25,7475539
2026-02-12 15:30:00+00:00,271.260009765625,271.75,266.1499938964844,266.1700134277344,5405536
2026-02-12 16:30:00+00:00,266.19000244140625,267.0400085449219,264.4200134277344,264.6000061035156,4717401
2026-02-12 17:30:00+00:00,264.57000732421875,264.6499938964844,260.17999267578125,262.3299865722656,7147306
2026-02-12 18:30:00+00:00,262.3099975585937,262.6700134277344,261.2300109863281,261.7799987792969,4007694
2026-02-12 19:30:00+00:00,261.7699890136719,262.489990234375,261.1000061035156,261.489990234375,3918342
2026-02-12 20:30:00+00:00,261.4800109863281,262.510009765625,260.2799987792969,261.5899963378906,5638818
2026-02-13 14:30:00+00:00,262.010009765625,262.2300109863281,258.79998779296875,260.5950012207031,9803254
2026-02-13 15:30:00+00:00,260.5799865722656,261.489990234375,258.3699951171875,259.2875061035156,3397399
2026-02-13 16:30:00+00:00,259.2984924316406,260.2099914550781,258.6000061035156,259.5899963378906,2315506
2026-02-13 17:30:00+00:00,259.5899963378906,260.2699890136719,258.7699890136719,258.9100036621094,2742312
2026-02-13 18:30:00+00:00,258.94000244140625,259.3099975585937,258.2799987792969,258.4599914550781,2401615
2026-02-13 19:30:00+00:00,258.4800109863281,258.7300109863281,255.8173065185547,255.91000366210932,3979292
2026-02-13 20:30:00+00:00,255.91000366210932,256.6600036621094,255.4499969482422,255.82000732421875,6720926
2026-02-17 14:30:00+00:00,258.04998779296875,261.3900146484375,255.5529937744141,259.6400146484375,8096132
2026-02-17 15:30:00+00:00,259.6300048828125,260.9800109863281,258.739990234375,260.2650146484375,3490944
2026-02-17 16:30:00+00:00,260.2550048828125,262.2300109863281,259.92999267578125,261.84991455078125,3136235
2026-02-17 17:30:00+00:00,261.8500061035156,263.67999267578125,260.9100036621094,263.3999938964844,3395782
2026-02-17 18:30:00+00:00,263.4599914550781,266.2900085449219,263.32000732421875,265.2850036621094,4164675
2026-02-17 19:30:00+00:00,265.260009765625,266.14990234375,264.0201110839844,264.2900085449219,2825612
2026-02-17 20:30:00+00:00,264.2950134277344,264.5299987792969,262.5,263.75,4178204
2026-02-18 14:30:00+00:00,263.5,265.6499938964844,262.45001220703125,265.398193359375,7797779
2026-02-18 15:30:00+00:00,265.3900146484375,266.0899963378906,265.0400085449219,266.0400085449219,2372744
2026-02-18 16:30:00+00:00,266.0249938964844,266.82000732421875,265.1700134277344,265.4200134277344,1840765
2026-02-18 17:30:00+00:00,265.4100036621094,265.9599914550781,265.0,265.39990234375,1335418
2026-02-18 18:30:00+00:00,265.3800048828125,265.5790100097656,264.52301025390625,264.57000732421875,1312561
2026-02-18 19:30:00+00:00,264.5950012207031,264.6299133300781,263.2099914550781,263.739990234375,1727473
2026-02-18 20:30:00+00:00,263.739990234375,265.5299987792969,263.739990234375,264.32000732421875,3105119
2026-02-19 14:30:00+00:00,262.6000061035156,264.3500061035156,262.2900085449219,262.8699951171875,4372727
2026-02-19 15:30:00+00:00,262.8800048828125,264.4800109863281,262.7601013183594,263.6199951171875,1726762
2026-02-19 16:30:00+00:00,263.6700134277344,264.1400146484375,262.6900939941406,262.94000244140625,1785992
2026-02-19 17:30:00+00:00,262.8999938964844,263.0599975585937,261.4200134277344,261.7699890136719,1237800
2026-02-19 18:30:00+00:00,261.739990234375,262.368896484375,261.5,261.5400085449219,1203819
2026-02-19 19:30:00+00:00,261.510009765625,261.6700134277344,260.2699890136719,260.760009765625,1954329
2026-02-19 20:30:00+00:00,260.760009765625,261.29998779296875,260.04998779296875,260.510009765625,2956715
2026-02-20 14:30:00+00:00,258.9549865722656,262.3500061035156,258.1600036621094,260.57049560546875,6967496
2026-02-20 15:30:00+00:00,260.54998779296875,263.260009765625,260.2773132324219,261.42999267578125,2960036
2026-02-20 16:30:00+00:00,261.4200134277344,264.75,261.2300109863281,262.29998779296875,3078479
2026-02-20 17:30:00+00:00,262.2695007324219,263.92999267578125,261.6099853515625,263.6099853515625,2014188
2026-02-20 18:30:00+00:00,263.57501220703125,264.7300109863281,263.1600036621094,264.42999267578125,1630010
2026-02-20 19:30:00+00:00,264.44000244140625,264.7099914550781,263.2850036621094,263.3301086425781,1887447
2026-02-20 20:30:00+00:00,263.3450012207031,264.7449951171875,263.0899963378906,264.5899963378906,13540364
2026-02-23 14:30:00+00:00,263.489990234375,267.739990234375,263.3810119628906,267.04998779296875,7631864
2026-02-23 15:30:00+00:00,267.0899963378906,267.5299072265625,264.75,266.5899963378906,1006448
2026-02-23 16:30:00+00:00,266.57000732421875,267.34588623046875,265.8399963378906,267.1297912597656,2169664
2026-02-23 17:30:00+00:00,267.10699462890625,269.3699951171875,266.8612060546875,269.3349914550781,2699181
2026-02-23 18:30:00+00:00,269.3399963378906,269.42999267578125,267.25,267.29998779296875,2303781
2026-02-23 19:30:00+00:00,267.2701110839844,267.3299865722656,266.2799987792969,266.7799987792969,2444216
2026-02-23 20:30:00+00:00,266.8099975585937,267.20001220703125,265.989990234375,266.3900146484375,2450818
2026-02-24 14:30:00+00:00,268.0,274.8900146484375,267.739990234375,273.6700134277344,8122809
2026-02-24 15:30:00+00:00,273.67999267578125,274.82000732421875,272.3599853515625,273.2200012207031,10039980
2026-02-24 16:30:00+00:00,273.2250061035156,273.239990234375,271.989990234375,272.510009765625,0
2026-02-24 17:30:00+00:00,272.489990234375,272.7900085449219,271.5950012207031,271.5950012207031,1641925
2026-02-24 18:30:00+00:00,271.6000061035156,272.54998779296875,271.3699951171875,272.2900085449219,1871775
2026-02-24 19:30:00+00:00,272.2799987792969,272.7200012207031,271.3800048828125,271.909912109375,2122079
2026-02-24 20:30:00+00:00,271.9100036621094,272.4299011230469,271.4800109863281,272.1700134277344,13328406
2026-02-25 14:30:00+00:00,271.67999267578125,274.0799865722656,271.04998779296875,273.6300048828125,5230897
2026-02-25 15:30:00+00:00,273.6300048828125,274.58990478515625,272.9200134277344,273.9649963378906,2463949
2026-02-25 16:30:00+00:00,273.9150085449219,274.06988525390625,272.9599914550781,273.6099853515625,1694059
2026-02-25 17:30:00+00:00,273.6099853515625,274.6300048828125,273.4200134277344,274.3500061035156,1522519
2026-02-25 18:30:00+00:00,274.3299865722656,274.94000244140625,274.17999267578125,274.4100036621094,1635951
2026-02-25 19:30:00+00:00,274.4100036621094,274.5400085449219,273.2099914550781,273.75,1879899
2026-02-25 20:30:00+00:00,273.7200012207031,274.7200012207031,273.625,274.17999267578125,2422723
2026-02-26 14:30:00+00:00,274.9549865722656,276.1099853515625,270.8399963378906,272.0,5054219
2026-02-26 15:30:00+00:00,271.9200134277344,272.7850952148437,270.7950134277344,272.5400085449219,2579542
2026-02-26 16:30:00+00:00,272.5299987792969,272.7300109863281,271.5126953125,271.760009765625,1300410
2026-02-26 17:30:00+00:00,271.7550048828125,272.0249938964844,270.9100036621094,271.3900146484375,1189482
2026-02-26 18:30:00+00:00,271.4100036621094,272.94000244140625,270.8529968261719,272.79998779296875,1838921
2026-02-26 19:30:00+00:00,272.80499267578125,273.5,272.5799865722656,272.6300048828125,1756013
2026-02-26 20:30:00+00:00,272.6449890136719,273.07000732421875,272.20001220703125,272.989990234375,1906660
2026-02-27 14:30:00+00:00,272.8099975585937,272.8099975585937,268.29998779296875,268.5050048828125,8446879
2026-02-27 15:30:00+00:00,268.4700927734375,269.6400146484375,268.1919860839844,269.05499267578125,0
2026-02-27 16:30:00+00:00,269.07000732421875,269.5199890136719,267.2699890136719,267.8841857910156,1958841
2026-02-27 17:30:00+00:00,267.8699951171875,268.260009765625,265.8800048828125,265.9508056640625,8433506
2026-02-27 18:30:00+00:00,265.95001220703125,266.4800109863281,265.4801025390625,265.7300109863281,0
2026-02-27 19:30:00+00:00,265.7300109863281,266.8999938964844,265.260009765625,266.6400146484375,2562786
2026-02-27 20:30:00+00:00,266.6300048828125,266.6300048828125,262.8900146484375,264.1700134277344,9125681
2026-03-02 14:30:00+00:00,262.44000244140625,264.3399963378906,260.20001220703125,263.8099975585937,9648357
2026-03-02 15:30:00+00:00,263.82000732421875,265.0299987792969,262.0,264.3599853515625,439306
2026-03-02 16:30:00+00:00,264.3599853515625,266.20001220703125,264.0,266.0,2203439
2026-03-02 17:30:00+00:00,265.9949951171875,266.2900085449219,265.25,265.5,1644931
2026-03-02 18:30:00+00:00,265.52801513671875,266.1499938964844,264.3599853515625,266.0599975585937,6993135
2026-03-02 19:30:00+00:00,266.0450134277344,266.5299987792969,264.1400146484375,264.3099975585937,0
2026-03-02 20:30:00+00:00,264.31500244140625,265.54998779296875,263.6099853515625,264.6000061035156,3945882
2026-03-03 14:30:00+00:00,263.4800109863281,265.5599975585937,261.2200012207031,262.260009765625,8047558
2026-03-03 15:30:00+00:00,262.2799987792969,263.94000244140625,261.9100036621094,262.57000732421875,4016845
2026-03-03 16:30:00+00:00,262.4800109863281,263.7799987792969,261.5799865722656,261.8099975585937,2940122
2026-03-03 17:30:00+00:00,261.79998779296875,261.8699951171875,260.1300048828125,261.4800109863281,2901307
2026-03-03 18:30:00+00:00,261.44000244140625,263.9100036621094,261.3699951171875,263.6549987792969,2917518
2026-03-03 19:30:00+00:00,263.6700134277344,264.614990234375,262.510009765625,263.2799987792969,2571377
2026-03-03 20:30:00+00:00,263.239990234375,263.9599914550781,262.3399963378906,263.7099914550781,4136373
2026-03-04 14:30:00+00:00,264.6499938964844,266.1499938964844,261.4200134277344,264.1300048828125,7214854
2026-03-04 15:30:00+00:00,264.125,264.7200012207031,262.81500244140625,264.5299987792969,3576211
2026-03-04 16:30:00+00:00,264.5199890136719,265.510009765625,264.29998779296875,264.8999938964844,3050842
2026-03-04 17:30:00+00:00,264.9100036621094,265.3599853515625,263.3399963378906,263.7799987792969,2827303
2026-03-04 18:30:00+00:00,263.79998779296875,264.19500732421875,263.0599975585937,263.3500061035156,2889009
2026-03-04 19:30:00+00:00,263.3399963378906,263.67999267578125,262.0599060058594,262.7300109863281,3383632
2026-03-04 20:30:00+00:00,262.7099914550781,263.1600036621094,262.16461181640625,262.45001220703125,4837553
2026-03-05 14:30:00+00:00,260.7449951171875,261.45001220703125,258.5400085449219,258.8699951171875,10468747
2026-03-05 15:30:00+00:00,258.9100036621094,261.2250061035156,258.07501220703125,260.7550048828125,4851072
2026-03-05 16:30:00+00:00,260.760009765625,261.55499267578125,258.9700012207031,259.0199890136719,3933354
2026-03-05 17:30:00+00:00,259.0400085449219,259.489990234375,258.4949951171875,258.9090881347656,3426289
2026-03-05 18:30:00+00:00,258.9200134277344,259.17999267578125,257.760009765625,257.8599853515625,3356489
2026-03-05 19:30:00+00:00,257.8450012207031,259.489990234375,257.25,258.69000244140625,4038383
2026-03-05 20:30:00+00:00,258.67999267578125,260.5599975585937,258.4100036621094,260.3099975585937,7024068
2026-03-06 14:30:00+00:00,258.739990234375,258.760009765625,254.3699951171875,256.70001220703125,8565069
2026-03-06 15:30:00+00:00,256.69500732421875,257.95001220703125,256.0799865722656,257.25,3270567
2026-03-06 16:30:00+00:00,257.29998779296875,257.489990234375,256.3900146484375,256.7699890136719,3297640
2026-03-06 17:30:00+00:00,256.7699890136719,257.5899963378906,256.0599975585937,256.4750061035156,2387760
2026-03-06 18:30:00+00:00,256.4750061035156,257.2300109863281,255.91000366210932,257.17999267578125,2090262
2026-03-06 19:30:00+00:00,257.1700134277344,257.96990966796875,256.8005065917969,256.9100036621094,2795477
2026-03-06 20:30:00+00:00,256.9200134277344,258.010009765625,256.44000244140625,257.5350036621094,5125522
2026-03-09 13:30:00+00:00,255.69000244140625,257.0198974609375,253.6804962158203,255.7100067138672,7181497
2026-03-09 14:30:00+00:00,255.66000366210932,257.8800048828125,255.6300048828125,257.7300109863281,3727402
2026-03-09 15:30:00+00:00,257.7200012207031,258.2699890136719,257.1499938964844,257.57000732421875,3050497
2026-03-09 16:30:00+00:00,257.5799865722656,258.0899963378906,256.5400085449219,256.6300048828125,2401092
2026-03-09 17:30:00+00:00,256.6499938964844,257.364990234375,255.9499969482422,257.1499938964844,2688859
2026-03-09 18:30:00+00:00,257.1317138671875,259.57000732421875,256.5199890136719,259.4800109863281,4105990
2026-03-09 19:30:00+00:00,259.4599914550781,261.1499938964844,259.010009765625,259.8900146484375,4821540
2026-03-10 13:30:00+00:00,257.69500732421875,260.25,256.95001220703125,259.9700012207031,5290551
2026-03-10 14:30:00+00:00,259.9400939941406,261.7799987792969,259.9150085449219,261.3099975585937,3031430
2026-03-10 15:30:00+00:00,261.29998779296875,261.9800109863281,261.0,261.8699951171875,2380233
2026-03-10 16:30:00+00:00,261.8900146484375,262.4800109863281,260.82000732421875,262.20001220703125,2603212
2026-03-10 17:30:00+00:00,262.19000244140625,262.4800109863281,260.4700012207031,261.6700134277344,3001027
2026-03-10 18:30:00+00:00,261.70001220703125,261.9700012207031,260.42999267578125,260.5050048828125,2377024
2026-03-10 19:30:00+00:00,260.4700012207031,261.20001220703125,260.35009765625,260.7200012207031,3231160
2026-03-11 13:30:00+00:00,261.2099914550781,262.1300048828125,259.54998779296875,259.9949951171875,4281023
2026-03-11 14:30:00+00:00,260.0,260.9599914550781,259.8599853515625,260.1000061035156,2604285
2026-03-11 15:30:00+00:00,260.1199951171875,260.8680114746094,259.8500061035156,260.6449890136719,1954747
2026-03-11 16:30:00+00:00,260.6199951171875,261.20001220703125,260.5,261.02508544921875,1517902
2026-03-11 17:30:00+00:00,261.0400085449219,261.1300048828125,259.6300048828125,260.1099853515625,1845686
2026-03-11 18:30:00+00:00,260.1000061035156,260.3999938964844,259.8099975585937,260.1317138671875,1606862
2026-03-11 19:30:00+00:00,260.1400146484375,261.1000061035156,260.0400085449219,260.8099975585937,3235002
2026-03-12 13:30:00+00:00,258.6400146484375,258.95001220703125,254.6699981689453,254.6699981689453,7250332
2026-03-12 14:30:00+00:00,254.66000366210932,255.7899932861328,254.3500061035156,255.35499572753903,3974410
2026-03-12 15:30:00+00:00,255.3300018310547,256.25,254.17999267578125,255.6578063964844,3679550
2026-03-12 16:30:00+00:00,255.6300048828125,255.9499969482422,254.7700042724609,255.0500030517578,3104437
2026-03-12 17:30:00+00:00,255.04010009765625,255.67999267578125,254.8099975585937,255.3950042724609,2746542
2026-03-12 18:30:00+00:00,255.3699951171875,256.25,254.88999938964844,256.0899963378906,3162742
2026-03-12 19:30:00+00:00,256.09991455078125,256.2051086425781,254.97000122070312,255.75,4532523
2026-03-13 13:30:00+00:00,255.3999938964844,256.3299865722656,254.6407012939453,255.4250030517578,5452768
2026-03-13 14:30:00+00:00,255.42999267578125,255.8099975585937,253.2700042724609,253.3007049560547,3280492
2026-03-13 15:30:00+00:00,253.3300018310547,253.509994506836,251.8500061035156,252.65499877929688,3395163
2026-03-13 16:30:00+00:00,252.63999938964844,252.97000122070312,250.9600067138672,251.17999267578125,4343212
2026-03-13 17:30:00+00:00,251.1849975585937,251.65750122070312,250.779296875,251.26400756835932,2493737
2026-03-13 18:30:00+00:00,251.259994506836,251.84500122070312,250.2100067138672,250.2949981689453,3296194
2026-03-13 19:30:00+00:00,250.27999877929688,250.6199951171875,249.5200042724609,250.1150054931641,6367474
2026-03-16 13:30:00+00:00,252.10499572753903,253.58999633789065,249.91000366210932,253.2357940673828,4604631
2026-03-16 14:30:00+00:00,253.22000122070312,253.884994506836,252.9199981689453,253.01499938964844,2784630
2026-03-16 15:30:00+00:00,253.009994506836,253.5399932861328,252.2001037597656,252.3650054931641,1738509
2026-03-16 16:30:00+00:00,252.3500061035156,253.3300018310547,252.1999969482422,252.92999267578125,1437485
2026-03-16 17:30:00+00:00,252.94000244140625,253.0599975585937,252.1300048828125,252.9199981689453,1544256
2026-03-16 18:30:00+00:00,252.9219970703125,253.44000244140625,252.2700042724609,252.86199951171875,1954982
2026-03-16 19:30:00+00:00,252.83999633789065,253.0599975585937,252.1100006103516,252.77999877929688,2287594
2026-03-17 13:30:00+00:00,253.07850646972656,255.0749969482422,252.17999267578125,254.44000244140625,3494086
2026-03-17 14:30:00+00:00,254.47999572753903,254.9499969482422,253.80079650878903,254.1699981689453,1412006
2026-03-17 15:30:00+00:00,254.1499938964844,255.12989807128903,253.66000366210932,254.8600006103516,1738870
2026-03-17 16:30:00+00:00,254.8699951171875,255.02999877929688,253.5599975585937,253.9199981689453,6074290
2026-03-17 17:30:00+00:00,253.91000366210932,254.6300048828125,253.884994506836,254.1000061035156,0
2026-03-17 18:30:00+00:00,254.09500122070312,254.3300018310547,253.13009643554688,253.7700042724609,1332707
2026-03-17 19:30:00+00:00,253.77999877929688,254.5800018310547,253.67999267578125,254.22999572753903,1930468
2026-03-18 13:30:00+00:00,252.625,254.94000244140625,251.3800048828125,252.35499572753903,3152133
2026-03-18 14:30:00+00:00,252.33999633789065,253.0599975585937,252.0800018310547,252.3199005126953,2064997
2026-03-18 15:30:00+00:00,252.3099975585937,252.3300018310547,251.4600067138672,251.57009887695312,1753188
2026-03-18 16:30:00+00:00,251.5749969482422,251.58999633789065,250.38999938964844,250.80499267578125,1604382
2026-03-18 17:30:00+00:00,250.7899932861328,251.6475982666016,250.5399932861328,250.9600067138672,1514045
2026-03-18 18:30:00+00:00,250.94000244140625,250.94500732421875,249.6100006103516,249.67999267578125,1957409
2026-03-18 19:30:00+00:00,249.69400024414065,250.3500061035156,249.0,249.91000366210932,2998677
2026-03-19 13:30:00+00:00,249.3999938964844,251.8300018310547,247.3000030517578,249.8000030517578,5282204
2026-03-19 14:30:00+00:00,249.80099487304688,250.7100067138672,249.14010620117188,249.41000366210932,1824930
2026-03-19 15:30:00+00:00,249.41000366210932,249.95260620117188,248.8800048828125,249.259994506836,1704879
2026-03-19 16:30:00+00:00,249.2749938964844,249.4199981689453,247.7100067138672,248.2801055908203,7064876
2026-03-19 17:30:00+00:00,248.2949981689453,248.5299072265625,247.6699981689453,248.02200317382807,0
2026-03-19 18:30:00+00:00,248.009994506836,249.58999633789065,247.6699981689453,248.47000122070312,2599457
2026-03-19 19:30:00+00:00,248.44000244140625,249.3300018310547,248.2899932861328,248.9069976806641,2408615
2026-03-20 13:30:00+00:00,248.1100006103516,248.759994506836,246.6100006103516,247.759994506836,16388329
2026-03-20 14:30:00+00:00,247.8099975585937,248.8500061035156,247.1600952148437,247.9850006103516,6539448
2026-03-20 15:30:00+00:00,247.9499969482422,249.0599975585937,247.8600006103516,248.6199951171875,2911321
2026-03-20 16:30:00+00:00,248.6300048828125,248.7899932861328,248.0800018310547,248.2700042724609,2570162
2026-03-20 17:30:00+00:00,248.2899932861328,248.7599029541016,247.5301055908203,248.0399932861328,2895312
2026-03-20 18:30:00+00:00,248.08999633789065,249.1999053955078,247.58999633789065,248.08999633789065,3994932
2026-03-20 19:30:00+00:00,248.08999633789065,248.1999969482422,246.0,248.19000244140625,6366085
2026-03-23 13:30:00+00:00,253.9900054931641,254.5599975585937,251.0200042724609,252.4398956298828,9464664
2026-03-23 14:30:00+00:00,252.4199981689453,252.9199981689453,251.52999877929688,252.57989501953125,3394637
2026-03-23 15:30:00+00:00,252.58999633789065,252.90499877929688,250.6750030517578,250.80499267578125,4431092
2026-03-23 16:30:00+00:00,250.8099975585937,251.75,250.27999877929688,250.9199981689453,2569031
2026-03-23 17:30:00+00:00,250.9550018310547,251.9850006103516,250.8999938964844,251.3300018310547,2523158
2026-03-23 18:30:00+00:00,251.3699951171875,252.4149932861328,251.3699951171875,251.76499938964844,2979367
2026-03-23 19:30:00+00:00,251.76499938964844,252.5249938964844,250.97000122070312,251.44000244140625,4373303
2026-03-24 13:30:00+00:00,250.4900054931641,253.1199951171875,249.5500030517578,252.47000122070312,5324672
2026-03-24 14:30:00+00:00,252.44000244140625,254.1699981689453,251.7400054931641,253.9850006103516,4425199
2026-03-24 15:30:00+00:00,253.97999572753903,254.8249969482422,253.3849029541016,254.58999633789065,2900185
2026-03-24 16:30:00+00:00,254.59689331054688,254.7100067138672,252.76499938964844,253.0599975585937,2254333
2026-03-24 17:30:00+00:00,253.0500030517578,253.5399932861328,252.2949981689453,252.57000732421875,2463029
2026-03-24 18:30:00+00:00,252.58999633789065,253.1501007080078,252.0800018310547,252.089599609375,2249663
2026-03-24 19:30:00+00:00,252.08990478515625,252.1300048828125,251.22000122070312,251.75,3583757
2026-03-25 13:30:00+00:00,254.0200042724609,254.97999572753903,251.6000061035156,252.8600006103516,5252200
2026-03-25 14:30:00+00:00,252.8699951171875,254.2899932861328,252.6000061035156,254.2449951171875,3411621
2026-03-25 15:30:00+00:00,254.2400054931641,254.4600067138672,253.08999633789065,253.9250030517578,2284849
2026-03-25 16:30:00+00:00,254.0,254.6499938964844,253.7400054931641,254.1450042724609,2123725
2026-03-25 17:30:00+00:00,254.1199951171875,254.509994506836,253.7350006103516,253.9600067138672,1763468
2026-03-25 18:30:00+00:00,253.9499969482422,254.05499267578125,252.259994506836,252.625,2548509
2026-03-25 19:30:00+00:00,252.634994506836,252.71499633789065,252.009994506836,252.57000732421875,3058584
2026-03-26 13:30:00+00:00,251.9949951171875,256.239990234375,250.7749938964844,255.91000366210932,7345489
2026-03-26 14:30:00+00:00,255.8999938964844,257.0,255.509994506836,255.67999267578125,5446373
2026-03-26 15:30:00+00:00,255.69000244140625,256.7699890136719,255.57000732421875,256.1000061035156,3382555
2026-03-26 16:30:00+00:00,256.1000061035156,256.4599914550781,254.5901031494141,254.9900054931641,3520903
2026-03-26 17:30:00+00:00,254.97999572753903,255.1150054931641,253.38999938964844,253.8249969482422,4260523
2026-03-26 18:30:00+00:00,253.8500061035156,254.51499938964844,253.13999938964844,253.6699981689453,3242928
2026-03-26 19:30:00+00:00,253.67999267578125,253.7250061035156,252.0200042724609,252.8800048828125,4420545
2026-03-27 13:30:00+00:00,253.91000366210932,255.4929962158203,252.7801055908203,254.47999572753903,9684416
2026-03-27 14:30:00+00:00,254.4600067138672,254.69000244140625,251.8000030517578,252.6199951171875,5252638
2026-03-27 15:30:00+00:00,252.6199951171875,253.2400054931641,251.69000244140625,251.77999877929688,3302520
2026-03-27 16:30:00+00:00,251.7749938964844,252.759994506836,250.3699951171875,250.41000366210932,3282303
2026-03-27 17:30:00+00:00,250.41000366210932,250.5800018310547,248.634994506836,249.384994506836,4579763
2026-03-27 18:30:00+00:00,249.4199981689453,249.5200042724609,248.25,248.409896850586,4113587
2026-03-27 19:30:00+00:00,248.41000366210932,249.3699951171875,248.07000732421875,248.6199951171875,5252096
2026-03-30 13:30:00+00:00,249.9949951171875,250.83999633789065,246.97000122070312,247.8300018310547,6260227
2026-03-30 14:30:00+00:00,247.82000732421875,248.0,246.0399932861328,246.52999877929688,4008529
2026-03-30 15:30:00+00:00,246.52999877929688,247.2100067138672,245.9600067138672,246.0200042724609,2817533
2026-03-30 16:30:00+00:00,246.009994506836,247.44000244140625,245.9600067138672,246.25,2713501
2026-03-30 17:30:00+00:00,246.2550048828125,247.32000732421875,245.9949951171875,246.48019409179688,2877202
2026-03-30 18:30:00+00:00,246.509994506836,246.8300018310547,245.8300018310547,245.88999938964844,2969148
2026-03-30 19:30:00+00:00,245.88999938964844,247.0399932861328,245.509994506836,246.5399932861328,4551161
2026-03-31 13:30:00+00:00,247.88999938964844,249.2700042724609,247.63999938964844,248.94009399414065,5972142
2026-03-31 14:30:00+00:00,248.94009399414065,249.009994506836,247.1009979248047,248.42999267578125,3461229
2026-03-31 15:30:00+00:00,248.4499969482422,250.69000244140625,247.66000366210932,250.33999633789065,3436143
2026-03-31 16:30:00+00:00,250.3498992919922,253.92990112304688,250.17999267578125,253.2250061035156,5752049
2026-03-31 17:30:00+00:00,253.17999267578125,253.9600067138672,252.3999938964844,253.1300048828125,3142090
2026-03-31 18:30:00+00:00,253.1199951171875,254.125,253.0200042724609,253.6699981689453,3514497
2026-03-31 19:30:00+00:00,253.6699981689453,255.47999572753903,253.27999877929688,253.7899932861328,7002121
2026-04-01 13:30:00+00:00,254.3000030517578,256.17999267578125,253.82000732421875,254.1201019287109,7295932
2026-04-01 14:30:00+00:00,254.19000244140625,254.7449951171875,253.3300018310547,254.1499938964844,3965408
2026-04-01 15:30:00+00:00,254.1499938964844,254.82000732421875,253.759994506836,254.4300994873047,2571729
2026-04-01 16:30:00+00:00,254.44000244140625,255.3999938964844,254.22000122070312,255.14219665527344,4352734
2026-04-01 17:30:00+00:00,255.125,255.27999877929688,254.1000061035156,254.3099975585937,2614499
2026-04-01 18:30:00+00:00,254.32000732421875,255.66000366210932,253.97000122070312,255.65499877929688,3235556
2026-04-01 19:30:00+00:00,255.63999938964844,256.1300048828125,255.1501007080078,255.69000244140625,4782139
2026-04-02 13:30:00+00:00,254.13999938964844,254.759994506836,250.6499938964844,252.125,6325362
2026-04-02 14:30:00+00:00,252.1100006103516,255.72000122070312,251.9900054931641,255.1199951171875,3633781
2026-04-02 15:30:00+00:00,255.1649932861328,255.1849975585937,254.0,254.1100006103516,1582954
2026-04-02 16:30:00+00:00,254.1300048828125,255.4853057861328,254.07000732421875,255.3350067138672,1421651
2026-04-02 17:30:00+00:00,255.3350067138672,255.38999938964844,254.3099975585937,255.1450042724609,1758702
2026-04-02 18:30:00+00:00,255.16000366210932,255.6999969482422,254.8000946044922,255.1199951171875,3309762
2026-04-02 19:30:00+00:00,255.1000061035156,256.1300048828125,254.8000030517578,255.88999938964844,3297591
2026-04-06 13:30:00+00:00,256.9624938964844,262.0199890136719,256.4800109863281,261.760009765625,6693044
2026-04-06 14:30:00+00:00,261.760009765625,262.1600036621094,258.9700012207031,259.25,3953211
2026-04-06 15:30:00+00:00,259.2301025390625,259.6300048828125,258.7099914550781,259.0400085449219,2022687
2026-04-06 16:30:00+00:00,259.0299987792969,259.5599975585937,257.9100036621094,258.7799987792969,2006161
2026-04-06 17:30:00+00:00,258.7900085449219,259.3900146484375,257.8500061035156,259.2799987792969,2071173
2026-04-06 18:30:00+00:00,259.28009033203125,259.3699035644531,258.0199890136719,258.2499084472656,2221241
2026-04-06 19:30:00+00:00,258.2300109863281,259.07501220703125,258.1300048828125,258.8869934082031,2757592
2026-04-07 13:30:00+00:00,254.25,254.7998962402344,247.57000732421875,247.6699981689453,13859963
2026-04-07 14:30:00+00:00,247.6649932861328,248.19000244140625,245.6999969482422,247.82000732421875,8526234
2026-04-07 15:30:00+00:00,247.82000732421875,250.28990173339844,247.3999938964844,250.1699981689453,6863002
2026-04-07 16:30:00+00:00,250.1699981689453,253.38999938964844,249.6600952148437,251.5850067138672,8239350
2026-04-07 17:30:00+00:00,251.6150054931641,252.7899932861328,251.2899932861328,251.32000732421875,3425924
2026-04-07 18:30:00+00:00,251.3300018310547,252.5,250.1199951171875,251.9550018310547,4257297
2026-04-07 19:30:00+00:00,251.92100524902344,253.60989379882807,251.44000244140625,253.4900054931641,5898745
2026-04-08 13:30:00+00:00,258.510009765625,259.7499084472656,256.5299987792969,258.1300048828125,10222566
2026-04-08 14:30:00+00:00,258.1400146484375,259.510009765625,257.510009765625,257.510009765625,4460093
2026-04-08 15:30:00+00:00,257.5199890136719,258.3999938964844,257.1099853515625,257.4280090332031,3452386
2026-04-08 16:30:00+00:00,257.42498779296875,258.69000244140625,257.42498779296875,257.510009765625,2664363
2026-04-08 17:30:00+00:00,257.5,258.1499938964844,256.9100036621094,257.239990234375,2940397
2026-04-08 18:30:00+00:00,257.2300109863281,257.8399963378906,257.0899963378906,257.20001220703125,3088380
2026-04-08 19:30:00+00:00,257.17999267578125,258.989990234375,257.17999267578125,258.92999267578125,3893271
2026-04-09 13:30:00+00:00,259.3699951171875,260.0299987792969,256.07000732421875,257.8399963378906,5914405
2026-04-09 14:30:00+00:00,257.8099975585937,258.260009765625,257.35009765625,257.54998779296875,2479856
2026-04-09 15:30:00+00:00,257.5150146484375,259.4700012207031,257.4760131835937,259.1199951171875,2615049
2026-04-09 16:30:00+00:00,259.1199951171875,260.5299987792969,258.80499267578125,260.05499267578125,2292578
2026-04-09 17:30:00+00:00,260.04998779296875,260.45001220703125,259.29998779296875,259.625,1852839
2026-04-09 18:30:00+00:00,259.6099853515625,260.3399963378906,259.45001220703125,260.0599975585937,2088354
2026-04-09 19:30:00+00:00,260.04998779296875,261.1199951171875,260.0249938964844,260.3900146484375,2894901
2026-04-10 13:30:00+00:00,259.95001220703125,261.8500061035156,259.07000732421875,261.56500244140625,5479310
2026-04-10 14:30:00+00:00,261.56500244140625,262.19000244140625,261.13970947265625,261.2900085449219,3021703
2026-04-10 15:30:00+00:00,261.31988525390625,261.75,260.42999267578125,260.5350952148437,2476645
2026-04-10 16:30:00+00:00,260.5450134277344,260.5599975585937,259.20001220703125,259.239990234375,2249096
2026-04-10 17:30:00+00:00,259.239990234375,260.1449890136719,259.0231018066406,260.1199951171875,1925290
2026-04-10 18:30:00+00:00,260.1099853515625,260.20001220703125,259.3500061035156,259.7200012207031,2386313
2026-04-10 19:30:00+00:00,259.7200012207031,260.5350036621094,259.2900085449219,260.3800048828125,3655071
2026-04-13 13:30:00+00:00,259.8599853515625,260.17999267578125,256.6600036621094,257.32000732421875,6263854
2026-04-13 14:30:00+00:00,257.3099975585937,257.8800048828125,257.1000061035156,257.7099914550781,3495796
2026-04-13 15:30:00+00:00,257.7300109863281,257.875,256.7900085449219,257.7799987792969,3136398
2026-04-13 16:30:00+00:00,257.79010009765625,258.3399963378906,257.5151062011719,257.864990234375,2360343
2026-04-13 17:30:00+00:00,257.8599853515625,258.20001220703125,257.5199890136719,257.8800048828125,2113453
2026-04-13 18:30:00+00:00,257.864990234375,258.4800109863281,257.79998779296875,257.8500061035156,2513031
2026-04-13 19:30:00+00:00,257.8450012207031,259.5799865722656,257.5899963378906,259.2099914550781,5022608
2026-04-14 13:30:00+00:00,259.1000061035156,261.92999267578125,259.0299987792969,259.3399963378906,8135429
2026-04-14 14:30:00+00:00,259.3299865722656,259.42999267578125,257.6099853515625,258.0553894042969,4964907
2026-04-14 15:30:00+00:00,258.04998779296875,258.3900146484375,257.1900939941406,257.70001220703125,4016733
2026-04-14 16:30:00+00:00,257.69000244140625,259.7651062011719,257.6199951171875,258.6600036621094,4098111
2026-04-14 17:30:00+00:00,258.6600036621094,258.9700012207031,257.75,258.7799987792969,2712760
2026-04-14 18:30:00+00:00,258.7799987792969,258.8099975585937,257.75,258.32501220703125,3074143
2026-04-14 19:30:00+00:00,258.32501220703125,258.8599853515625,258.1499938964844,258.8550109863281,5322365
2026-04-15 13:30:00+00:00,258.0950012207031,261.0400085449219,257.82000732421875,260.67999267578125,8314756
2026-04-15 14:30:00+00:00,260.70001220703125,264.1099853515625,260.4200134277344,263.17999267578125,7448665
2026-04-15 15:30:00+00:00,263.1849975585937,265.5,262.9849853515625,264.5790100097656,5556537
2026-04-15 16:30:00+00:00,264.57000732421875,265.7900085449219,264.239990234375,264.94500732421875,4374751
2026-04-15 17:30:00+00:00,264.9100036621094,265.29998779296875,264.29998779296875,265.17999267578125,2750108
2026-04-15 18:30:00+00:00,265.19000244140625,265.864990234375,265.19000244140625,265.3399963378906,2971178
2026-04-15 19:30:00+00:00,265.3099975585937,266.5599975585937,265.25,266.3699951171875,6497059
2026-04-16 13:30:00+00:00,266.79998779296875,267.1600036621094,261.3099975585937,262.0599975585937,11554343
2026-04-16 14:30:00+00:00,262.0899963378906,262.7300109863281,261.2699890136719,262.25,4797954
2026-04-16 15:30:00+00:00,262.25,264.3898010253906,262.19000244140625,264.0801086425781,4125437
2026-04-16 16:30:00+00:00,264.0899963378906,264.1686096191406,263.0899963378906,263.5199890136719,2692302
2026-04-16 17:30:00+00:00,263.5299987792969,264.1700134277344,263.2900085449219,263.5799865722656,2435729
2026-04-16 18:30:00+00:00,263.5899963378906,264.54998779296875,263.4800109863281,263.63409423828125,3260194
2026-04-16 19:30:00+00:00,263.6300048828125,264.25,263.260009765625,263.3599853515625,3667931
2026-04-17 13:30:00+00:00,267.0979919433594,269.7900085449219,266.7200012207031,268.5849914550781,16349267
2026-04-17 14:30:00+00:00,268.635009765625,272.1000061035156,268.44000244140625,271.94000244140625,7480237
2026-04-17 15:30:00+00:00,271.95001220703125,272.29998779296875,270.7699890136719,271.54998779296875,4036285
2026-04-17 16:30:00+00:00,271.5599975585937,271.7398986816406,270.17999267578125,270.5799865722656,6141486
2026-04-17 17:30:00+00:00,270.5799865722656,270.7300109863281,269.9200134277344,270.19000244140625,2909144
2026-04-17 18:30:00+00:00,270.19000244140625,270.79998779296875,269.5299987792969,269.69500732421875,4089699
2026-04-17 19:30:00+00:00,269.7099914550781,270.5299987792969,269.6600952148437,270.1849975585937,4777998
2026-04-20 13:30:00+00:00,270.3299865722656,274.2749938964844,270.3299865722656,273.3800048828125,9800654
2026-04-20 14:30:00+00:00,273.389892578125,273.8500061035156,271.7200012207031,272.8800048828125,4154551
2026-04-20 15:30:00+00:00,272.8299865722656,272.9100036621094,272.0799865722656,272.57000732421875,2499488
2026-04-20 16:30:00+00:00,272.5899963378906,273.135009765625,271.8399963378906,272.19000244140625,2403500
2026-04-20 17:30:00+00:00,272.1700134277344,273.6400146484375,271.9800109863281,273.45001220703125,2711593
2026-04-20 18:30:00+00:00,273.4599914550781,273.4599914550781,272.6700134277344,272.69000244140625,2176297
2026-04-20 19:30:00+00:00,272.6499938964844,273.1600036621094,272.2699890136719,272.92999267578125,3689439
2026-04-21 13:30:00+00:00,271.44500732421875,272.79998779296875,269.3699951171875,269.5801086425781,8494357
2026-04-21 14:30:00+00:00,269.56500244140625,269.8500061035156,267.75,267.92999267578125,5401167
2026-04-21 15:30:00+00:00,267.9200134277344,268.0199890136719,265.8099975585937,265.8599853515625,5635814
2026-04-21 16:30:00+00:00,265.8599853515625,266.8800048828125,265.3999938964844,266.1600036621094,6382916
2026-04-21 17:30:00+00:00,266.17999267578125,267.0,266.0599975585937,266.375,3327326
2026-04-21 18:30:00+00:00,266.3800048828125,268.19000244140625,266.3800048828125,267.9599914550781,5107191
2026-04-21 19:30:00+00:00,267.9649963378906,267.9700012207031,265.8699951171875,266.2200012207031,6237992
2026-04-22 13:30:00+00:00,267.82000732421875,271.94000244140625,266.8699951171875,271.94000244140625,11027751
2026-04-22 14:30:00+00:00,271.94000244140625,272.7650146484375,270.9800109863281,272.40008544921875,5075100
2026-04-22 15:30:00+00:00,272.3900146484375,273.5050048828125,272.260009765625,272.69000244140625,4099370
2026-04-22 16:30:00+00:00,272.7049865722656,273.4200134277344,272.3599853515625,273.2099914550781,2955513
2026-04-22 17:30:00+00:00,273.218994140625,273.739990234375,272.6300048828125,272.6849975585937,3034300
2026-04-22 18:30:00+00:00,272.7099914550781,272.82000732421875,272.1004943847656,272.7099914550781,2582682
2026-04-22 19:30:00+00:00,272.7149963378906,273.260009765625,272.54998779296875,273.19000244140625,4278621
2026-04-23 13:30:00+00:00,275.0450134277344,275.7699890136719,273.135498046875,273.9049987792969,6409699
2026-04-23 14:30:00+00:00,273.9700012207031,274.3099060058594,273.2699890136719,273.67999267578125,2403732
2026-04-23 15:30:00+00:00,273.6300048828125,274.4100036621094,273.0304870605469,273.6000061035156,2252095
2026-04-23 16:30:00+00:00,273.614990234375,273.9927062988281,272.090087890625,272.239990234375,4159022
2026-04-23 17:30:00+00:00,272.25,273.79998779296875,271.6499938964844,273.6600036621094,3978695
2026-04-23 18:30:00+00:00,273.6600036621094,274.5450134277344,273.5299987792969,274.1700134277344,2790476
2026-04-23 19:30:00+00:00,274.1499938964844,274.2598876953125,273.0599975585937,273.44000244140625,2753801
2026-04-24 13:30:00+00:00,272.760009765625,273.0599975585937,270.1000061035156,272.07000732421875,6679041
2026-04-24 14:30:00+00:00,272.1000061035156,272.5899963378906,270.5700988769531,270.67999267578125,2757059
2026-04-24 15:30:00+00:00,270.69000244140625,271.67999267578125,269.79998779296875,270.989990234375,3542918
2026-04-24 16:30:00+00:00,271.0,271.1520080566406,269.6499938964844,270.06500244140625,3376037
2026-04-24 17:30:00+00:00,270.04998779296875,270.29998779296875,269.7200012207031,269.9599914550781,3006016
2026-04-24 18:30:00+00:00,269.9700012207031,270.3800048828125,269.8599853515625,270.0899963378906,3623118
2026-04-24 19:30:00+00:00,270.0899963378906,271.4800109863281,270.0,271.0599975585937,4744314
2026-04-27 13:30:00+00:00,266.0899963378906,268.3599853515625,265.07000732421875,267.3599853515625,10219067
2026-04-27 14:30:00+00:00,267.3900146484375,267.79998779296875,266.6199951171875,267.1099853515625,3251687
2026-04-27 15:30:00+00:00,267.1400146484375,267.6400146484375,266.260009765625,266.2950134277344,2679704
2026-04-27 16:30:00+00:00,266.2900085449219,267.0299987792969,266.2900085449219,266.8399963378906,2950643
2026-04-27 17:30:00+00:00,266.8299865722656,267.04998779296875,266.0899963378906,266.34991455078125,2558668
2026-04-27 18:30:00+00:00,266.3500061035156,267.2149963378906,266.1300048828125,267.1499938964844,2713356
2026-04-27 19:30:00+00:00,267.1600036621094,267.9599914550781,267.04998779296875,267.67999267578125,4077895
2026-04-28 13:30:00+00:00,272.3349914550781,273.2200012207031,268.6600036621094,271.2799072265625,9095136
2026-04-28 14:30:00+00:00,271.2799987792969,271.8299865722656,270.2900085449219,270.32501220703125,5340855
2026-04-28 15:30:00+00:00,270.32501220703125,270.56500244140625,269.331298828125,269.5159912109375,2719213
2026-04-28 16:30:00+00:00,269.4949951171875,270.1300048828125,269.440185546875,269.8699951171875,1855230
2026-04-28 17:30:00+00:00,269.8699951171875,270.9150085449219,269.7900085449219,270.5,2765318
2026-04-28 18:30:00+00:00,270.5,270.6300048828125,269.8900146484375,270.2250061035156,2300165
2026-04-28 19:30:00+00:00,270.2300109863281,270.94500732421875,269.9949951171875,270.760009765625,3115541
2026-04-29 13:30:00+00:00,267.54998779296875,270.3117980957031,267.0400085449219,269.3999938964844,5646330
2026-04-29 14:30:00+00:00,269.4100036621094,269.92999267578125,268.7300109863281,268.8399963378906,2444917
2026-04-29 15:30:00+00:00,268.8244934082031,270.1466064453125,268.20001220703125,269.82501220703125,2865276
2026-04-29 16:30:00+00:00,269.8299865722656,271.0400085449219,269.75,270.20001220703125,2163618
2026-04-29 17:30:00+00:00,270.2099914550781,270.5899963378906,269.6400146484375,269.739990234375,1643753
2026-04-29 18:30:00+00:00,269.7349853515625,270.44500732421875,269.3699951171875,270.2799987792969,1887172
2026-04-29 19:30:00+00:00,270.2699890136719,270.3599853515625,269.6099853515625,270.19000244140625,3057478
2026-04-30 13:30:00+00:00,270.5,272.20001220703125,268.1400146484375,271.91900634765625,9777419
2026-04-30 14:30:00+00:00,271.8800048828125,272.2099914550781,270.7300109863281,271.5199890136719,4122597
2026-04-30 15:30:00+00:00,271.5249938964844,273.09991455078125,271.17999267578125,273.0599975585937,4223495
2026-04-30 16:30:00+00:00,273.0799865722656,273.760009765625,271.67999267578125,272.7850036621094,4454018
2026-04-30 17:30:00+00:00,272.8099975585937,274.20001220703125,272.79998779296875,273.6000061035156,4048045
2026-04-30 18:30:00+00:00,273.5799865722656,274.489990234375,272.82000732421875,274.489990234375,4534270
2026-04-30 19:30:00+00:00,274.4700012207031,275.94000244140625,270.3399963378906,271.3599853515625,14238265
2026-05-01 13:30:00+00:00,278.94000244140625,287.2099914550781,278.3699951171875,285.3399963378906,30058496
2026-05-01 14:30:00+00:00,285.340087890625,285.6000061035156,281.4599914550781,283.95001220703125,9289199
2026-05-01 15:30:00+00:00,283.9549865722656,285.489990234375,283.20001220703125,283.9549865722656,9693580
2026-05-01 16:30:00+00:00,283.9549865722656,284.1099853515625,282.3951110839844,282.8099975585937,5060158
2026-05-01 17:30:00+00:00,282.80499267578125,282.82000732421875,280.6401062011719,281.2300109863281,4791832
2026-05-01 18:30:00+00:00,281.239990234375,281.239990234375,279.739990234375,280.34991455078125,4824175
2026-05-01 19:30:00+00:00,280.3399963378906,280.69000244140625,279.6099853515625,280.1499938964844,5835825
2026-05-04 13:30:00+00:00,279.6549987792969,280.6300048828125,274.860107421875,276.25360107421875,11843656
2026-05-04 14:30:00+00:00,276.2749938964844,278.0,276.07000732421875,276.8349914550781,5095476
2026-05-04 15:30:00+00:00,276.8500061035156,277.3699951171875,275.45001220703125,276.0899963378906,3294311
2026-05-04 16:30:00+00:00,276.1000061035156,277.3399963378906,275.9800109863281,277.0400085449219,2386442
2026-05-04 17:30:00+00:00,277.0599975585937,277.4200134277344,276.6300048828125,276.7699890136719,2422618
2026-05-04 18:30:00+00:00,276.7699890136719,277.6700134277344,276.260009765625,277.0784912109375,3114535
2026-05-04 19:30:00+00:00,277.0799865722656,277.32000732421875,276.510009765625,276.8399963378906,4124586
2026-05-05 13:30:00+00:00,276.8999938964844,281.3800048828125,276.5010070800781,281.19000244140625,9001566
2026-05-05 14:30:00+00:00,281.17999267578125,283.2099914550781,279.7099914550781,280.2200012207031,6121481
2026-05-05 15:30:00+00:00,280.2300109863281,281.5599975585937,279.8450012207031,281.3999938964844,3040049
2026-05-05 16:30:00+00:00,281.3900146484375,284.57000732421875,281.3299865722656,282.81500244140625,5146396
2026-05-05 17:30:00+00:00,282.8099975585937,284.2799987792969,282.3526916503906,284.2500915527344,3957543
2026-05-05 18:30:00+00:00,284.2550048828125,284.45001220703125,283.4200134277344,284.2099914550781,3606272
2026-05-05 19:30:00+00:00,284.2200012207031,284.3299865722656,283.45001220703125,284.1700134277344,4695212
2026-05-06 13:30:00+00:00,281.9150085449219,286.7200012207031,281.07501220703125,286.1099853515625,11276788
2026-05-06 14:30:00+00:00,286.1300048828125,286.3399963378906,283.8800048828125,284.739990234375,6691628
2026-05-06 15:30:00+00:00,284.739990234375,286.3699951171875,284.6499938964844,286.260009765625,4527443
2026-05-06 16:30:00+00:00,286.2550048828125,287.1300048828125,285.7099914550781,286.7349853515625,3689933
2026-05-06 17:30:00+00:00,286.7300109863281,287.8500061035156,286.57000732421875,287.17999267578125,3878452
2026-05-06 18:30:00+00:00,287.1658935546875,287.8999938964844,286.6650085449219,287.760009765625,4158472
2026-05-06 19:30:00+00:00,287.760009765625,288.0299987792969,287.0400085449219,287.5299987792969,5753679
2026-05-07 13:30:00+00:00,289.2699890136719,292.1300048828125,288.20001220703125,290.4700012207031,11895992
2026-05-07 14:30:00+00:00,290.4700012207031,291.3900146484375,289.9200134277344,290.2001037597656,4189077
2026-05-07 15:30:00+00:00,290.20001220703125,290.739990234375,288.7799987792969,289.4100036621094,3696404
2026-05-07 16:30:00+00:00,289.42498779296875,289.6549987792969,288.239990234375,288.7650146484375,3128156
2026-05-07 17:30:00+00:00,288.7449951171875,289.7699890136719,287.8999938964844,288.2699890136719,3005520
2026-05-07 18:30:00+00:00,288.2799987792969,288.3399963378906,285.7799987792969,286.739990234375,4941011
2026-05-07 19:30:00+00:00,286.7349853515625,287.5599975585937,286.2799987792969,287.4700012207031,3254466
2026-05-08 13:30:00+00:00,290.1099853515625,294.55499267578125,290.0,293.7850036621094,11356891
2026-05-08 14:30:00+00:00,293.7699890136719,294.760009765625,292.4200134277344,292.8500061035156,7279310
2026-05-08 15:30:00+00:00,292.8500061035156,293.0400085449219,292.1801147460937,292.79998779296875,3193255
2026-05-08 16:30:00+00:00,292.79998779296875,292.79998779296875,291.7500915527344,292.1499938964844,4004012
2026-05-08 17:30:00+00:00,292.1400146484375,292.8599853515625,292.07000732421875,292.7229919433594,2447225
2026-05-08 18:30:00+00:00,292.7651062011719,293.6000061035156,292.3900146484375,293.42999267578125,3970671
2026-05-08 19:30:00+00:00,293.45001220703125,294.25,293.1000061035156,293.2799987792969,6088657
2026-05-11 13:30:00+00:00,291.97900390625,293.1499938964844,290.2300109863281,292.0450134277344,9227947
2026-05-11 14:30:00+00:00,292.0450134277344,293.5899963378906,291.75,293.3699035644531,4290117
2026-05-11 15:30:00+00:00,293.3699951171875,293.8800048828125,291.8214111328125,292.4150085449219,3777650
2026-05-11 16:30:00+00:00,292.4150085449219,292.7049865722656,290.6300048828125,291.94000244140625,3556324
2026-05-11 17:30:00+00:00,291.9399108886719,292.9800109863281,291.7250061035156,291.739990234375,2587000
2026-05-11 18:30:00+00:00,291.739990234375,292.2098999023437,290.8599853515625,292.1499938964844,2874040
2026-05-11 19:30:00+00:00,292.1459045410156,292.79998779296875,291.8099975585937,292.739990234375,3307424
2026-05-12 13:30:00+00:00,292.7550048828125,294.8099975585937,292.614990234375,293.9399108886719,11112742
2026-05-12 14:30:00+00:00,293.9100036621094,294.89990234375,293.25,294.3699951171875,4316772
2026-05-12 15:30:00+00:00,294.3599853515625,294.7799987792969,293.4599914550781,293.9599914550781,2815308
2026-05-12 16:30:00+00:00,293.95001220703125,294.5899963378906,293.3800048828125,293.8999938964844,3097799
2026-05-12 17:30:00+00:00,293.8999938964844,294.6600036621094,293.69000244140625,294.6499938964844,3363937
2026-05-12 18:30:00+00:00,294.6199951171875,294.9200134277344,294.0,294.8006896972656,3451447
2026-05-12 19:30:00+00:00,294.79998779296875,295.2699890136719,294.3599853515625,294.8699951171875,4049102
2026-05-13 13:30:00+00:00,293.6300048828125,297.5097961425781,293.5599975585937,295.1499938964844,10759628
2026-05-13 14:30:00+00:00,295.1700134277344,297.25,295.1600036621094,296.94000244140625,4349742
2026-05-13 15:30:00+00:00,296.9349975585937,298.54998779296875,296.7207946777344,298.40008544921875,4139107
2026-05-13 16:30:00+00:00,298.3900146484375,300.3699951171875,298.3309936523437,300.125,6943795
2026-05-13 17:30:00+00:00,300.1099853515625,300.9200134277344,299.7099914550781,299.7149963378906,4870507
2026-05-13 18:30:00+00:00,299.7099914550781,299.7200012207031,298.614990234375,299.1499938964844,3364858
2026-05-13 19:30:00+00:00,299.1499938964844,299.4800109863281,298.8500061035156,298.8800048828125,3870507
2026-05-14 13:30:00+00:00,299.82000732421875,300.3500061035156,297.0799865722656,297.9349975585937,7145581
2026-05-14 14:30:00+00:00,297.95001220703125,299.4700012207031,297.5799865722656,299.06500244140625,3728318
2026-05-14 15:30:00+00:00,299.07000732421875,299.3599853515625,298.2799987792969,298.3099060058594,3199871
2026-05-14 16:30:00+00:00,298.3099975585937,298.51251220703125,295.3800048828125,298.3800048828125,4489806
2026-05-14 17:30:00+00:00,298.40899658203125,298.6299133300781,297.54998779296875,298.3699951171875,2323271
2026-05-14 18:30:00+00:00,298.364990234375,299.20001220703125,298.2229919433594,299.07501220703125,2930714
2026-05-14 19:30:00+00:00,299.0799865722656,299.0799865722656,297.8800048828125,298.1650085449219,3098706
2026-05-15 13:30:00+00:00,297.7550048828125,299.8500061035156,296.5299987792969,299.2900085449219,10451647
2026-05-15 14:30:00+00:00,299.2699890136719,302.7900085449219,299.239990234375,301.9695129394531,8526677
2026-05-15 15:30:00+00:00,301.989990234375,302.6000061035156,300.6400146484375,301.8099975585937,4948995
2026-05-15 16:30:00+00:00,301.7900085449219,303.20001220703125,301.4849853515625,303.1199951171875,4106965
2026-05-15 17:30:00+00:00,303.1000061035156,303.1400146484375,301.1180114746094,301.2650146484375,4178682
2026-05-15 18:30:00+00:00,301.2799987792969,301.760009765625,299.8800048828125,300.2633972167969,4233250
2026-05-15 19:30:00+00:00,300.2799987792969,300.6600036621094,299.6300048828125,300.2200012207031,4618896
2026-05-18 13:30:00+00:00,300.239990234375,300.6300048828125,296.70001220703125,298.1650085449219,7655183
2026-05-18 14:30:00+00:00,298.1400146484375,298.5799865722656,295.4800109863281,295.4800109863281,3859797
2026-05-18 15:30:00+00:00,295.5199890136719,296.8099975585937,295.0199890136719,295.25,2469524
2026-05-18 16:30:00+00:00,295.2699890136719,296.67999267578125,294.9100036621094,296.1702880859375,3252874
2026-05-18 17:30:00+00:00,296.1849975585937,296.6849975585937,295.5199890136719,296.0799865722656,3619911
2026-05-18 18:30:00+00:00,296.14990234375,297.7300109863281,295.45001220703125,297.0773010253906,3607433
2026-05-18 19:30:00+00:00,297.0899963378906,297.9200134277344,296.9049987792969,297.8999938964844,2992205
2026-05-19 13:30:00+00:00,296.9700012207031,300.510009765625,296.3500061035156,296.9100036621094,9798484
2026-05-19 14:30:00+00:00,296.92999267578125,297.75,296.5199890136719,297.07000732421875,3231900
2026-05-19 15:30:00+00:00,297.0599975585937,297.5799865722656,296.364990234375,297.42498779296875,3248136
2026-05-19 16:30:00+00:00,297.4100036621094,298.7300109863281,297.3599853515625,298.24951171875,2831155
2026-05-19 17:30:00+00:00,298.25,298.4869079589844,297.8399963378906,297.8900146484375,1931011
2026-05-19 18:30:00+00:00,297.8699951171875,298.44000244140625,297.489990234375,298.3800048828125,2365400
2026-05-19 19:30:00+00:00,298.3900146484375,299.2200012207031,297.8399963378906,298.9800109863281,3821190
2026-05-20 13:30:00+00:00,298.17999267578125,302.3699951171875,298.0899963378906,299.5199890136719,7471000
2026-05-20 14:30:00+00:00,299.510009765625,300.510009765625,299.07000732421875,299.1600036621094,3782669
2026-05-20 15:30:00+00:00,299.1600036621094,300.32000732421875,298.6700134277344,300.0050048828125,2831757
2026-05-20 16:30:00+00:00,299.989990234375,301.2699890136719,299.57000732421875,301.04998779296875,2841773
2026-05-20 17:30:00+00:00,301.0599975585937,301.7200012207031,300.9100036621094,301.4700012207031,3006343
2026-05-20 18:30:00+00:00,301.4700012207031,302.79998779296875,301.4700012207031,302.19000244140625,4224441
2026-05-20 19:30:00+00:00,302.20001220703125,302.5199890136719,301.8575134277344,302.2650146484375,3803278
2026-05-21 13:30:00+00:00,301.04998779296875,303.07000732421875,300.3999938964844,301.9508972167969,6886720
2026-05-21 14:30:00+00:00,301.92999267578125,303.3599853515625,301.5801086425781,303.0249938964844,3181261
2026-05-21 15:30:00+00:00,303.0249938964844,304.2442932128906,302.9100036621094,303.6369934082031,3064971
2026-05-21 16:30:00+00:00,303.6199951171875,304.67999267578125,303.0498962402344,304.59100341796875,3041858
2026-05-21 17:30:00+00:00,304.6099853515625,305.1000061035156,304.3599853515625,304.6199951171875,3185835
2026-05-21 18:30:00+00:00,304.6199951171875,305.32501220703125,303.8900146484375,305.226806640625,3338522
2026-05-21 19:30:00+00:00,305.2200012207031,305.5390014648437,304.510009765625,305.0899963378906,4457107
2026-05-22 13:30:00+00:00,306.0599975585937,309.2699890136719,305.8500061035156,308.6400146484375,9515427
2026-05-22 14:30:00+00:00,308.635009765625,311.3999938964844,308.6199951171875,311.0050048828125,7739013
2026-05-22 15:30:00+00:00,311.0,311.0400085449219,309.7200012207031,309.9200134277344,4700296
2026-05-22 16:30:00+00:00,309.92999267578125,309.989990234375,308.82000732421875,309.860107421875,3550329
2026-05-22 17:30:00+00:00,309.8699951171875,310.1549987792969,308.95001220703125,309.3099975585937,2598845
2026-05-22 18:30:00+00:00,309.31500244140625,309.5799865722656,308.6400146484375,308.70001220703125,2681340
2026-05-22 19:30:00+00:00,308.70001220703125,309.3999938964844,307.9700012207031,308.8800048828125,4183601
2026-05-26 13:30:00+00:00,309.3999938964844,311.82000732421875,309.3500061035156,311.7200012207031,9245876
2026-05-26 14:30:00+00:00,311.7300109863281,311.8099975585937,310.8599853515625,311.3599853515625,3935923
2026-05-26 15:30:00+00:00,311.3800048828125,311.57000732421875,309.7699890136719,310.4704895019531,3714586
2026-05-26 16:30:00+00:00,310.4849853515625,310.7699890136719,309.0299987792969,309.1849975585937,5208906
2026-05-26 17:30:00+00:00,309.19000244140625,310.20001220703125,309.1099853515625,309.8299865722656,2909764
2026-05-26 18:30:00+00:00,309.8399963378906,310.0599975585937,308.0799865722656,308.3799133300781,3079448
2026-05-26 19:30:00+00:00,308.360107421875,308.9599914550781,307.6700134277344,308.3800048828125,4315325
2026-05-27 13:30:00+00:00,308.44000244140625,312.7699890136719,308.3299865722656,311.260009765625,9481867
2026-05-27 14:30:00+00:00,311.260009765625,313.260009765625,311.19000244140625,311.7749938964844,11989445
2026-05-27 15:30:00+00:00,311.7900085449219,312.1400146484375,310.7001037597656,311.2349853515625,4954830
2026-05-27 16:30:00+00:00,311.2349853515625,311.4849853515625,310.3800048828125,310.4700012207031,3377025
2026-05-27 17:30:00+00:00,310.4700012207031,311.0,310.3099975585937,310.8299865722656,2683160
2026-05-27 18:30:00+00:00,310.8232116699219,310.8800048828125,309.7699890136719,309.82000732421875,2810007
2026-05-27 19:30:00+00:00,309.82000732421875,311.1000061035156,309.5199890136719,310.92999267578125,4216251
2026-05-28 13:30:00+00:00,310.67999267578125,312.760009765625,309.6000061035156,311.70001220703125,7569372
2026-05-28 14:30:00+00:00,311.70001220703125,311.9700012207031,311.04998779296875,311.82501220703125,3612059
2026-05-28 15:30:00+00:00,311.82501220703125,311.94500732421875,310.3074951171875,310.44000244140625,3704416
2026-05-28 16:30:00+00:00,310.44500732421875,311.6199951171875,309.57000732421875,310.79998779296875,3879761
2026-05-28 17:30:00+00:00,310.81500244140625,311.0199890136719,310.1099853515625,310.8399963378906,3474234
2026-05-28 18:30:00+00:00,310.7900085449219,311.3550109863281,310.25,311.31500244140625,4929905
2026-05-28 19:30:00+00:00,311.31500244140625,312.5599975585937,310.9700012207031,312.5,4816549
2026-05-29 13:30:00+00:00,311.7749938964844,315.0,311.5,313.67498779296875,8454465
2026-05-29 14:30:00+00:00,313.6600036621094,314.0599975585937,310.4200134277344,311.79998779296875,5826258
2026-05-29 15:30:00+00:00,311.8299865722656,312.0199890136719,310.45001220703125,311.1900939941406,2789979
2026-05-29 16:30:00+00:00,311.20001220703125,311.69000244140625,310.20001220703125,310.4200134277344,3360906
2026-05-29 17:30:00+00:00,310.4200134277344,310.5599975585937,309.5299987792969,310.260009765625,3479522
2026-05-29 18:30:00+00:00,310.260009765625,311.6300048828125,310.2099914550781,311.44500732421875,4045756
2026-05-29 19:30:00+00:00,311.45001220703125,313.1099853515625,311.3599853515625,312.07000732421875,5323698
2026-06-01 13:30:00+00:00,309.5350036621094,310.92999267578125,307.79998779296875,307.8399963378906,10175199
2026-06-01 14:30:00+00:00,307.8099975585937,308.4700012207031,306.29998779296875,306.5751037597656,5691006
2026-06-01 15:30:00+00:00,306.5599975585937,307.260009765625,305.489990234375,305.7200012207031,4171810
2026-06-01 16:30:00+00:00,305.739990234375,306.5299987792969,305.0299987792969,306.4700012207031,3705835
2026-06-01 17:30:00+00:00,306.5199890136719,308.3999938964844,306.3099975585937,307.8699951171875,3768496
2026-06-01 18:30:00+00:00,307.864990234375,308.32501220703125,307.3299865722656,307.42999267578125,3948458
2026-06-01 19:30:00+00:00,307.4349975585937,308.0400085449219,305.909912109375,306.32000732421875,5261936
2026-06-02 13:30:00+00:00,307.4599914550781,310.4700012207031,306.7200012207031,310.3399963378906,7411659
2026-06-02 14:30:00+00:00,310.375,312.92999267578125,309.260009765625,312.7099914550781,4895435
2026-06-02 15:30:00+00:00,312.70001220703125,313.1499938964844,312.0400085449219,312.489990234375,3617660
2026-06-02 16:30:00+00:00,312.4800109863281,315.1000061035156,311.8999938964844,314.67999267578125,5289704
2026-06-02 17:30:00+00:00,314.67999267578125,315.45001220703125,313.7550048828125,314.239990234375,3783245
2026-06-02 18:30:00+00:00,314.2598876953125,315.2200012207031,314.19000244140625,314.7650146484375,3482397
2026-06-02 19:30:00+00:00,314.760009765625,315.44000244140625,314.0299987792969,315.19000244140625,4596467
2026-06-03 13:30:00+00:00,314.17498779296875,316.94000244140625,314.0,314.3500061035156,9396189
2026-06-03 14:30:00+00:00,314.3699951171875,314.6499938964844,310.3099975585937,311.6600036621094,6549146
2026-06-03 15:30:00+00:00,311.6400146484375,312.19000244140625,309.510009765625,309.7601013183594,6552624
2026-06-03 16:30:00+00:00,309.760009765625,310.4649963378906,308.8500061035156,309.2099914550781,3649007
2026-06-03 17:30:00+00:00,309.19500732421875,309.9800109863281,308.9800109863281,309.8399963378906,2467933
2026-06-03 18:30:00+00:00,309.8399963378906,310.5400085449219,309.2699890136719,310.4150085449219,3123761
2026-06-03 19:30:00+00:00,310.4150085449219,311.1000061035156,309.20001220703125,310.3800048828125,6562646
2026-06-04 13:30:00+00:00,313.30499267578125,313.5400085449219,309.90008544921875,310.25,9640009
2026-06-04 14:30:00+00:00,310.260009765625,311.3500061035156,309.79998779296875,310.3999938964844,3601740
2026-06-04 15:30:00+00:00,310.4100036621094,311.1099853515625,309.6499938964844,310.6300048828125,3102831
2026-06-04 16:30:00+00:00,310.6300048828125,311.7900085449219,310.4800109863281,311.6650085449219,3514607
2026-06-04 17:30:00+00:00,311.6700134277344,311.9750061035156,310.989990234375,311.4200134277344,2206917
2026-06-04 18:30:00+00:00,311.4100036621094,312.07000732421875,311.35919189453125,311.94000244140625,2612939
2026-06-04 19:30:00+00:00,311.94000244140625,311.9599914550781,310.260009765625,311.1600036621094,4150477
2026-06-05 13:30:00+00:00,312.989990234375,315.1700134277344,312.3999938964844,313.42498779296875,10660699
2026-06-05 14:30:00+00:00,313.4200134277344,314.75,312.239990234375,313.42999267578125,4746478
2026-06-05 15:30:00+00:00,313.4200134277344,314.14990234375,311.8500061035156,312.0,4534835
2026-06-05 16:30:00+00:00,312.0050048828125,312.1499938964844,309.5799865722656,311.510009765625,7722107
2026-06-05 17:30:00+00:00,311.4949951171875,312.79998779296875,311.3800048828125,311.5260009765625,4435527
2026-06-05 18:30:00+00:00,311.5400085449219,312.0199890136719,307.1499938964844,308.9100036621094,11256615
2026-06-05 19:30:00+00:00,308.8800048828125,308.9800109863281,307.3599853515625,307.3900146484375,7276594
2026-06-08 13:30:00+00:00,308.739013671875,315.1700134277344,308.5220031738281,311.9750061035156,10861725
2026-06-08 14:30:00+00:00,311.9599914550781,315.3599853515625,311.7799987792969,313.92999267578125,5519448
2026-06-08 15:30:00+00:00,313.92999267578125,314.989990234375,313.32000732421875,313.6650085449219,4972235
2026-06-08 16:30:00+00:00,313.67999267578125,314.69000244140625,312.2099914550781,314.57000732421875,5529465
2026-06-08 17:30:00+00:00,314.56500244140625,317.3999938964844,303.7099914550781,304.8599853515625,19927828
2026-06-08 18:30:00+00:00,304.8999938964844,305.5299987792969,302.05010986328125,302.7049865722656,9894127
2026-06-08 19:30:00+00:00,302.7099914550781,303.2445068359375,301.1700134277344,301.57000732421875,7298835
2026-06-09 13:30:00+00:00,300.2749938964844,300.7200012207031,292.2099914550781,292.5299987792969,15558354
2026-06-09 14:30:00+00:00,292.5191955566406,293.8800048828125,291.5,291.5799865722656,9159006
2026-06-09 15:30:00+00:00,291.5599975585937,291.9800109863281,289.4800109863281,289.5,8529475
2026-06-09 16:30:00+00:00,289.5,291.1300048828125,287.7799987792969,290.4599914550781,8503325
2026-06-09 17:30:00+00:00,290.44000244140625,290.95001220703125,289.3399963378906,290.95001220703125,4788451
2026-06-09 18:30:00+00:00,290.94000244140625,291.9200134277344,290.2900085449219,291.1300048828125,5060332
2026-06-09 19:30:00+00:00,291.1199951171875,291.67999267578125,288.79998779296875,290.3599853515625,7035820
2026-06-10 13:30:00+00:00,290.7650146484375,291.19000244140625,287.3800048828125,289.7349853515625,10605790
2026-06-10 14:30:00+00:00,289.7099914550781,290.6499938964844,288.44500732421875,289.989990234375,6107494
2026-06-10 15:30:00+00:00,289.95001220703125,291.739990234375,289.739990234375,291.7300109863281,4540251
2026-06-10 16:30:00+00:00,291.739990234375,293.2294921875,291.35650634765625,293.15008544921875,5485757
2026-06-10 17:30:00+00:00,293.1600036621094,294.7449951171875,292.5104064941406,294.3099975585937,6365580
2026-06-10 18:30:00+00:00,294.29998779296875,294.29998779296875,291.6199951171875,291.92999267578125,4615300
2026-06-10 19:30:00+00:00,291.9200134277344,292.94000244140625,291.3900146484375,291.5,4931671
2026-06-11 13:30:00+00:00,293.7200012207031,293.95001220703125,289.75,290.5799865722656,7113950
2026-06-11 14:30:00+00:00,290.6099853515625,291.82000732421875,289.6000061035156,291.19000244140625,4285370
2026-06-11 15:30:00+00:00,291.17999267578125,293.94439697265625,291.0614929199219,292.9849853515625,3842780
2026-06-11 16:30:00+00:00,292.9599914550781,296.0,292.9100036621094,295.9549865722656,3619906
2026-06-11 17:30:00+00:00,295.989990234375,297.0,295.1300048828125,295.5400085449219,4161010
2026-06-11 18:30:00+00:00,295.54010009765625,296.07000732421875,295.0199890136719,295.3999938964844,3129975
2026-06-11 19:30:00+00:00,295.4100036621094,296.17999267578125,294.70001220703125,295.3599853515625,5661836
2026-06-12 13:30:00+00:00,296.0799865722656,297.1400146484375,290.6099853515625,291.9949951171875,9097938
2026-06-12 14:30:00+00:00,291.9800109863281,292.989990234375,290.010009765625,292.875,4537684
2026-06-12 15:30:00+00:00,292.8599853515625,292.8599853515625,290.8099975585937,291.5799865722656,3654099
2026-06-12 16:30:00+00:00,291.57000732421875,292.2449951171875,290.75,291.4601135253906,3070602
2026-06-12 17:30:00+00:00,291.4800109863281,291.510009765625,289.6199951171875,290.2250061035156,3083422
2026-06-12 18:30:00+00:00,290.2200012207031,290.9700012207031,290.2200012207031,290.6400146484375,3042374
2026-06-12 19:30:00+00:00,290.6400146484375,291.6400146484375,290.19000244140625,291.0799865722656,4023717
2026-06-15 13:30:00+00:00,294.1199951171875,296.32861328125,291.70001220703125,295.67999267578125,9626670
2026-06-15 14:30:00+00:00,295.7099914550781,296.8999938964844,295.3999938964844,296.5299987792969,4048336
2026-06-15 15:30:00+00:00,296.5400085449219,297.7799987792969,296.2200012207031,297.239990234375,3767794
2026-06-15 16:30:00+00:00,297.2300109863281,297.364990234375,296.25,296.6600036621094,2821133
2026-06-15 17:30:00+00:00,296.6600036621094,297.0,294.9599914550781,295.07000732421875,3434466
2026-06-15 18:30:00+00:00,295.07501220703125,296.6099853515625,295.010009765625,296.5,3208031
2026-06-15 19:30:00+00:00,296.4949951171875,296.6700134277344,295.6099853515625,296.4200134277344,18202384
2026-06-16 13:30:00+00:00,295.2449951171875,298.0,293.9700012207031,297.5350036621094,6748020
2026-06-16 14:30:00+00:00,297.5350036621094,298.45001220703125,296.95001220703125,298.20001220703125,4597668
2026-06-16 15:30:00+00:00,298.2200012207031,299.2749938964844,297.5,298.94000244140625,3946079
2026-06-16 16:30:00+00:00,298.94000244140625,300.4800109863281,298.8041076660156,300.2749938964844,3798624
2026-06-16 17:30:00+00:00,300.260009765625,300.4599914550781,298.5679931640625,298.7250061035156,2578695
2026-06-16 18:30:00+00:00,298.7200927734375,299.6303100585937,298.2200012207031,298.3399963378906,3427537
2026-06-16 19:30:00+00:00,298.3299865722656,299.489990234375,298.2300109863281,299.25,4462522
2026-06-17 13:30:00+00:00,300.8450012207031,302.07000732421875,299.22198486328125,300.45001220703125,6436096
2026-06-17 14:30:00+00:00,300.45001220703125,300.5394897460937,297.0899963378906,297.42999267578125,4056794
2026-06-17 15:30:00+00:00,297.42999267578125,299.1600036621094,296.6400146484375,298.614990234375,3750244
2026-06-17 16:30:00+00:00,298.6297912597656,298.7449951171875,296.57000732421875,296.8099975585937,2613201
2026-06-17 17:30:00+00:00,296.79998779296875,297.6000061035156,295.3299865722656,295.8349914550781,3339881
2026-06-17 18:30:00+00:00,295.82000732421875,296.4200134277344,294.3800048828125,295.1849975585937,4315796
2026-06-17 19:30:00+00:00,295.1600036621094,296.2200012207031,294.5899963378906,295.8800048828125,4437435
2026-06-18 13:30:00+00:00,298.44000244140625,300.4598999023437,295.6199951171875,299.6099853515625,26189695
2026-06-18 14:30:00+00:00,299.614990234375,300.57000732421875,296.9599914550781,297.1099853515625,8140647
2026-06-18 15:30:00+00:00,297.1000061035156,297.7300109863281,295.95001220703125,297.489990234375,4986655
2026-06-18 16:30:00+00:00,297.4849853515625,298.3598937988281,296.8399963378906,297.82000732421875,3319629
2026-06-18 17:30:00+00:00,297.82501220703125,297.9849853515625,297.010009765625,297.1099853515625,2384713
2026-06-18 18:30:00+00:00,297.1400146484375,298.07000732421875,297.04010009765625,297.3800048828125,2773331
2026-06-18 19:30:00+00:00,297.3599853515625,299.2394104003906,297.0599975585937,297.8900146484375,5250521
2026-06-22 13:30:00+00:00,297.5,302.4200134277344,297.42999267578125,301.20001220703125,8668767
2026-06-22 14:30:00+00:00,301.2099914550781,301.2300109863281,299.0350036621094,299.94000244140625,4311646
2026-06-22 15:30:00+00:00,299.94000244140625,301.4299011230469,299.75,300.5398864746094,2951222
2026-06-22 16:30:00+00:00,300.5199890136719,300.67999267578125,299.45001220703125,299.8099975585937,2690789
2026-06-22 17:30:00+00:00,299.81500244140625,299.8599853515625,298.5830078125,298.9200134277344,2455391
2026-06-22 18:30:00+00:00,298.9200134277344,299.3399963378906,298.590087890625,299.0599975585937,2926458
2026-06-22 19:30:00+00:00,299.0599975585937,299.0899963378906,296.7900085449219,296.7900085449219,6099091
2026-06-23 13:30:00+00:00,297.5379943847656,301.6400146484375,295.17999267578125,300.506591796875,9260481
2026-06-23 14:30:00+00:00,300.5199890136719,300.8800048828125,298.3999938964844,298.54998779296875,4488606
2026-06-23 15:30:00+00:00,298.5450134277344,298.885009765625,297.3500061035156,298.6199035644531,3832130
2026-06-23 16:30:00+00:00,298.5849914550781,299.4700012207031,297.8800048828125,299.3949890136719,3364678
2026-06-23 17:30:00+00:00,299.3949890136719,300.0849914550781,298.3399963378906,298.5199890136719,3348073
2026-06-23 18:30:00+00:00,298.5249938964844,298.8676147460937,295.3099975585937,295.840087890625,5096967
2026-06-23 19:30:00+00:00,295.8399963378906,296.5,294.2120056152344,294.2799987792969,7805347
2026-06-24 13:30:00+00:00,295.375,296.4599914550781,293.20001220703125,295.4649963378906,6118447
2026-06-24 14:30:00+00:00,295.4599914550781,298.8800048828125,295.1099853515625,298.7850036621094,4101414
2026-06-24 15:30:00+00:00,298.760009765625,299.70001220703125,297.839599609375,298.07000732421875,3791472
2026-06-24 16:30:00+00:00,298.04998779296875,298.04998779296875,295.79998779296875,296.4200134277344,3403888
2026-06-24 17:30:00+00:00,296.4100036621094,296.8644104003906,295.3800048828125,296.0,3969113
2026-06-24 18:30:00+00:00,296.0,296.17999267578125,294.1600036621094,294.9400939941406,5185415
2026-06-24 19:30:00+00:00,294.92999267578125,295.3699951171875,292.94000244140625,293.260009765625,7615869
2026-06-25 13:30:00+00:00,287.510009765625,288.79998779296875,277.4599914550781,279.6300048828125,22743842
2026-06-25 14:30:00+00:00,279.635009765625,280.0899963378906,276.44000244140625,277.6400146484375,10113501
2026-06-25 15:30:00+00:00,277.6600036621094,279.6449890136719,274.4599914550781,274.56500244140625,9158306
2026-06-25 16:30:00+00:00,274.56500244140625,278.3900146484375,273.75,278.0400085449219,13584165
2026-06-25 17:30:00+00:00,278.04998779296875,280.17999267578125,276.19000244140625,279.3450012207031,8443492
2026-06-25 18:30:00+00:00,279.3500061035156,280.2200927734375,276.0400085449219,276.7250061035156,9371195
2026-06-25 19:30:00+00:00,276.70001220703125,277.45001220703125,273.8999938964844,275.04998779296875,15625008
2026-06-26 13:30:00+00:00,275.0,278.92999267578125,274.2099914550781,278.260009765625,17026804
2026-06-26 14:30:00+00:00,278.2799987792969,280.4700012207031,278.0799865722656,279.0299987792969,10384490
2026-06-26 15:30:00+00:00,279.0259094238281,279.45001220703125,275.25,275.8999938964844,13230253
2026-06-26 16:30:00+00:00,275.8999938964844,279.3699951171875,275.8999938964844,279.19500732421875,7971369
2026-06-26 17:30:00+00:00,279.17999267578125,281.29998779296875,278.64080810546875,280.19000244140625,8257248
2026-06-26 18:30:00+00:00,280.19500732421875,281.8299865722656,279.4100036621094,280.1499938964844,15570070
2026-06-26 19:30:00+00:00,280.1499938964844,285.95001220703125,280.0,281.20001220703125,23523027
2026-06-29 13:30:00+00:00,286.8599853515625,288.36968994140625,280.45001220703125,280.8699951171875,10629459
2026-06-29 14:30:00+00:00,280.8800048828125,282.8299865722656,280.3299865722656,282.3301086425781,7865974
2026-06-29 15:30:00+00:00,282.3424987792969,283.03448486328125,280.2200012207031,280.5599975585937,7404129
2026-06-29 16:30:00+00:00,280.5599975585937,281.5400085449219,279.8500061035156,281.4800109863281,5224516
2026-06-29 17:30:00+00:00,281.4700012207031,282.29998779296875,280.8599853515625,281.54998779296875,4206523
2026-06-29 18:30:00+00:00,281.54998779296875,283.0775146484375,281.4549865722656,282.67999267578125,5654409
2026-06-29 19:30:00+00:00,282.7099914550781,282.739990234375,281.4700012207031,281.6300048828125,6544751
2026-06-30 13:30:00+00:00,281.1700134277344,286.2898864746094,280.69500732421875,286.0249938964844,9106597
2026-06-30 14:30:00+00:00,286.010009765625,288.6600036621094,285.260009765625,288.2699890136719,5769602
2026-06-30 15:30:00+00:00,288.2799987792969,289.3800048828125,287.8099975585937,288.1449890136719,4424512
2026-06-30 16:30:00+00:00,288.1600036621094,289.6600036621094,288.125,288.42999267578125,3373069
2026-06-30 17:30:00+00:00,288.44500732421875,289.19000244140625,287.8550109863281,288.0899963378906,3500049
2026-06-30 18:30:00+00:00,288.0849914550781,288.17999267578125,286.67999267578125,287.5299987792969,4344541
2026-06-30 19:30:00+00:00,287.5299987792969,289.9100036621094,287.4200134277344,289.0899963378906,8374915
2026-07-01 13:30:00+00:00,293.3299865722656,293.4798889160156,289.19500732421875,293.0599975585937,8755422
2026-07-01 14:30:00+00:00,293.0599975585937,296.5899963378906,292.7300109863281,295.751708984375,6765940
2026-07-01 15:30:00+00:00,295.7799987792969,295.7900085449219,294.6300048828125,294.94500732421875,3404930
2026-07-01 16:30:00+00:00,294.94500732421875,295.0599060058594,293.9200134277344,294.0899963378906,3566425
2026-07-01 17:30:00+00:00,294.0799865722656,295.1000061035156,292.70001220703125,294.80499267578125,5502330
2026-07-01 18:30:00+00:00,294.8099975585937,295.5299987792969,294.0,294.0151062011719,4406744
2026-07-01 19:30:00+00:00,294.0,295.54998779296875,293.7500915527344,294.25,6231653
2026-07-02 13:30:00+00:00,294.0849914550781,305.32000732421875,293.67999267578125,305.04998779296875,15588276
2026-07-02 14:30:00+00:00,305.04400634765625,307.82000732421875,304.8500061035156,305.4150085449219,11321356
2026-07-02 15:30:00+00:00,305.4200134277344,308.45001220703125,305.2799987792969,308.0899963378906,7200646
2026-07-02 16:30:00+00:00,308.0899963378906,308.5299072265625,306.6700134277344,307.80499267578125,6654699
2026-07-02 17:30:00+00:00,307.80499267578125,308.29998779296875,306.8200988769531,307.3299865722656,5550150
2026-07-02 18:30:00+00:00,307.3399963378906,308.3099975585937,307.1300048828125,307.42498779296875,5450575
2026-07-02 19:30:00+00:00,307.44000244140625,309.4200134277344,307.2099914550781,308.2200012207031,8660612
2026-07-06 13:30:00+00:00,307.67999267578125,311.75,307.010009765625,311.7300109863281,10212875
2026-07-06 14:30:00+00:00,311.70001220703125,313.6000061035156,311.2101135253906,313.5799865722656,6250328
2026-07-06 15:30:00+00:00,313.5849914550781,314.20001220703125,312.2300109863281,312.25,4817415
2026-07-06 16:30:00+00:00,312.2449951171875,312.9800109863281,311.8500061035156,312.3800048828125,6272773
2026-07-06 17:30:00+00:00,312.3876037597656,313.14990234375,312.1099853515625,313.07000732421875,2501244
2026-07-06 18:30:00+00:00,313.0799865722656,313.5599975585937,312.9100036621094,313.3999938964844,3451883
2026-07-06 19:30:00+00:00,313.4150085449219,313.739990234375,312.04998779296875,312.8099975585937,4988391
2026-07-07 13:30:00+00:00,315.2900085449219,315.4800109863281,310.1499938964844,311.45001220703125,8945230
2026-07-07 14:30:00+00:00,311.45001220703125,314.1300048828125,310.989990234375,314.0799865722656,5204771
2026-07-07 15:30:00+00:00,314.1025085449219,314.7300109863281,312.67999267578125,313.1700134277344,5936440
2026-07-07 16:30:00+00:00,313.1400146484375,314.010009765625,312.2701110839844,312.8399963378906,2794519
2026-07-07 17:30:00+00:00,312.82000732421875,313.0,311.8500061035156,312.61920166015625,2641358
2026-07-07 18:30:00+00:00,312.6199951171875,313.17999267578125,311.5599975585937,311.8949890136719,4260675
2026-07-07 19:30:00+00:00,311.8999938964844,312.32000732421875,310.3299865722656,310.6600036621094,11962573
2026-07-08 13:30:00+00:00,311.6600036621094,312.0,307.051513671875,308.8500061035156,7602776
2026-07-08 14:30:00+00:00,308.82000732421875,310.8500061035156,308.70001220703125,310.06500244140625,4149375
2026-07-08 15:30:00+00:00,310.0799865722656,311.7900085449219,309.31500244140625,311.6000061035156,3488474
2026-07-08 16:30:00+00:00,311.6000061035156,314.19000244140625,311.3399963378906,314.1199035644531,4629049
2026-07-08 17:30:00+00:00,314.1300048828125,314.8099975585937,311.150390625,314.125,4294797
2026-07-08 18:30:00+00:00,314.125,314.3999938964844,313.6499938964844,313.81500244140625,3477947
2026-07-08 19:30:00+00:00,313.81500244140625,314.20001220703125,312.75,313.260009765625,4786508
2026-07-09 13:30:00+00:00,310.44500732421875,312.29998779296875,308.1600036621094,312.0899963378906,7601316
2026-07-09 14:30:00+00:00,312.07000732421875,314.8500061035156,310.7012023925781,314.4599914550781,4078964
2026-07-09 15:30:00+00:00,314.46990966796875,315.2200012207031,314.1000061035156,314.8999938964844,8485039
2026-07-09 16:30:00+00:00,314.90008544921875,315.5,314.3099975585937,314.7214050292969,4552794
2026-07-09 17:30:00+00:00,314.7235107421875,315.31988525390625,314.2349853515625,314.5599975585937,4088119
2026-07-09 18:30:00+00:00,314.5599975585937,315.69000244140625,314.25,315.4100036621094,3058281
2026-07-09 19:30:00+00:00,315.4200134277344,316.5299987792969,315.3900146484375,316.17999267578125,4155824
2026-07-10 13:30:00+00:00,314.7200012207031,316.3900146484375,312.9301147460937,313.1300048828125,6346453
2026-07-10 14:30:00+00:00,313.1199951171875,314.1099853515625,312.1700134277344,313.3399963378906,4170673
2026-07-10 15:30:00+00:00,313.3500061035156,314.5140075683594,312.32000732421875,314.3550109863281,2588249
2026-07-10 16:30:00+00:00,314.3699951171875,314.7799987792969,313.94000244140625,314.4599914550781,1701568
2026-07-10 17:30:00+00:00,314.4700012207031,314.8900146484375,313.8902893066406,314.840087890625,1530749
2026-07-10 18:30:00+00:00,314.8599853515625,316.4798889160156,314.739990234375,316.1600036621094,3576384
2026-07-10 19:30:00+00:00,316.1499938964844,316.9100036621094,314.7799987792969,315.32989501953125,3989622
2026-07-13 13:30:00+00:00,317.0150146484375,323.45001220703125,316.45001220703125,320.19000244140625,12156474
2026-07-13 14:30:00+00:00,320.2099914550781,320.2950134277344,316.8500061035156,317.2200012207031,3994197
2026-07-13 15:30:00+00:00,317.2200012207031,317.8999938964844,316.0899963378906,317.3699951171875,3728751
2026-07-13 16:30:00+00:00,317.3399963378906,317.44000244140625,315.7799987792969,316.4700012207031,3615264
2026-07-13 17:30:00+00:00,316.489990234375,316.8450012207031,315.8999938964844,316.84051513671875,2357040
2026-07-13 18:30:00+00:00,316.8599853515625,317.5199890136719,316.1700134277344,316.3299865722656,4128503
2026-07-13 19:30:00+00:00,316.32501220703125,317.739990234375,316.04998779296875,317.4200134277344,4025682
2026-07-14 13:30:00+00:00,313.6400146484375,315.6849975585937,311.9100036621094,314.9419860839844,6954014
2026-07-14 14:30:00+00:00,314.95001220703125,316.19000244140625,314.0205078125,314.29998779296875,4610996
2026-07-14 15:30:00+00:00,314.32000732421875,314.8699951171875,312.8699951171875,313.2699890136719,3168667
2026-07-14 16:30:00+00:00,313.260009765625,314.9700012207031,313.1099853515625,314.8699951171875,2646535
2026-07-14 17:30:00+00:00,314.8900146484375,315.3900146484375,314.5899963378906,315.2200012207031,1929118
2026-07-14 18:30:00+00:00,315.2200012207031,315.8699951171875,314.82000732421875,315.7049865722656,2224839
2026-07-14 19:30:00+00:00,315.7049865722656,315.760009765625,314.5899963378906,314.9200134277344,3016895
2026-07-15 13:30:00+00:00,317.625,325.67999267578125,317.32000732421875,324.7099914550781,13551334
2026-07-15 14:30:00+00:00,324.7099914550781,325.67999267578125,323.5400085449219,325.6199951171875,6278014
2026-07-15 15:30:00+00:00,325.6099853515625,328.5299987792969,325.1600036621094,328.1700134277344,7315724
2026-07-15 16:30:00+00:00,328.1600036621094,328.5,325.9700012207031,326.989990234375,5967302
2026-07-15 17:30:00+00:00,327.0,328.0,326.6499938964844,327.7900085449219,3896347
2026-07-15 18:30:00+00:00,327.7799987792969,328.7200012207031,326.8599853515625,327.0599975585937,4546317
2026-07-15 19:30:00+00:00,327.0400085449219,328.3500061035156,325.7200012207031,327.57000732421875,8018122
2026-07-16 13:30:00+00:00,328.0050048828125,331.4100036621094,326.7900085449219,330.3699951171875,12802968
2026-07-16 14:30:00+00:00,330.3399963378906,331.1499938964844,329.3500061035156,330.6300048828125,5287556
2026-07-16 15:30:00+00:00,330.65008544921875,332.2799987792969,327.5,331.1400146484375,4606871
2026-07-16 16:30:00+00:00,331.1899108886719,332.9700012207031,329.8599853515625,332.8999938964844,5689496
2026-07-16 17:30:00+00:00,332.898193359375,333.54998779296875,329.3399963378906,331.260009765625,6798812
2026-07-16 18:30:00+00:00,331.239990234375,334.67999267578125,330.9100036621094,332.989990234375,7975310
2026-07-16 19:30:00+00:00,333.0,333.70001220703125,330.7699890136719,333.2699890136719,8204005
2026-07-17 13:30:00+00:00,331.9800109863281,334.9800109863281,329.0006103515625,331.8399963378906,16544554
2026-07-17 14:30:00+00:00,331.8800048828125,334.7666931152344,331.8500061035156,334.6549987792969,6533789
2026-07-17 15:30:00+00:00,334.6698913574219,334.8699035644531,330.0,331.7449951171875,6252902
2026-07-17 16:30:00+00:00,331.7200012207031,333.5,329.1600036621094,330.5400085449219,6274349
2026-07-17 17:30:00+00:00,330.51080322265625,333.2300109863281,330.0799865722656,332.375,4577738
2026-07-17 18:30:00+00:00,332.375,334.6700134277344,332.1099853515625,332.8299865722656,5792451
2026-07-17 19:30:00+00:00,332.7799987792969,334.3800048828125,332.260009765625,333.739990234375,6369671
2026-07-20 13:30:00+00:00,333.0249938964844,333.7099914550781,326.1099853515625,327.0199890136719,11178368
2026-07-20 14:30:00+00:00,327.0199890136719,328.0199890136719,324.4200134277344,324.8999938964844,7312927
2026-07-20 15:30:00+00:00,324.94000244140625,326.5450134277344,324.8699951171875,325.0,4701093
2026-07-20 16:30:00+00:00,325.0199890136719,325.1449890136719,323.70001220703125,324.7200012207031,4126525
2026-07-20 17:30:00+00:00,324.7300109863281,326.489990234375,324.20001220703125,325.94000244140625,5044844
2026-07-20 18:30:00+00:00,325.9800109863281,329.0799865722656,325.3099975585937,329.0199890136719,5761535
2026-07-20 19:30:00+00:00,329.010009765625,329.760009765625,326.32000732421875,326.70001220703125,5528498
2026-07-21 13:30:00+00:00,323.3450012207031,327.0299987792969,322.22039794921875,326.739990234375,9697821
2026-07-21 14:30:00+00:00,326.7200012207031,328.45001220703125,326.2099914550781,328.385009765625,4005270
2026-07-21 15:30:00+00:00,328.3800048828125,329.6000061035156,327.7550048828125,328.6199951171875,3516853
2026-07-21 16:30:00+00:00,328.6210021972656,328.8299865722656,327.0,327.07000732421875,3845150
2026-07-21 17:30:00+00:00,327.07000732421875,327.8699951171875,326.7200012207031,327.239990234375,3598490
2026-07-21 18:30:00+00:00,327.25,328.489990234375,327.17999267578125,327.9349975585937,2991406
2026-07-21 19:30:00+00:00,327.92999267578125,328.1000061035156,327.1400146484375,327.5899963378906,3687722
2026-07-22 13:30:00+00:00,327.875,328.99951171875,324.3299865722656,324.4750061035156,6559605
2026-07-22 14:30:00+00:00,324.4949951171875,325.8099975585937,324.07000732421875,325.79998779296875,3700418
2026-07-22 15:30:00+00:00,325.7650146484375,325.8900146484375,324.3699951171875,324.885009765625,4081820
2026-07-22 16:30:00+00:00,324.885009765625,324.95001220703125,323.3399963378906,323.6650085449219,2995117
2026-07-22 17:30:00+00:00,323.6650085449219,324.0199890136719,323.55499267578125,323.92999267578125,1648241
2026-07-22 18:30:00+00:00,323.9299011230469,324.70001220703125,323.8299865722656,324.44000244140625,2532403
2026-07-22 19:30:00+00:00,324.44000244140625,326.9100036621094,323.9800109863281,325.8699951171875,5469385
2026-07-23 13:30:00+00:00,321.7300109863281,323.29998779296875,319.3500061035156,321.489990234375,7808169
2026-07-23 14:30:00+00:00,321.7200927734375,322.9100036621094,320.7149963378906,321.2799987792969,3963966
2026-07-23 15:30:00+00:00,321.2900085449219,321.54998779296875,320.07000732421875,320.3598937988281,4791936
2026-07-23 16:30:00+00:00,320.30999755859375,321.04998779296875,320.0,320.8699951171875,2240708
2026-07-23 17:30:00+00:00,320.8700866699219,321.39898681640625,320.0,320.2699890136719,2551049
2026-07-23 18:30:00+00:00,320.2749938964844,321.20001220703125,319.760009765625,320.4198913574219,3757792
2026-07-23 19:30:00+00:00,320.3800048828125,321.9800109863281,320.0400085449219,321.6099853515625,4281719
2026-07-24 13:30:00+00:00,322.0400085449219,329.4389953613281,321.6199951171875,328.79998779296875,8571059
2026-07-24 14:30:00+00:00,328.7950134277344,331.92999267578125,328.7099914550781,331.7650146484375,6271725
2026-07-24 15:30:00+00:00,331.7749938964844,334.3699951171875,331.6700134277344,333.7200012207031,6621698
2026-07-24 16:30:00+00:00,333.69500732421875,334.2200012207031,332.1505126953125,332.3999938964844,3846747
2026-07-24 17:30:00+00:00,332.3949890136719,333.19000244140625,332.1400146484375,332.2650146484375,2780581
2026-07-24 18:30:00+00:00,332.2650146484375,333.2300109863281,332.05999755859375,332.489990234375,6248052
2026-07-24 19:30:00+00:00,332.4800109863281,333.45001220703125,331.8500061035156,333.07000732421875,4719723
2026-07-27 13:30:00+00:00,334.8999938964844,338.1400146484375,334.0199890136719,337.69000244140625,11270804
2026-07-27 14:30:00+00:00,337.70001220703125,339.5,336.1199951171875,338.739990234375,7762742
2026-07-27 15:30:00+00:00,338.7300109863281,339.57000732421875,336.75,337.4501037597656,6554357
2026-07-27 16:30:00+00:00,337.45001220703125,338.1300048828125,335.67999267578125,336.04998779296875,3314628
2026-07-27 17:30:00+00:00,336.07000732421875,336.79998779296875,335.04998779296875,335.1499938964844,3140907
2026-07-27 18:30:00+00:00,335.1499938964844,336.239990234375,334.70001220703125,335.7200012207031,3486585
2026-07-27 19:30:00+00:00,335.7200012207031,337.2200012207031,335.6499938964844,336.9200134277344,3614504
2026-07-28 13:30:00+00:00,340.0299987792969,342.8900146484375,335.6000061035156,337.9599914550781,13575047
2026-07-28 14:30:00+00:00,337.9800109863281,339.6687927246094,336.6000061035156,339.2699890136719,5797429
2026-07-28 15:30:00+00:00,339.2401123046875,340.1400146484375,339.0,339.80999755859375,4043365
2026-07-28 16:30:00+00:00,339.8299865722656,340.57989501953125,338.93011474609375,339.0299987792969,3106607
2026-07-28 17:30:00+00:00,339.0400085449219,340.159912109375,339.0,339.8399963378906,3223079
2026-07-28 18:30:00+00:00,339.8399963378906,339.8900146484375,338.2799987792969,339.20001220703125,3590020
2026-07-28 19:30:00+00:00,339.1600036621094,340.5299987792969,339.1000061035156,340.1600036621094,6415578
2026-07-29 13:30:00+00:00,339.69000244140625,343.6700134277344,339.55999755859375,341.1600036621094,10935247
2026-07-29 14:30:00+00:00,341.1700134277344,341.739990234375,339.5199890136719,339.80999755859375,4890702
2026-07-29 15:30:00+00:00,339.8299865722656,341.55999755859375,339.760009765625,341.2699890136719,3546410
2026-07-29 16:30:00+00:00,341.25,343.44891357421875,340.04998779296875,342.7200012207031,3813347
2026-07-29 17:30:00+00:00,342.69500732421875,344.56988525390625,342.3500061035156,343.58770751953125,5124505
2026-07-29 18:30:00+00:00,343.5799865722656,343.94000244140625,341.3299865722656,341.5299987792969,4812676
2026-07-29 19:30:00+00:00,341.55999755859375,341.55999755859375,337.35009765625,338.3299865722656,8616473
2026-07-30 13:30:00+00:00,333.1300048828125,334.4800109863281,330.3500061035156,331.30999755859375,13578994
2026-07-30 14:30:00+00:00,331.29998779296875,333.03228759765625,329.5899963378906,331.2200012207031,6768257
2026-07-30 15:30:00+00:00,331.2349853515625,332.6000061035156,330.6300048828125,332.0899963378906,6061981
2026-07-30 16:30:00+00:00,332.0899963378906,332.8500061035156,331.4049987792969,332.0899963378906,0
2026-07-30 17:30:00+00:00,332.0799865722656,333.9800109863281,331.7200927734375,333.1000061035156,34072922
2026-07-30 18:30:00+00:00,333.1199951171875,334.0899963378906,332.8999938964844,333.1600036621094,4768250
2026-07-30 19:30:00+00:00,333.44000244140625,334.75,332.30999755859375,333.8500061035156,6035542
2026-07-31 13:30:00+00:00,304.80999755859375,306.8999938964844,300.3299865722656,302.739990234375,42271625
2026-07-31 14:30:00+00:00,302.7550048828125,304.25,301.6400146484375,301.7300109863281,10897816
2026-07-31 15:30:00+00:00,301.7300109863281,302.82000732421875,300.3999938964844,300.5400085449219,9857216
2026-07-31 16:30:00+00:00,300.55999755859375,301.83428955078125,300.0,301.20001220703125,7813750
2026-07-31 17:30:00+00:00,301.2099914550781,302.4200134277344,300.5,301.7300109863281,9575659
2026-07-31 18:30:00+00:00,301.760009765625,305.7099914550781,301.7449951171875,305.6549987792969,11851963
2026-07-31 19:30:00+00:00,305.6600036621094,310.6600036621094,305.0199890136719,309.0299987792969,20642958
2026-08-03 13:30:00+00:00,309.6700134277344,311.79998779296875,304.3399963378906,305.55010986328125,15181869
2026-08-03 14:30:00+00:00,305.54998779296875,306.44000244140625,303.8999938964844,304.2149963378906,9512430
2026-08-03 15:30:00+00:00,304.2300109863281,306.3599853515625,302.55999755859375,306.3599853515625,8017561
2026-08-03 16:30:00+00:00,306.3500061035156,307.5400085449219,305.8999938964844,307.2250061035156,6899047
2026-08-03 17:30:00+00:00,307.2250061035156,307.2300109863281,305.5,305.5202941894531,4746952
2026-08-03 18:30:00+00:00,305.5299987792969,305.9700012207031,304.79998779296875,305.0450134277344,5628929
2026-08-03 19:30:00+00:00,305.0450134277344,305.0799865722656,302.67999267578125,303.2699890136719,10186067
2026-08-04 13:30:00+00:00,302.7250061035156,307.1400146484375,301.32000732421875,306.80999755859375,16371244
2026-08-04 14:30:00+00:00,306.8599853515625,306.89990234375,305.2250061035156,305.67388916015625,5755639
2026-08-04 15:30:00+00:00,305.739990234375,306.7300109863281,305.489990234375,306.5050048828125,4275297
2026-08-04 16:30:00+00:00,306.5050048828125,310.4200134277344,306.3399963378906,308.8999938964844,5070397
2026-08-04 17:30:00+00:00,308.8999938964844,310.1300048828125,308.6600036621094,309.32000732421875,5054926
2026-08-04 18:30:00+00:00,309.30999755859375,309.79998779296875,308.25,309.5799865722656,4685626
2026-08-04 19:30:00+00:00,309.5799865722656,310.4200134277344,308.8800048828125,309.3900146484375,5711308
2026-08-05 13:30:00+00:00,309.3599853515625,309.3800048828125,305.6700134277344,306.7275085449219,10544948
2026-08-05 14:30:00+00:00,306.70001220703125,311.70819091796875,306.2699890136719,308.5950012207031,7426689
2026-08-05 15:30:00+00:00,308.5950012207031,309.44000244140625,307.8299865722656,308.639892578125,3930602
2026-08-05 16:30:00+00:00,308.6300048828125,309.9800109863281,308.45001220703125,309.739990234375,2598651
2026-08-05 17:30:00+00:00,309.75,310.2200012207031,308.0799865722656,308.1900939941406,2656326
2026-08-05 18:30:00+00:00,308.2091979980469,309.8789978027344,308.0849914550781,309.6200866699219,4050737
2026-08-05 19:30:00+00:00,309.6099853515625,311.55499267578125,309.3900146484375,310.9200134277344,6126779
2026-08-06 13:30:00+00:00,314.3399963378906,316.2893981933594,312.1199951171875,312.8399963378906,10486977
2026-08-06 14:30:00+00:00,312.79998779296875,313.6400146484375,309.6600036621094,310.1000061035156,5738168
2026-08-06 15:30:00+00:00,310.1050109863281,311.260009765625,309.2300109863281,311.1570129394531,3774543
2026-08-06 16:30:00+00:00,311.1700134277344,311.760009765625,310.7099914550781,311.2005920410156,3748424
2026-08-06 17:30:00+00:00,311.2099914550781,312.4200134277344,311.18011474609375,312.239990234375,2450423
2026-08-06 18:30:00+00:00,312.2477111816406,312.82000732421875,311.8800048828125,312.5799865722656,3027688
2026-08-06 19:30:00+00:00,312.5899963378906,312.94000244140625,311.7799987792969,312.45001220703125,3796760
2026-08-07 13:30:00+00:00,311.32000732421875,314.135009765625,310.739990234375,314.0799865722656,7215243
2026-08-07 14:30:00+00:00,314.0899963378906,314.80999755859375,313.0,313.3599853515625,4161883
2026-08-07 15:30:00+00:00,313.3599853515625,313.4200134277344,311.5400085449219,311.69000244140625,3258407
2026-08-07 16:30:00+00:00,311.69500732421875,312.9032897949219,311.610107421875,312.739990234375,2173546
2026-08-07 17:30:00+00:00,312.739990234375,313.25,311.82000732421875,311.91900634765625,2366432
2026-08-07 18:30:00+00:00,311.91009521484375,313.3900146484375,311.67999267578125,313.2774963378906,2613734
2026-08-07 19:30:00+00:00,313.2799987792969,314.17999267578125,312.92498779296875,313.29998779296875,4253428
2026-08-10 13:30:00+00:00,306.8299865722656,307.4559020996094,304.6300048828125,306.8800048828125,0
2026-08-10 14:30:00+00:00,306.8970947265625,307.20989990234375,306.2250061035156,306.5585021972656,17881373
2026-08-10 15:30:00+00:00,306.502685546875,307.2471923828125,305.04998779296875,305.5299987792969,4150321
2026-08-10 16:30:00+00:00,305.54998779296875,306.7900085449219,305.1700134277344,306.4700012207031,2973562
2026-08-10 17:30:00+00:00,306.4700012207031,306.989990234375,306.0,306.7149963378906,2554763
2026-08-10 18:30:00+00:00,306.71990966796875,307.6698913574219,306.6000061035156,307.2300109863281,3143432
2026-08-10 19:30:00+00:00,307.2200012207031,308.2300109863281,306.8699951171875,308.19000244140625,4503724
2026-08-11 13:30:00+00:00,307.75,309.9700012207031,305.6700134277344,306.19000244140625,8080038
2026-08-11 14:30:00+00:00,306.19000244140625,306.94000244140625,306.04998779296875,306.7049865722656,2532263
2026-08-11 15:30:00+00:00,306.70001220703125,307.6099853515625,306.45001220703125,306.55499267578125,2657630
2026-08-11 16:30:00+00:00,306.57000732421875,306.5899963378906,305.6986999511719,306.19000244140625,2318016
2026-08-11 17:30:00+00:00,306.1650085449219,306.5199890136719,302.7900085449219,303.29998779296875,4171291
2026-08-11 18:30:00+00:00,303.27569580078125,305.20001220703125,302.9700012207031,305.1600036621094,3965892
2026-08-11 19:30:00+00:00,305.1600036621094,305.29998779296875,303.75,304.8999938964844,4718904
2026-08-12 13:30:00+00:00,305.1300048828125,305.6600036621094,302.17999267578125,302.3450012207031,7719258
2026-08-12 14:30:00+00:00,302.3599853515625,303.19000244140625,301.0299987792969,301.0799865722656,4848987
2026-08-12 15:30:00+00:00,301.08990478515625,301.82000732421875,300.57000732421875,301.510009765625,3572325
2026-08-12 16:30:00+00:00,301.5150146484375,302.510009765625,301.4100036621094,302.16009521484375,2585552
2026-08-12 17:30:00+00:00,302.1700134277344,302.2976989746094,301.05999755859375,301.125,3113938
2026-08-12 18:30:00+00:00,301.1199951171875,302.0398864746094,301.0400085449219,301.67999267578125,4654586
2026-08-12 19:30:00+00:00,301.6700134277344,302.25,301.0,302.2250061035156,5484225
2026-08-13 13:30:00+00:00,304.25799560546875,305.9599914550781,302.04998779296875,305.6449890136719,11220852
2026-08-13 14:30:00+00:00,305.8299865722656,306.0,303.54998779296875,303.7200012207031,4294720
2026-08-13 15:30:00+00:00,303.7300109863281,303.9849853515625,302.57000732421875,303.42999267578125,3040931
2026-08-13 16:30:00+00:00,303.43499755859375,303.760009765625,302.8500061035156,303.3399963378906,2276605
2026-08-13 17:30:00+00:00,303.3301086425781,303.8999938964844,302.92999267578125,303.30999755859375,2056919
2026-08-13 18:30:00+00:00,303.30999755859375,304.6099853515625,303.0299987792969,304.3999938964844,3700793
2026-08-13 19:30:00+00:00,304.3800048828125,305.32000732421875,303.9700012207031,305.32000732421875,3755568
2026-08-14 13:30:00+00:00,306.02801513671875,307.489990234375,304.760009765625,304.989990234375,6735349
2026-08-14 14:30:00+00:00,305.0199890136719,305.95989990234375,304.29998779296875,305.53289794921875,2774970
2026-08-14 15:30:00+00:00,305.5450134277344,305.91680908203125,304.9700012207031,305.44500732421875,1655298
2026-08-14 16:30:00+00:00,305.42999267578125,305.56500244140625,305.0799865722656,305.19439697265625,1717424
2026-08-14 17:30:00+00:00,305.19500732421875,306.25,305.0400085449219,305.97900390625,2580373
2026-08-14 18:30:00+00:00,305.9800109863281,306.17999267578125,305.2699890136719,305.94500732421875,1983226
2026-08-14 19:30:00+00:00,305.92999267578125,306.0400085449219,305.5,305.95001220703125,2812891
2026-08-17 13:30:00+00:00,306.2099914550781,307.6600036621094,304.05499267578125,304.4949951171875,7901505
2026-08-17 14:30:00+00:00,304.48419189453125,304.9100036621094,303.6499938964844,304.5350036621094,4144849
2026-08-17 15:30:00+00:00,304.5400085449219,304.5950927734375,303.04998779296875,303.55499267578125,2930675
2026-08-17 16:30:00+00:00,303.55999755859375,304.42498779296875,302.9389953613281,304.4150085449219,2489734
2026-08-17 17:30:00+00:00,304.4150085449219,304.94000244140625,303.9599914550781,304.7049865722656,2462965
2026-08-17 18:30:00+00:00,304.70001220703125,306.1600036621094,304.69049072265625,306.1449890136719,2925518
2026-08-17 19:30:00+00:00,306.1499938964844,306.32000732421875,305.0299987792969,305.69000244140625,3979916
2026-08-18 13:30:00+00:00,307.5299987792969,310.2699890136719,305.739990234375,309.659912109375,0
2026-08-18 14:30:00+00:00,309.6400146484375,311.489990234375,309.6000061035156,310.42999267578125,17838632
2026-08-18 15:30:00+00:00,310.42999267578125,310.6400146484375,309.0119934082031,310.614990234375,3765824
2026-08-18 16:30:00+00:00,310.6199951171875,310.94000244140625,310.20001220703125,310.3999938964844,3345582
2026-08-18 17:30:00+00:00,310.3999938964844,310.64990234375,309.75,310.627685546875,3979233
2026-08-18 18:30:00+00:00,310.6099853515625,311.239990234375,309.3699951171875,309.7099914550781,3801923
2026-08-18 19:30:00+00:00,309.69500732421875,311.0690002441406,309.6014099121094,310.20001220703125,5897762
2026-08-19 13:30:00+00:00,310.1300048828125,317.80999755859375,309.6000061035156,316.010009765625,12465334
2026-08-19 14:30:00+00:00,316.375,319.2799072265625,315.7550048828125,318.17999267578125,5409655
2026-08-19 15:30:00+00:00,318.18499755859375,318.2300109863281,315.96600341796875,316.55999755859375,3124257
2026-08-19 16:30:00+00:00,316.54998779296875,316.54998779296875,314.489990234375,315.05999755859375,3532239
2026-08-19 17:30:00+00:00,315.05999755859375,315.8190002441406,314.7749938964844,314.8399963378906,2825989
2026-08-19 18:30:00+00:00,314.8599853515625,316.7300109863281,314.2900085449219,316.67840576171875,5086965
2026-08-19 19:30:00+00:00,316.6600036621094,316.8800048828125,315.20001220703125,316.8800048828125,5339532
2026-08-20 13:30:00+00:00,317.4549865722656,320.2799987792969,316.2200012207031,316.4700012207031,7715714
2026-08-20 14:30:00+00:00,316.42999267578125,317.7799987792969,316.0,317.2200012207031,2996499
2026-08-20 15:30:00+00:00,317.2298889160156,317.25,315.9599914550781,316.4649963378906,2014832
2026-08-20 16:30:00+00:00,316.4649963378906,317.6300048828125,316.2900085449219,316.6700134277344,2026222
2026-08-20 17:30:00+00:00,316.6600036621094,316.8599853515625,314.82000732421875,314.8399963378906,2545448
2026-08-20 18:30:00+00:00,314.8100891113281,315.70001220703125,313.29998779296875,313.3699951171875,3156936
2026-08-20 19:30:00+00:00,313.3900146484375,313.6499938964844,310.6499938964844,311.3399963378906,5485508
2026-08-21 13:30:00+00:00,312.04998779296875,312.3800048828125,307.010009765625,307.7950134277344,13705396
2026-08-21 14:30:00+00:00,307.82000732421875,310.6400146484375,307.6000061035156,310.6000061035156,6775783
2026-08-21 15:30:00+00:00,310.614990234375,311.92999267578125,310.3999938964844,311.20318603515625,4259150
2026-08-21 16:30:00+00:00,311.20001220703125,311.6400146484375,310.2699890136719,311.05999755859375,2476819
2026-08-21 17:30:00+00:00,311.0199890136719,311.1600036621094,308.4005126953125,308.4700012207031,3310276
2026-08-21 18:30:00+00:00,308.4750061035156,309.8500061035156,308.1600036621094,309.739990234375,3035461
2026-08-21 19:30:00+00:00,309.75,310.1789855957031,309.1600036621094,309.4200134277344,3550095
2026-08-24 13:30:00+00:00,311.4700012207031,313.19989013671875,309.9700012207031,312.94000244140625,6606461
2026-08-24 14:30:00+00:00,312.92999267578125,313.3299865722656,311.5299987792969,312.239990234375,4358724
2026-08-24 15:30:00+00:00,312.239990234375,312.3900146484375,311.3399963378906,311.9285888671875,1959853
2026-08-24 16:30:00+00:00,311.9100036621094,313.3599853515625,311.8599853515625,312.1199035644531,2194290
2026-08-24 17:30:00+00:00,312.1189880371094,312.3500061035156,311.5,311.739990234375,1968689
2026-08-24 18:30:00+00:00,311.7200012207031,311.8399963378906,310.7200012207031,311.25,2188744
2026-08-24 19:30:00+00:00,311.2300109863281,311.2799072265625,310.1719970703125,310.3500061035156,3344226
2026-08-25 13:30:00+00:00,310.93499755859375,313.5799865722656,309.6499938964844,310.0849914550781,5344241
2026-08-25 14:30:00+00:00,310.0799865722656,310.7900085449219,308.3900146484375,309.3100891113281,2926335
2026-08-25 15:30:00+00:00,309.30999755859375,310.19000244140625,309.2200012207031,309.9549865722656,1906951
2026-08-25 16:30:00+00:00,309.95001220703125,310.1000061035156,309.5,309.6549987792969,1332591
2026-08-25 17:30:00+00:00,309.6549987792969,310.3399963378906,308.6099853515625,309.5400085449219,2457846
2026-08-25 18:30:00+00:00,309.55499267578125,309.6099853515625,308.2099914550781,308.9700927734375,2209356
2026-08-25 19:30:00+00:00,308.9700927734375,310.29998779296875,308.6199951171875,309.8299865722656,2846819
2026-08-26 13:30:00+00:00,310.2449951171875,313.4198913574219,308.80010986328125,311.7950134277344,5614805
2026-08-26 14:30:00+00:00,311.7900085449219,313.45001220703125,311.6600036621094,312.5199890136719,3001620
2026-08-26 15:30:00+00:00,312.5199890136719,313.94000244140625,312.17999267578125,313.2947082519531,2587551
2026-08-26 16:30:00+00:00,313.30499267578125,313.4800109863281,312.5,313.1300048828125,1913849
2026-08-26 17:30:00+00:00,313.1549987792969,313.25,312.65008544921875,313.0498962402344,1986950
2026-08-26 18:30:00+00:00,313.0299987792969,315.25,312.95001220703125,314.8446044921875,3850044
2026-08-26 19:30:00+00:00,314.8599853515625,315.42999267578125,313.19000244140625,313.489990234375,4385320
2026-08-27 13:30:00+00:00,311.989990234375,312.10198974609375,309.40008544921875,310.7921142578125,7249485
2026-08-27 14:30:00+00:00,310.79998779296875,315.1600036621094,310.6300048828125,314.6499938964844,23642110
2026-08-27 15:30:00+00:00,314.6549987792969,315.07989501953125,314.110107421875,314.57000732421875,26563156
2026-08-27 16:30:00+00:00,314.56500244140625,315.3999938964844,314.25,315.2699890136719,16796673
2026-08-27 17:30:00+00:00,315.2799987792969,315.3399963378906,314.1000061035156,314.2200012207031,18028667
