date,news_tone,news_volume
2017-01-01 00:00:00+00:00,-1.0576,0.0911
2017-01-02 00:00:00+00:00,-0.814,0.1061
2017-01-03 00:00:00+00:00,-0.5351,0.0937
2017-01-04 00:00:00+00:00,-0.9436,0.0721
2017-01-05 00:00:00+00:00,-0.9333,0.0896
2017-01-06 00:00:00+00:00,-1.1801,0.0769
2017-01-07 00:00:00+00:00,-1.2262,0.0576
2017-01-08 00:00:00+00:00,-0.6659,0.0415
2017-01-09 00:00:00+00:00,-1.9383,0.0656
2017-01-10 00:00:00+00:00,-1.9989,0.0521
2017-01-11 00:00:00+00:00,-1.5447,0.078
2017-01-12 00:00:00+00:00,-1.6098,0.091
2017-01-13 00:00:00+00:00,-1.2171,0.047
2017-01-14 00:00:00+00:00,-1.517,0.0305
2017-01-15 00:00:00+00:00,-1.2121,0.0338
2017-01-16 00:00:00+00:00,-1.0687,0.0303
2017-01-17 00:00:00+00:00,-0.9661,0.0472
2017-01-18 00:00:00+00:00,-1.1271,0.0384
2017-01-19 00:00:00+00:00,-1.1707,0.0465
2017-01-20 00:00:00+00:00,-1.0259,0.0307
2017-01-21 00:00:00+00:00,-0.4072,0.0166
2017-01-22 00:00:00+00:00,-0.536,0.0225
2017-01-23 00:00:00+00:00,-1.2812,0.0353
2017-01-24 00:00:00+00:00,-3.136,0.0686
2017-01-25 00:00:00+00:00,-1.2295,0.0334
2017-01-26 00:00:00+00:00,-0.6509,0.0361
2017-01-27 00:00:00+00:00,-0.6641,0.0397
2017-01-28 00:00:00+00:00,-1.0236,0.0235
2017-01-29 00:00:00+00:00,-0.8292,0.0278
2017-01-30 00:00:00+00:00,-1.6936,0.0419
2017-01-31 00:00:00+00:00,-1.9294,0.0413
2017-02-01 00:00:00+00:00,-0.9953,0.0283
2017-02-02 00:00:00+00:00,-1.5108,0.0386
2017-02-03 00:00:00+00:00,-0.5698,0.0312
2017-02-04 00:00:00+00:00,-2.0482,0.027
2017-02-05 00:00:00+00:00,-1.1926,0.027
2017-02-06 00:00:00+00:00,-1.6991,0.0396
2017-02-07 00:00:00+00:00,-1.4122,0.0483
2017-02-08 00:00:00+00:00,-1.7569,0.051
2017-02-09 00:00:00+00:00,-2.0584,0.0632
2017-02-10 00:00:00+00:00,-1.4233,0.0522
2017-02-11 00:00:00+00:00,-1.5006,0.0377
2017-02-12 00:00:00+00:00,-1.0555,0.0289
2017-02-13 00:00:00+00:00,-1.3339,0.0385
2017-02-14 00:00:00+00:00,-1.6005,0.0289
2017-02-15 00:00:00+00:00,-0.5211,0.0291
2017-02-16 00:00:00+00:00,-1.3901,0.0288
2017-02-17 00:00:00+00:00,-0.6552,0.0206
2017-02-18 00:00:00+00:00,-0.3722,0.0183
2017-02-19 00:00:00+00:00,-0.6251,0.0193
2017-02-20 00:00:00+00:00,-1.2369,0.027
2017-02-21 00:00:00+00:00,-0.624,0.0302
2017-02-22 00:00:00+00:00,-0.4361,0.036
2017-02-23 00:00:00+00:00,-1.1283,0.0397
2017-02-24 00:00:00+00:00,-0.2949,0.1031
2017-02-25 00:00:00+00:00,-0.8283,0.0686
2017-02-26 00:00:00+00:00,-0.8621,0.0475
2017-02-27 00:00:00+00:00,-0.2085,0.0411
2017-02-28 00:00:00+00:00,-1.2779,0.0433
2017-03-01 00:00:00+00:00,-0.6593,0.0342
2017-03-02 00:00:00+00:00,0.0715,0.0402
2017-03-03 00:00:00+00:00,0.2435,0.1037
2017-03-04 00:00:00+00:00,0.0638,0.0683
2017-03-05 00:00:00+00:00,-0.0262,0.0493
2017-03-06 00:00:00+00:00,-0.5938,0.0572
2017-03-07 00:00:00+00:00,-0.3868,0.0401
2017-03-08 00:00:00+00:00,-0.5948,0.0346
2017-03-09 00:00:00+00:00,-0.1724,0.0354
2017-03-10 00:00:00+00:00,-0.9003,0.0658
2017-03-11 00:00:00+00:00,-1.2927,0.0933
2017-03-12 00:00:00+00:00,-1.027,0.0412
2017-03-13 00:00:00+00:00,-1.317,0.0535
2017-03-14 00:00:00+00:00,-0.2649,0.0397
2017-03-15 00:00:00+00:00,-2.4066,0.0416
2017-03-16 00:00:00+00:00,-1.9135,0.0418
2017-03-17 00:00:00+00:00,-1.4278,0.0357
2017-03-18 00:00:00+00:00,-0.4404,0.0313
2017-03-19 00:00:00+00:00,-1.1266,0.032
2017-03-20 00:00:00+00:00,-0.6723,0.0541
2017-03-21 00:00:00+00:00,-0.8348,0.0412
2017-03-22 00:00:00+00:00,-3.2083,0.0822
2017-03-23 00:00:00+00:00,-2.6524,0.0611
2017-03-24 00:00:00+00:00,-2.0338,0.0418
2017-03-25 00:00:00+00:00,-1.8651,0.0295
2017-03-26 00:00:00+00:00,-0.9972,0.0345
2017-03-27 00:00:00+00:00,-1.1802,0.0398
2017-03-28 00:00:00+00:00,-0.3648,0.0381
2017-03-29 00:00:00+00:00,-0.2816,0.0239
2017-03-30 00:00:00+00:00,0.0709,0.031
2017-03-31 00:00:00+00:00,0.0332,0.0279
2017-04-01 00:00:00+00:00,-0.8107,0.0305
2017-04-02 00:00:00+00:00,-1.4459,0.0454
2017-04-03 00:00:00+00:00,-0.592,0.039
2017-04-04 00:00:00+00:00,-0.3505,0.0283
2017-04-05 00:00:00+00:00,0.0937,0.0375
2017-04-06 00:00:00+00:00,-0.1637,0.0344
2017-04-07 00:00:00+00:00,-0.2445,0.0243
2017-04-08 00:00:00+00:00,-1.3809,0.0186
2017-04-09 00:00:00+00:00,-0.1093,0.0226
2017-04-10 00:00:00+00:00,-0.309,0.0333
2017-04-11 00:00:00+00:00,-1.9172,0.0533
2017-04-12 00:00:00+00:00,-0.6142,0.0416
2017-04-13 00:00:00+00:00,-0.3628,0.039
2017-04-14 00:00:00+00:00,-0.8728,0.0306
2017-04-15 00:00:00+00:00,-0.4223,0.0266
2017-04-16 00:00:00+00:00,0.0935,0.0173
2017-04-17 00:00:00+00:00,-1.7467,0.0285
2017-04-18 00:00:00+00:00,-1.3133,0.0291
2017-04-19 00:00:00+00:00,-1.5702,0.0352
2017-04-20 00:00:00+00:00,0.2272,0.0266
2017-04-21 00:00:00+00:00,-1.1309,0.03
2017-04-22 00:00:00+00:00,-2.0723,0.0297
2017-04-23 00:00:00+00:00,-1.3581,0.033
2017-04-24 00:00:00+00:00,-3.8798,0.0529
2017-04-25 00:00:00+00:00,-1.0045,0.0333
2017-04-26 00:00:00+00:00,-0.7159,0.0374
2017-04-27 00:00:00+00:00,-2.5775,0.0455
2017-04-28 00:00:00+00:00,-0.4949,0.0332
2017-04-29 00:00:00+00:00,-0.6862,0.0221
2017-04-30 00:00:00+00:00,-0.7547,0.0304
2017-05-01 00:00:00+00:00,-0.2982,0.0426
2017-05-02 00:00:00+00:00,-0.4433,0.0621
2017-05-03 00:00:00+00:00,0.0946,0.0428
2017-05-04 00:00:00+00:00,-0.3356,0.0383
2017-05-05 00:00:00+00:00,-0.2282,0.0458
2017-05-06 00:00:00+00:00,-0.474,0.0318
2017-05-07 00:00:00+00:00,-0.9875,0.0418
2017-05-08 00:00:00+00:00,-0.5004,0.0414
2017-05-09 00:00:00+00:00,-1.2806,0.0784
2017-05-10 00:00:00+00:00,-0.5295,0.0505
2017-05-11 00:00:00+00:00,-0.0573,0.0483
2017-05-12 00:00:00+00:00,-3.7301,0.338
2017-05-13 00:00:00+00:00,-4.6707,0.8591
2017-05-14 00:00:00+00:00,-4.7013,0.6794
2017-05-15 00:00:00+00:00,-4.9171,0.7026
2017-05-16 00:00:00+00:00,-5.229,0.519
2017-05-17 00:00:00+00:00,-4.0082,0.2064
2017-05-18 00:00:00+00:00,-3.3665,0.1031
2017-05-19 00:00:00+00:00,-3.7645,0.1661
2017-05-20 00:00:00+00:00,-2.8791,0.0888
2017-05-21 00:00:00+00:00,-1.755,0.0967
2017-05-22 00:00:00+00:00,-1.0359,0.1535
2017-05-23 00:00:00+00:00,-1.1795,0.1825
2017-05-24 00:00:00+00:00,-0.7849,0.1002
2017-05-25 00:00:00+00:00,-1.5372,0.1504
2017-05-26 00:00:00+00:00,-1.2698,0.125
2017-05-27 00:00:00+00:00,-1.8423,0.1075
2017-05-28 00:00:00+00:00,-0.342,0.0675
2017-05-29 00:00:00+00:00,-0.7822,0.0841
2017-05-30 00:00:00+00:00,-1.1021,0.0806
2017-05-31 00:00:00+00:00,-2.1386,0.0865
2017-06-01 00:00:00+00:00,-1.2961,0.081
2017-06-02 00:00:00+00:00,-0.7644,0.0928
2017-06-03 00:00:00+00:00,-0.6861,0.0691
2017-06-04 00:00:00+00:00,-0.4812,0.0621
2017-06-05 00:00:00+00:00,-0.5791,0.0736
2017-06-06 00:00:00+00:00,-0.5283,0.0856
2017-06-07 00:00:00+00:00,-0.2667,0.0659
2017-06-08 00:00:00+00:00,-0.2215,0.0663
2017-06-09 00:00:00+00:00,-0.4642,0.0697
2017-06-10 00:00:00+00:00,-1.1096,0.0454
2017-06-11 00:00:00+00:00,-0.8969,0.0564
2017-06-12 00:00:00+00:00,0.0462,0.0786
2017-06-13 00:00:00+00:00,-0.3562,0.0944
2017-06-14 00:00:00+00:00,-0.8085,0.0761
2017-06-15 00:00:00+00:00,-0.9055,0.1022
2017-06-16 00:00:00+00:00,-1.0981,0.0934
2017-06-17 00:00:00+00:00,-0.9365,0.0708
2017-06-18 00:00:00+00:00,-0.6118,0.0923
2017-06-19 00:00:00+00:00,-0.7085,0.0806
2017-06-20 00:00:00+00:00,-0.5378,0.0651
2017-06-21 00:00:00+00:00,-0.8021,0.0699
2017-06-22 00:00:00+00:00,-1.0377,0.0879
2017-06-23 00:00:00+00:00,-1.4186,0.0903
2017-06-24 00:00:00+00:00,-1.4626,0.0603
2017-06-25 00:00:00+00:00,-1.0184,0.0545
2017-06-26 00:00:00+00:00,-0.9443,0.0633
2017-06-27 00:00:00+00:00,-3.9153,0.2933
2017-06-28 00:00:00+00:00,-4.1029,0.5124
2017-06-29 00:00:00+00:00,-3.368,0.2158
2017-06-30 00:00:00+00:00,-3.0493,0.1286
2017-07-01 00:00:00+00:00,-2.1273,0.0699
2017-07-02 00:00:00+00:00,-1.6423,0.0729
2017-07-03 00:00:00+00:00,-0.8838,0.0787
2017-07-04 00:00:00+00:00,-1.2988,0.095
2017-07-05 00:00:00+00:00,-3.3318,0.1346
2017-07-06 00:00:00+00:00,-2.7916,0.111
2017-07-07 00:00:00+00:00,-0.8824,0.08
2017-07-08 00:00:00+00:00,-0.9507,0.0431
2017-07-09 00:00:00+00:00,-1.9786,0.0515
2017-07-10 00:00:00+00:00,-1.7098,0.0872
2017-07-11 00:00:00+00:00,-3.3356,0.1407
2017-07-12 00:00:00+00:00,-0.7802,0.0875
2017-07-13 00:00:00+00:00,-0.2232,0.0788
2017-07-14 00:00:00+00:00,-0.5865,0.073
2017-07-15 00:00:00+00:00,-1.288,0.0549
2017-07-16 00:00:00+00:00,-1.0094,0.0588
2017-07-17 00:00:00+00:00,-0.8592,0.0824
2017-07-18 00:00:00+00:00,-1.0459,0.0757
2017-07-19 00:00:00+00:00,-0.6126,0.0729
2017-07-20 00:00:00+00:00,-1.5566,0.0926
2017-07-21 00:00:00+00:00,-0.9905,0.0959
2017-07-22 00:00:00+00:00,-0.9594,0.084
2017-07-23 00:00:00+00:00,-0.4146,0.079
2017-07-24 00:00:00+00:00,-1.1605,0.2087
2017-07-25 00:00:00+00:00,-0.3014,0.0947
2017-07-26 00:00:00+00:00,-2.123,0.1498
2017-07-27 00:00:00+00:00,-2.123,0.1459
2017-07-28 00:00:00+00:00,-2.41,0.1184
2017-07-29 00:00:00+00:00,-1.4416,0.0714
2017-07-30 00:00:00+00:00,-0.7697,0.0645
2017-07-31 00:00:00+00:00,-0.7382,0.0967
2017-08-01 00:00:00+00:00,-1.0272,0.2063
2017-08-02 00:00:00+00:00,-0.7015,0.2248
2017-08-03 00:00:00+00:00,-1.5888,0.1264
2017-08-04 00:00:00+00:00,-2.0278,0.119
2017-08-05 00:00:00+00:00,-1.6466,0.1141
2017-08-06 00:00:00+00:00,-1.621,0.1099
2017-08-07 00:00:00+00:00,-1.1609,0.1773
2017-08-08 00:00:00+00:00,-3.4365,0.261
2017-08-09 00:00:00+00:00,-1.3968,0.1322
2017-08-10 00:00:00+00:00,-0.8914,0.1177
2017-08-11 00:00:00+00:00,-1.4657,0.158
2017-08-12 00:00:00+00:00,-1.4966,0.1155
2017-08-13 00:00:00+00:00,-0.9044,0.1982
2017-08-14 00:00:00+00:00,-0.9187,0.2234
2017-08-15 00:00:00+00:00,-0.9656,0.1876
2017-08-16 00:00:00+00:00,-0.7526,0.1447
2017-08-17 00:00:00+00:00,-1.3514,0.1881
2017-08-18 00:00:00+00:00,-0.6563,0.1159
2017-08-19 00:00:00+00:00,-0.632,0.0924
2017-08-20 00:00:00+00:00,-0.4793,0.1109
2017-08-21 00:00:00+00:00,-0.5998,0.1049
2017-08-22 00:00:00+00:00,-0.5088,0.1302
2017-08-23 00:00:00+00:00,-0.4849,0.0952
2017-08-24 00:00:00+00:00,-0.7171,0.154
2017-08-25 00:00:00+00:00,-0.9806,0.0908
2017-08-26 00:00:00+00:00,-1.1073,0.0658
2017-08-27 00:00:00+00:00,-0.6169,0.0871
2017-08-28 00:00:00+00:00,-0.3716,0.1349
2017-08-29 00:00:00+00:00,-0.4014,0.0976
2017-08-30 00:00:00+00:00,-0.4491,0.106
2017-08-31 00:00:00+00:00,-0.3939,0.1155
2017-09-01 00:00:00+00:00,-0.6868,0.1209
2017-09-02 00:00:00+00:00,-0.8358,0.1297
2017-09-03 00:00:00+00:00,-1.3961,0.1203
2017-09-04 00:00:00+00:00,-1.7127,0.2286
2017-09-05 00:00:00+00:00,-1.5882,0.2526
2017-09-06 00:00:00+00:00,-0.3418,0.1621
2017-09-07 00:00:00+00:00,-0.325,0.1271
2017-09-08 00:00:00+00:00,-0.8867,0.1306
2017-09-09 00:00:00+00:00,-1.0407,0.1075
2017-09-10 00:00:00+00:00,-0.8455,0.0902
2017-09-11 00:00:00+00:00,-1.1713,0.1698
2017-09-12 00:00:00+00:00,-1.7252,0.1685
2017-09-13 00:00:00+00:00,-1.9566,0.2314
2017-09-14 00:00:00+00:00,-1.7246,0.2126
2017-09-15 00:00:00+00:00,-1.6948,0.3121
2017-09-16 00:00:00+00:00,-1.2654,0.1783
2017-09-17 00:00:00+00:00,-0.895,0.1631
2017-09-18 00:00:00+00:00,-1.1682,0.2134
2017-09-19 00:00:00+00:00,-1.5304,0.226
2017-09-20 00:00:00+00:00,-0.8659,0.1428
2017-09-21 00:00:00+00:00,-0.5005,0.138
2017-09-22 00:00:00+00:00,-1.1623,0.1535
2017-09-23 00:00:00+00:00,-0.9752,0.0891
2017-09-24 00:00:00+00:00,0.0479,0.0818
2017-09-25 00:00:00+00:00,-1.2522,0.1148
2017-09-26 00:00:00+00:00,-0.4194,0.1333
2017-09-27 00:00:00+00:00,-0.9194,0.1766
2017-09-28 00:00:00+00:00,-0.8481,0.1342
2017-09-29 00:00:00+00:00,-2.3737,0.2051
2017-09-30 00:00:00+00:00,-0.8529,0.1209
2017-10-01 00:00:00+00:00,-1.175,0.1002
2017-10-02 00:00:00+00:00,-0.6507,0.119
2017-10-03 00:00:00+00:00,-0.3202,0.1142
2017-10-04 00:00:00+00:00,-2.241,0.159
2017-10-05 00:00:00+00:00,-0.7156,0.0839
2017-10-06 00:00:00+00:00,-1.053,0.104
2017-10-07 00:00:00+00:00,-0.7188,0.0736
2017-10-08 00:00:00+00:00,-0.3515,0.0786
2017-10-09 00:00:00+00:00,-1.0723,0.0967
2017-10-10 00:00:00+00:00,-1.0645,0.1447
2017-10-11 00:00:00+00:00,-1.1741,0.1356
2017-10-12 00:00:00+00:00,-0.7991,0.2298
2017-10-13 00:00:00+00:00,-0.7344,0.242
2017-10-14 00:00:00+00:00,-0.39,0.0999
2017-10-15 00:00:00+00:00,-0.8157,0.1076
2017-10-16 00:00:00+00:00,-1.0574,0.1451
2017-10-17 00:00:00+00:00,-1.1308,0.1425
2017-10-18 00:00:00+00:00,-1.0003,0.1402
2017-10-19 00:00:00+00:00,-1.0558,0.1463
2017-10-20 00:00:00+00:00,-0.8304,0.1693
2017-10-21 00:00:00+00:00,-0.9032,0.1608
2017-10-22 00:00:00+00:00,-0.519,0.1007
2017-10-23 00:00:00+00:00,-0.5458,0.1493
2017-10-24 00:00:00+00:00,-0.7983,0.1819
2017-10-25 00:00:00+00:00,-1.3375,0.2068
2017-10-26 00:00:00+00:00,-0.7757,0.1291
2017-10-27 00:00:00+00:00,-0.5847,0.1253
2017-10-28 00:00:00+00:00,-0.6519,0.1221
2017-10-29 00:00:00+00:00,-0.5041,0.1106
2017-10-30 00:00:00+00:00,-1.7181,0.1662
2017-10-31 00:00:00+00:00,-0.7267,0.1718
2017-11-01 00:00:00+00:00,-0.7273,0.249
2017-11-02 00:00:00+00:00,-0.906,0.2416
2017-11-03 00:00:00+00:00,-0.7845,0.194
2017-11-04 00:00:00+00:00,-1.959,0.193
2017-11-05 00:00:00+00:00,-0.7295,0.1254
2017-11-06 00:00:00+00:00,-0.3075,0.1402
2017-11-07 00:00:00+00:00,-0.0371,0.1436
2017-11-08 00:00:00+00:00,-0.7376,0.1725
2017-11-09 00:00:00+00:00,-0.82,0.1518
2017-11-10 00:00:00+00:00,-0.8575,0.1602
2017-11-11 00:00:00+00:00,-0.6449,0.1238
2017-11-12 00:00:00+00:00,-0.6089,0.1194
2017-11-13 00:00:00+00:00,-1.4402,0.2459
2017-11-14 00:00:00+00:00,-0.6628,0.1701
2017-11-15 00:00:00+00:00,-1.0485,0.1796
2017-11-16 00:00:00+00:00,-0.8861,0.1704
2017-11-17 00:00:00+00:00,-0.7601,0.2044
2017-11-18 00:00:00+00:00,-0.7727,0.1073
2017-11-19 00:00:00+00:00,-0.4379,0.1276
2017-11-20 00:00:00+00:00,-0.4011,0.2211
2017-11-21 00:00:00+00:00,-3.1856,0.3011
2017-11-22 00:00:00+00:00,-1.948,0.2322
2017-11-23 00:00:00+00:00,-0.6419,0.1426
2017-11-24 00:00:00+00:00,-0.3449,0.1196
2017-11-25 00:00:00+00:00,-0.5509,0.1139
2017-11-26 00:00:00+00:00,-0.4492,0.2196
2017-11-27 00:00:00+00:00,-0.5595,0.5128
2017-11-28 00:00:00+00:00,-0.6387,0.3918
2017-11-29 00:00:00+00:00,-0.9337,0.6495
2017-11-30 00:00:00+00:00,-0.9395,0.5076
2017-12-03 00:00:00+00:00,-0.7045,0.3933
2017-12-04 00:00:00+00:00,-1.1364,0.6124
2017-12-05 00:00:00+00:00,-0.7903,0.3689
2017-12-06 00:00:00+00:00,-1.246,0.5084
2017-12-07 00:00:00+00:00,-1.5258,0.9025
2017-12-08 00:00:00+00:00,-1.0266,0.8575
2017-12-09 00:00:00+00:00,-0.5072,0.5363
2017-12-10 00:00:00+00:00,-0.8106,0.5857
2017-12-11 00:00:00+00:00,-0.9616,1.149
2017-12-12 00:00:00+00:00,-0.7382,0.6951
2017-12-13 00:00:00+00:00,-1.3083,0.8415
2017-12-14 00:00:00+00:00,-1.0973,0.5258
2017-12-15 00:00:00+00:00,-1.8573,0.7649
2017-12-16 00:00:00+00:00,-1.0186,0.5337
2017-12-17 00:00:00+00:00,-0.9643,0.484
2017-12-18 00:00:00+00:00,-0.79,0.6914
2017-12-19 00:00:00+00:00,-1.8983,0.6824
2017-12-20 00:00:00+00:00,-1.3645,0.8114
2017-12-21 00:00:00+00:00,-0.8172,0.6106
2017-12-22 00:00:00+00:00,-1.1025,0.9645
2017-12-23 00:00:00+00:00,-1.6111,0.6412
2017-12-24 00:00:00+00:00,-1.2357,0.4842
2017-12-25 00:00:00+00:00,-0.7432,0.5079
2017-12-26 00:00:00+00:00,-0.7644,0.6325
2017-12-27 00:00:00+00:00,-0.7924,0.5102
2017-12-28 00:00:00+00:00,-1.0757,0.6286
2017-12-29 00:00:00+00:00,-1.3114,0.6622
2017-12-30 00:00:00+00:00,-1.2091,0.4603
2017-12-31 00:00:00+00:00,-0.761,0.4443
2018-01-01 00:00:00+00:00,-0.9709,0.4023
2018-01-02 00:00:00+00:00,-0.8743,0.6015
2018-01-03 00:00:00+00:00,-0.7656,0.5418
2018-01-04 00:00:00+00:00,-0.7804,0.412
2018-01-05 00:00:00+00:00,-0.7355,0.3789
2018-01-06 00:00:00+00:00,-0.6525,0.3142
2018-01-07 00:00:00+00:00,-0.8372,0.3724
2018-01-08 00:00:00+00:00,-0.7395,0.3859
2018-01-09 00:00:00+00:00,-0.8939,0.4493
2018-01-10 00:00:00+00:00,-0.6031,0.436
2018-01-11 00:00:00+00:00,-1.5091,0.5923
2018-01-12 00:00:00+00:00,-0.9026,0.4258
2018-01-13 00:00:00+00:00,-1.2753,0.4159
2018-01-14 00:00:00+00:00,-0.6792,0.3037
2018-01-15 00:00:00+00:00,-1.463,0.4062
2018-01-16 00:00:00+00:00,-1.5932,0.6102
2018-01-17 00:00:00+00:00,-1.4743,0.7845
2018-01-18 00:00:00+00:00,-1.3017,0.5575
2018-01-19 00:00:00+00:00,-1.0702,0.486
2018-01-20 00:00:00+00:00,-1.1509,0.3159
2018-01-21 00:00:00+00:00,-0.7404,0.2752
2018-01-22 00:00:00+00:00,-1.2673,0.3736
2018-01-23 00:00:00+00:00,-1.1618,0.4198
2018-01-24 00:00:00+00:00,-0.6063,0.3331
2018-01-25 00:00:00+00:00,-0.713,0.3961
2018-01-26 00:00:00+00:00,-0.9325,0.4111
2018-01-27 00:00:00+00:00,-2.1282,0.3319
2018-01-28 00:00:00+00:00,-1.6828,0.3495
2018-01-29 00:00:00+00:00,-1.6708,0.4719
2018-01-30 00:00:00+00:00,-1.3024,0.3762
2018-01-31 00:00:00+00:00,-1.3996,0.4825
2018-02-01 00:00:00+00:00,-1.256,0.4017
2018-02-02 00:00:00+00:00,-1.491,0.6019
2018-02-03 00:00:00+00:00,-1.0712,0.3468
2018-02-04 00:00:00+00:00,-0.8257,0.3107
2018-02-05 00:00:00+00:00,-1.8576,0.6016
2018-02-06 00:00:00+00:00,-1.974,0.6748
2018-02-07 00:00:00+00:00,-1.2903,0.3995
2018-02-08 00:00:00+00:00,-0.8711,0.3312
2018-02-09 00:00:00+00:00,-1.0493,0.2974
2018-02-10 00:00:00+00:00,-1.1903,0.2883
2018-02-11 00:00:00+00:00,-1.2966,0.3353
2018-02-12 00:00:00+00:00,-1.4972,0.3473
2018-02-13 00:00:00+00:00,-1.0004,0.3208
2018-02-14 00:00:00+00:00,-0.745,0.303
2018-02-15 00:00:00+00:00,-1.0279,0.3233
2018-02-16 00:00:00+00:00,-1.1489,0.3138
2018-02-17 00:00:00+00:00,-2.1821,0.245
2018-02-18 00:00:00+00:00,-0.6212,0.2242
2018-02-19 00:00:00+00:00,-0.749,0.2669
2018-02-20 00:00:00+00:00,-0.718,0.34
2018-02-21 00:00:00+00:00,-0.8242,0.3158
2018-02-22 00:00:00+00:00,-0.8863,0.2602
2018-02-23 00:00:00+00:00,-0.5945,0.248
2018-02-24 00:00:00+00:00,-0.9224,0.2267
2018-02-25 00:00:00+00:00,-0.4875,0.1861
2018-02-26 00:00:00+00:00,-0.5873,0.2697
2018-02-27 00:00:00+00:00,-0.9029,0.3592
2018-02-28 00:00:00+00:00,-1.1803,0.2705
2018-03-01 00:00:00+00:00,-0.9665,0.2386
2018-03-02 00:00:00+00:00,-1.0696,0.3336
2018-03-03 00:00:00+00:00,-0.8713,0.2843
2018-03-04 00:00:00+00:00,-0.79,0.2181
2018-03-05 00:00:00+00:00,-0.7211,0.2268
2018-03-06 00:00:00+00:00,-0.6661,0.2374
2018-03-07 00:00:00+00:00,-0.9795,0.2443
2018-03-08 00:00:00+00:00,-1.0767,0.2856
2018-03-09 00:00:00+00:00,-0.9472,0.275
2018-03-10 00:00:00+00:00,-0.6653,0.1594
2018-03-11 00:00:00+00:00,-0.1859,0.1991
2018-03-12 00:00:00+00:00,-0.8261,0.2472
2018-03-13 00:00:00+00:00,-0.7683,0.2429
2018-03-14 00:00:00+00:00,-1.1623,0.2752
2018-03-15 00:00:00+00:00,-1.3496,0.2779
2018-03-16 00:00:00+00:00,-0.627,0.2669
2018-03-17 00:00:00+00:00,-0.4474,0.2318
2018-03-18 00:00:00+00:00,-0.5647,0.2891
2018-03-19 00:00:00+00:00,-1.1234,0.3477
2018-03-20 00:00:00+00:00,-0.7975,0.2697
2018-03-21 00:00:00+00:00,-1.0009,0.2658
2018-03-22 00:00:00+00:00,-0.687,0.2367
2018-03-23 00:00:00+00:00,-0.8759,0.3122
2018-03-24 00:00:00+00:00,-0.1551,0.2169
2018-03-25 00:00:00+00:00,-0.4145,0.235
2018-03-26 00:00:00+00:00,-1.033,0.2372
2018-03-27 00:00:00+00:00,-1.2685,0.2657
2018-03-28 00:00:00+00:00,-0.7588,0.2479
2018-03-29 00:00:00+00:00,-0.6638,0.2695
2018-03-30 00:00:00+00:00,-1.2915,0.247
2018-03-31 00:00:00+00:00,-0.2776,0.2442
2018-04-01 00:00:00+00:00,-0.5271,0.2722
2018-04-02 00:00:00+00:00,-0.5358,0.2344
2018-04-03 00:00:00+00:00,-0.8859,0.2229
2018-04-04 00:00:00+00:00,-0.6812,0.1867
2018-04-05 00:00:00+00:00,-1.0171,0.1974
2018-04-06 00:00:00+00:00,-1.2282,0.2352
2018-04-07 00:00:00+00:00,-0.6348,0.1775
2018-04-08 00:00:00+00:00,-0.3563,0.2003
2018-04-09 00:00:00+00:00,-0.7801,0.2082
2018-04-10 00:00:00+00:00,-0.9399,0.1958
2018-04-11 00:00:00+00:00,-0.6455,0.1991
2018-04-12 00:00:00+00:00,-0.8455,0.2484
2018-04-13 00:00:00+00:00,-0.9382,0.2278
2018-04-14 00:00:00+00:00,-0.4133,0.1698
2018-04-15 00:00:00+00:00,-0.3817,0.2047
2018-04-16 00:00:00+00:00,-0.0734,0.2082
2018-04-17 00:00:00+00:00,-0.8319,0.222
2018-04-18 00:00:00+00:00,-1.4135,0.2344
2018-04-19 00:00:00+00:00,-1.0223,0.1796
2018-04-20 00:00:00+00:00,-0.9227,0.1847
2018-04-21 00:00:00+00:00,-0.186,0.1675
2018-04-22 00:00:00+00:00,-0.247,0.1712
2018-04-23 00:00:00+00:00,-1.1569,0.2694
2018-04-24 00:00:00+00:00,-0.7916,0.2537
2018-04-25 00:00:00+00:00,-0.5926,0.2224
2018-04-26 00:00:00+00:00,-0.4781,0.1611
2018-04-27 00:00:00+00:00,-0.5202,0.1327
2018-04-28 00:00:00+00:00,-0.2194,0.1533
2018-04-29 00:00:00+00:00,0.0535,0.1786
2018-04-30 00:00:00+00:00,-0.2363,0.1473
2018-05-01 00:00:00+00:00,-0.3816,0.1706
2018-05-02 00:00:00+00:00,-0.3903,0.1576
2018-05-03 00:00:00+00:00,-0.0383,0.1585
2018-05-04 00:00:00+00:00,-0.6823,0.1286
2018-05-05 00:00:00+00:00,-0.7494,0.1147
2018-05-06 00:00:00+00:00,-0.1547,0.2101
2018-05-07 00:00:00+00:00,-0.5354,0.2075
2018-05-08 00:00:00+00:00,-0.2829,0.2186
2018-05-09 00:00:00+00:00,-0.0104,0.1619
2018-05-10 00:00:00+00:00,-0.3767,0.1419
2018-05-11 00:00:00+00:00,-0.9736,0.1732
2018-05-12 00:00:00+00:00,-0.8092,0.1633
2018-05-13 00:00:00+00:00,-0.2676,0.1498
2018-05-14 00:00:00+00:00,-0.5038,0.2041
2018-05-15 00:00:00+00:00,-0.0317,0.1633
2018-05-16 00:00:00+00:00,-0.1221,0.1717
2018-05-17 00:00:00+00:00,-0.1003,0.1527
2018-05-18 00:00:00+00:00,-0.2737,0.1483
2018-05-19 00:00:00+00:00,-0.0985,0.1258
2018-05-20 00:00:00+00:00,-0.2874,0.1477
2018-05-21 00:00:00+00:00,0.0294,0.2018
2018-05-22 00:00:00+00:00,-0.4085,0.1602
2018-05-23 00:00:00+00:00,-0.3174,0.2089
2018-05-24 00:00:00+00:00,-1.0572,0.2231
2018-05-25 00:00:00+00:00,-1.1449,0.1558
2018-05-26 00:00:00+00:00,-0.827,0.129
2018-05-27 00:00:00+00:00,-0.6987,0.1405
2018-05-28 00:00:00+00:00,-1.1813,0.183
2018-05-29 00:00:00+00:00,-0.802,0.1522
2018-05-30 00:00:00+00:00,-0.844,0.1505
2018-05-31 00:00:00+00:00,-0.1669,0.1295
2018-06-01 00:00:00+00:00,-0.3354,0.1104
2018-06-02 00:00:00+00:00,-0.5112,0.0883
2018-06-03 00:00:00+00:00,-0.9692,0.1794
2018-06-04 00:00:00+00:00,-0.6739,0.177
2018-06-05 00:00:00+00:00,-0.5512,0.1585
2018-06-06 00:00:00+00:00,-0.2947,0.1587
2018-06-07 00:00:00+00:00,-0.1742,0.1618
2018-06-08 00:00:00+00:00,-0.2019,0.1438
2018-06-09 00:00:00+00:00,-0.5201,0.1417
2018-06-10 00:00:00+00:00,-0.9551,0.1646
2018-06-11 00:00:00+00:00,-1.8804,0.2833
2018-06-12 00:00:00+00:00,-0.7786,0.1862
2018-06-13 00:00:00+00:00,-1.009,0.2373
2018-06-14 00:00:00+00:00,-0.7433,0.2166
2018-06-15 00:00:00+00:00,-0.1407,0.1915
2018-06-16 00:00:00+00:00,0.1948,0.2083
2018-06-17 00:00:00+00:00,0.0093,0.2388
2018-06-18 00:00:00+00:00,-0.8003,0.227
2018-06-19 00:00:00+00:00,-0.297,0.2254
2018-06-20 00:00:00+00:00,-2.034,0.2256
2018-06-21 00:00:00+00:00,-0.7839,0.1693
2018-06-22 00:00:00+00:00,-0.9469,0.2105
2018-06-23 00:00:00+00:00,-0.5429,0.1727
2018-06-24 00:00:00+00:00,-0.2866,0.169
2018-06-25 00:00:00+00:00,-0.5204,0.2089
2018-06-26 00:00:00+00:00,-0.2556,0.2099
2018-06-27 00:00:00+00:00,-0.9858,0.183
2018-06-28 00:00:00+00:00,-1.2666,0.2325
2018-06-29 00:00:00+00:00,-1.2297,0.3102
2018-06-30 00:00:00+00:00,-0.8111,0.1469
2018-07-01 00:00:00+00:00,-0.1624,0.1755
2018-07-02 00:00:00+00:00,-0.1533,0.17
2018-07-03 00:00:00+00:00,-0.0506,0.1645
2018-07-04 00:00:00+00:00,-0.8959,0.1654
2018-07-05 00:00:00+00:00,-0.3586,0.1508
2018-07-06 00:00:00+00:00,-0.3746,0.1587
2018-07-07 00:00:00+00:00,0.1512,0.1884
2018-07-08 00:00:00+00:00,0.3687,0.1904
2018-07-09 00:00:00+00:00,-0.0171,0.157
2018-07-10 00:00:00+00:00,-0.3655,0.148
2018-07-11 00:00:00+00:00,-0.0575,0.1743
2018-07-12 00:00:00+00:00,-0.3749,0.1686
2018-07-13 00:00:00+00:00,-1.5885,0.1675
2018-07-14 00:00:00+00:00,-2.4872,0.1605
2018-07-15 00:00:00+00:00,-0.4497,0.1379
2018-07-16 00:00:00+00:00,-1.1132,0.1728
2018-07-17 00:00:00+00:00,-0.9443,0.1904
2018-07-18 00:00:00+00:00,-0.6276,0.219
2018-07-19 00:00:00+00:00,-0.4859,0.1611
2018-07-20 00:00:00+00:00,-0.8338,0.1498
2018-07-21 00:00:00+00:00,-0.4392,0.153
2018-07-22 00:00:00+00:00,-0.5397,0.1771
2018-07-23 00:00:00+00:00,-0.4655,0.1714
2018-07-24 00:00:00+00:00,-0.3384,0.1792
2018-07-25 00:00:00+00:00,-1.0325,0.2279
2018-07-26 00:00:00+00:00,-1.6248,0.2262
2018-07-27 00:00:00+00:00,-0.9335,0.1612
2018-07-28 00:00:00+00:00,-0.1272,0.1712
2018-07-29 00:00:00+00:00,-0.0428,0.1682
2018-07-30 00:00:00+00:00,-0.5312,0.169
2018-07-31 00:00:00+00:00,-1.1218,0.1596
2018-08-01 00:00:00+00:00,-1.1045,0.1974
2018-08-02 00:00:00+00:00,-1.0798,0.1742
2018-08-03 00:00:00+00:00,-0.0831,0.1722
2018-08-04 00:00:00+00:00,0.0399,0.187
2018-08-05 00:00:00+00:00,0.1642,0.1639
2018-08-06 00:00:00+00:00,0.0108,0.1913
2018-08-07 00:00:00+00:00,0.1381,0.1719
2018-08-08 00:00:00+00:00,-0.6006,0.173
2018-08-09 00:00:00+00:00,-0.1662,0.1919
2018-08-10 00:00:00+00:00,-0.3461,0.2122
2018-08-11 00:00:00+00:00,-0.8696,0.1827
2018-08-12 00:00:00+00:00,-0.1853,0.1699
2018-08-13 00:00:00+00:00,-0.8206,0.2012
2018-08-14 00:00:00+00:00,-0.8153,0.2033
2018-08-15 00:00:00+00:00,-1.1871,0.1485
2018-08-16 00:00:00+00:00,-0.8288,0.1279
2018-08-17 00:00:00+00:00,-0.3992,0.133
2018-08-18 00:00:00+00:00,-0.6934,0.1479
2018-08-19 00:00:00+00:00,-1.2134,0.1591
2018-08-20 00:00:00+00:00,-1.4235,0.1644
2018-08-21 00:00:00+00:00,-1.2641,0.1612
2018-08-22 00:00:00+00:00,-0.7005,0.1594
2018-08-23 00:00:00+00:00,-1.073,0.1661
2018-08-24 00:00:00+00:00,-0.5274,0.1246
2018-08-25 00:00:00+00:00,-0.3792,0.1289
2018-08-26 00:00:00+00:00,-0.287,0.1517
2018-08-27 00:00:00+00:00,-0.9557,0.1564
2018-08-28 00:00:00+00:00,-0.3293,0.1377
2018-08-29 00:00:00+00:00,-0.395,0.1278
2018-08-30 00:00:00+00:00,-0.8799,0.138
2018-08-31 00:00:00+00:00,-0.3189,0.1088
2018-09-01 00:00:00+00:00,-0.5874,0.0829
2018-09-02 00:00:00+00:00,-0.5601,0.0983
2018-09-03 00:00:00+00:00,-0.5498,0.0947
2018-09-04 00:00:00+00:00,-0.7773,0.089
2018-09-05 00:00:00+00:00,-0.7491,0.1159
2018-09-06 00:00:00+00:00,-1.4514,0.1545
2018-09-07 00:00:00+00:00,-0.9655,0.1109
2018-09-08 00:00:00+00:00,-2.7552,0.0961
2018-09-09 00:00:00+00:00,-0.9003,0.088
2018-09-10 00:00:00+00:00,-0.6707,0.1252
2018-09-11 00:00:00+00:00,-0.8616,0.0948
2018-09-12 00:00:00+00:00,-0.9933,0.0958
2018-09-13 00:00:00+00:00,-0.5819,0.1
2018-09-14 00:00:00+00:00,-1.1975,0.1175
2018-09-15 00:00:00+00:00,-0.6328,0.0656
2018-09-16 00:00:00+00:00,-0.891,0.0815
2018-09-17 00:00:00+00:00,-0.5243,0.0783
2018-09-18 00:00:00+00:00,-0.8781,0.081
2018-09-19 00:00:00+00:00,-1.5665,0.1216
2018-09-20 00:00:00+00:00,-2.4986,0.1816
2018-09-21 00:00:00+00:00,-1.4601,0.1167
2018-09-22 00:00:00+00:00,-0.5103,0.0742
2018-09-23 00:00:00+00:00,-0.8679,0.0873
2018-09-24 00:00:00+00:00,-0.4109,0.1
2018-09-25 00:00:00+00:00,-0.2528,0.1071
2018-09-26 00:00:00+00:00,-0.3443,0.1354
2018-09-27 00:00:00+00:00,-0.5412,0.1151
2018-09-28 00:00:00+00:00,-0.5329,0.0884
2018-09-29 00:00:00+00:00,-0.3569,0.0733
2018-09-30 00:00:00+00:00,-0.1235,0.0821
2018-10-01 00:00:00+00:00,-0.3845,0.0811
2018-10-02 00:00:00+00:00,-0.5312,0.0862
2018-10-03 00:00:00+00:00,-1.4071,0.1058
2018-10-04 00:00:00+00:00,-1.0251,0.1126
2018-10-05 00:00:00+00:00,-0.8794,0.0906
2018-10-06 00:00:00+00:00,-0.808,0.0763
2018-10-07 00:00:00+00:00,-0.5315,0.084
2018-10-08 00:00:00+00:00,-0.4704,0.0962
2018-10-09 00:00:00+00:00,-0.6384,0.1093
2018-10-10 00:00:00+00:00,-0.7048,0.0988
2018-10-11 00:00:00+00:00,-1.3299,0.0987
2018-10-12 00:00:00+00:00,-1.0634,0.0878
2018-10-13 00:00:00+00:00,-0.6797,0.0711
2018-10-14 00:00:00+00:00,-0.922,0.0898
2018-10-15 00:00:00+00:00,-0.515,0.1099
2018-10-16 00:00:00+00:00,-0.424,0.0971
2018-10-17 00:00:00+00:00,-0.1023,0.0963
2018-10-18 00:00:00+00:00,-0.5543,0.1116
2018-10-19 00:00:00+00:00,-1.7699,0.1168
2018-10-20 00:00:00+00:00,-0.9419,0.0935
2018-10-21 00:00:00+00:00,-0.6762,0.0886
2018-10-22 00:00:00+00:00,-0.2895,0.0954
2018-10-23 00:00:00+00:00,-0.5713,0.1218
2018-10-24 00:00:00+00:00,-0.1766,0.1024
2018-10-25 00:00:00+00:00,-0.7962,0.0975
2018-10-26 00:00:00+00:00,-0.5261,0.0876
2018-10-27 00:00:00+00:00,-0.5115,0.0668
2018-10-28 00:00:00+00:00,0.565,0.1145
2018-10-29 00:00:00+00:00,-0.0135,0.1046
2018-10-30 00:00:00+00:00,-1.0484,0.1372
2018-10-31 00:00:00+00:00,-0.3386,0.1328
2018-11-01 00:00:00+00:00,-0.4703,0.117
2018-11-02 00:00:00+00:00,-0.561,0.1066
2018-11-03 00:00:00+00:00,-0.7494,0.1003
2018-11-04 00:00:00+00:00,-0.2079,0.1062
2018-11-05 00:00:00+00:00,-0.1754,0.0938
2018-11-06 00:00:00+00:00,-0.7049,0.1243
2018-11-07 00:00:00+00:00,-0.3657,0.0876
2018-11-08 00:00:00+00:00,-0.3291,0.0903
2018-11-09 00:00:00+00:00,-1.8864,0.1054
2018-11-10 00:00:00+00:00,-0.9705,0.0769
2018-11-11 00:00:00+00:00,-0.8162,0.091
2018-11-12 00:00:00+00:00,-0.5896,0.0843
2018-11-13 00:00:00+00:00,-0.4635,0.0857
2018-11-14 00:00:00+00:00,-0.9224,0.108
2018-11-15 00:00:00+00:00,-1.3688,0.1603
2018-11-16 00:00:00+00:00,-1.5907,0.1402
2018-11-17 00:00:00+00:00,-0.9899,0.0883
2018-11-18 00:00:00+00:00,-0.8251,0.0995
2018-11-19 00:00:00+00:00,-1.9091,0.2094
2018-11-20 00:00:00+00:00,-2.019,0.2339
2018-11-21 00:00:00+00:00,-1.7857,0.1628
2018-11-22 00:00:00+00:00,-1.8857,0.1276
2018-11-23 00:00:00+00:00,-1.5549,0.136
2018-11-24 00:00:00+00:00,-1.2041,0.1199
2018-11-25 00:00:00+00:00,-1.5534,0.1923
2018-11-26 00:00:00+00:00,-1.4853,0.2348
2018-11-27 00:00:00+00:00,-1.2471,0.1893
2018-11-28 00:00:00+00:00,-2.2748,0.201
2018-11-29 00:00:00+00:00,-1.5919,0.1439
2018-11-30 00:00:00+00:00,-0.8986,0.1568
2018-12-01 00:00:00+00:00,-0.484,0.1224
2018-12-02 00:00:00+00:00,-0.3606,0.1318
2018-12-03 00:00:00+00:00,-0.4883,0.1296
2018-12-04 00:00:00+00:00,-0.8739,0.1138
2018-12-05 00:00:00+00:00,-0.8546,0.1108
2018-12-06 00:00:00+00:00,-0.6688,0.1207
2018-12-07 00:00:00+00:00,-1.1899,0.1602
2018-12-08 00:00:00+00:00,-0.5544,0.1029
2018-12-09 00:00:00+00:00,-0.1723,0.123
2018-12-10 00:00:00+00:00,-0.2586,0.1088
2018-12-11 00:00:00+00:00,-0.2484,0.1053
2018-12-12 00:00:00+00:00,-0.4213,0.1412
2018-12-13 00:00:00+00:00,-3.1431,0.2477
2018-12-14 00:00:00+00:00,-4.2842,0.3968
2018-12-15 00:00:00+00:00,-1.8563,0.1485
2018-12-16 00:00:00+00:00,-0.2978,0.1336
2018-12-17 00:00:00+00:00,-0.8236,0.1257
2018-12-18 00:00:00+00:00,-0.3342,0.1267
2018-12-19 00:00:00+00:00,-0.694,0.1402
2018-12-20 00:00:00+00:00,-0.4487,0.1184
2018-12-21 00:00:00+00:00,-0.914,0.1494
2018-12-22 00:00:00+00:00,-1.8928,0.1492
2018-12-23 00:00:00+00:00,-0.2083,0.1499
2018-12-24 00:00:00+00:00,-0.1769,0.1437
2018-12-25 00:00:00+00:00,-0.7332,0.1415
2018-12-26 00:00:00+00:00,-0.6032,0.1234
2018-12-27 00:00:00+00:00,-0.8471,0.1343
2018-12-28 00:00:00+00:00,-0.9651,0.138
2018-12-29 00:00:00+00:00,-0.5869,0.1205
2018-12-30 00:00:00+00:00,-0.3805,0.15
2018-12-31 00:00:00+00:00,-0.3205,0.1561
2019-01-01 00:00:00+00:00,-0.3931,0.1457
2020-01-01 00:00:00+00:00,-0.2182,0.0711
2020-01-02 00:00:00+00:00,-0.7489,0.0681
2020-01-03 00:00:00+00:00,-0.7519,0.0726
2020-01-04 00:00:00+00:00,-0.1133,0.0448
2020-01-05 00:00:00+00:00,-0.4172,0.0493
2020-01-06 00:00:00+00:00,-0.7689,0.1208
2020-01-07 00:00:00+00:00,-0.7731,0.0842
2020-01-08 00:00:00+00:00,-0.7983,0.0949
2020-01-09 00:00:00+00:00,-1.8063,0.0905
2020-01-10 00:00:00+00:00,-1.8953,0.0756
2020-01-11 00:00:00+00:00,-0.4439,0.0456
2020-01-12 00:00:00+00:00,-1.3544,0.071
2020-01-13 00:00:00+00:00,-0.4903,0.0956
2020-01-14 00:00:00+00:00,-0.1956,0.1067
2020-01-15 00:00:00+00:00,-0.4197,0.084
2020-01-16 00:00:00+00:00,-0.8431,0.0752
2020-01-17 00:00:00+00:00,-0.5364,0.0621
2020-01-18 00:00:00+00:00,-0.4932,0.0434
2020-01-19 00:00:00+00:00,-0.6505,0.0527
2020-01-20 00:00:00+00:00,-0.8135,0.0783
2020-01-21 00:00:00+00:00,-0.3857,0.076
2020-01-22 00:00:00+00:00,-0.0549,0.0622
2020-01-23 00:00:00+00:00,-1.2608,0.0741
2020-01-24 00:00:00+00:00,-2.0508,0.0605
2020-01-25 00:00:00+00:00,-1.2785,0.0393
2020-01-26 00:00:00+00:00,-0.3624,0.0494
2020-01-27 00:00:00+00:00,-0.7564,0.0612
2020-01-28 00:00:00+00:00,-0.7872,0.1048
2020-01-29 00:00:00+00:00,-0.3373,0.0806
2020-01-30 00:00:00+00:00,-0.2136,0.0538
2020-01-31 00:00:00+00:00,-1.1623,0.0563
2020-02-01 00:00:00+00:00,-0.9404,0.0533
2020-02-02 00:00:00+00:00,-0.6892,0.0497
2020-02-03 00:00:00+00:00,-0.7433,0.0688
2020-02-04 00:00:00+00:00,-0.3382,0.0614
2020-02-05 00:00:00+00:00,-0.3124,0.0781
2020-02-06 00:00:00+00:00,-0.926,0.0893
2020-02-07 00:00:00+00:00,0.0862,0.0726
2020-02-08 00:00:00+00:00,-0.4256,0.065
2020-02-09 00:00:00+00:00,-0.2831,0.0818
2020-02-10 00:00:00+00:00,-0.7905,0.0848
2020-02-11 00:00:00+00:00,-0.8452,0.0685
2020-02-12 00:00:00+00:00,-0.8649,0.0865
2020-02-13 00:00:00+00:00,-1.5585,0.0844
2020-02-14 00:00:00+00:00,-1.4582,0.0825
2020-02-15 00:00:00+00:00,-0.4233,0.0602
2020-02-16 00:00:00+00:00,-0.6545,0.0521
2020-02-17 00:00:00+00:00,-0.9625,0.0666
2020-02-18 00:00:00+00:00,-0.5665,0.0587
2020-02-19 00:00:00+00:00,-0.0793,0.08
2020-02-20 00:00:00+00:00,-0.7344,0.064
2020-02-21 00:00:00+00:00,-0.8516,0.0657
2020-02-22 00:00:00+00:00,-1.5263,0.0494
2020-02-23 00:00:00+00:00,-1.3179,0.0627
2020-02-24 00:00:00+00:00,-0.787,0.07
2020-02-25 00:00:00+00:00,-1.1584,0.0835
2020-02-26 00:00:00+00:00,-1.1012,0.0685
2020-02-27 00:00:00+00:00,-1.1666,0.0825
2020-02-28 00:00:00+00:00,-1.2527,0.0598
2020-02-29 00:00:00+00:00,-0.7413,0.0485
2020-03-01 00:00:00+00:00,-0.8826,0.0584
2020-03-02 00:00:00+00:00,-1.1564,0.0718
2020-03-03 00:00:00+00:00,-1.5704,0.0735
2020-03-04 00:00:00+00:00,-0.7187,0.0708
2020-03-05 00:00:00+00:00,-0.8583,0.0652
2020-03-06 00:00:00+00:00,-0.568,0.0592
2020-03-07 00:00:00+00:00,-0.6784,0.0452
2020-03-08 00:00:00+00:00,-0.7443,0.0406
2020-03-09 00:00:00+00:00,-1.6961,0.0789
2020-03-10 00:00:00+00:00,-0.9112,0.0661
2020-03-11 00:00:00+00:00,-1.7203,0.0503
2020-03-12 00:00:00+00:00,-1.662,0.1233
2020-03-13 00:00:00+00:00,-2.4329,0.1145
2020-03-14 00:00:00+00:00,-1.7572,0.0622
2020-03-15 00:00:00+00:00,-1.7051,0.0445
2020-03-16 00:00:00+00:00,-4.4213,0.0965
2020-03-17 00:00:00+00:00,-1.5456,0.0577
2020-03-18 00:00:00+00:00,-1.1849,0.0632
2020-03-19 00:00:00+00:00,-2.3863,0.0698
2020-03-20 00:00:00+00:00,-1.9993,0.0739
2020-03-21 00:00:00+00:00,-1.1301,0.055
2020-03-22 00:00:00+00:00,-1.128,0.0599
2020-03-23 00:00:00+00:00,-1.0715,0.0531
2020-03-24 00:00:00+00:00,-1.3876,0.0671
2020-03-25 00:00:00+00:00,-3.0845,0.083
2020-03-26 00:00:00+00:00,-1.7137,0.0652
2020-03-27 00:00:00+00:00,-1.2208,0.0467
2020-03-28 00:00:00+00:00,-2.2298,0.0417
2020-03-29 00:00:00+00:00,-1.7229,0.0411
2020-03-30 00:00:00+00:00,-1.4724,0.0516
2020-03-31 00:00:00+00:00,-0.2082,0.058
2020-04-01 00:00:00+00:00,-1.1533,0.0564
2020-04-02 00:00:00+00:00,-0.6012,0.0469
2020-04-03 00:00:00+00:00,-0.4501,0.0431
2020-04-04 00:00:00+00:00,-1.2297,0.0343
2020-04-05 00:00:00+00:00,-0.8949,0.0509
2020-04-06 00:00:00+00:00,-0.4206,0.0562
2020-04-07 00:00:00+00:00,-0.6198,0.0597
2020-04-08 00:00:00+00:00,-0.5048,0.0364
2020-04-09 00:00:00+00:00,-0.3536,0.0476
2020-04-10 00:00:00+00:00,-0.923,0.0443
2020-04-11 00:00:00+00:00,-0.9893,0.0486
2020-04-12 00:00:00+00:00,0.0454,0.043
2020-04-13 00:00:00+00:00,-0.9664,0.0608
2020-04-14 00:00:00+00:00,-1.4038,0.0649
2020-04-15 00:00:00+00:00,-0.9999,0.0404
2020-04-16 00:00:00+00:00,-0.6575,0.0603
2020-04-17 00:00:00+00:00,-0.2888,0.0555
2020-04-18 00:00:00+00:00,-1.0513,0.0352
2020-04-19 00:00:00+00:00,-1.664,0.0707
2020-04-20 00:00:00+00:00,-0.432,0.066
2020-04-21 00:00:00+00:00,-0.5496,0.0567
2020-04-22 00:00:00+00:00,-0.7773,0.0482
2020-04-23 00:00:00+00:00,-1.9352,0.0492
2020-04-24 00:00:00+00:00,-1.0718,0.0532
2020-04-25 00:00:00+00:00,-1.0693,0.0353
2020-04-26 00:00:00+00:00,-1.6685,0.0375
2020-04-27 00:00:00+00:00,-0.0356,0.0782
2020-04-28 00:00:00+00:00,-0.7333,0.0507
2020-04-29 00:00:00+00:00,-0.4864,0.0596
2020-04-30 00:00:00+00:00,-0.4434,0.0649
2020-05-01 00:00:00+00:00,-0.4928,0.0564
2020-05-02 00:00:00+00:00,-0.0344,0.0538
2020-05-03 00:00:00+00:00,-0.6633,0.0402
2020-05-04 00:00:00+00:00,-1.0914,0.0469
2020-05-05 00:00:00+00:00,0.2658,0.0501
2020-05-06 00:00:00+00:00,-0.3419,0.0581
2020-05-07 00:00:00+00:00,-0.2567,0.0619
2020-05-08 00:00:00+00:00,-0.1486,0.1216
2020-05-09 00:00:00+00:00,0.5571,0.0698
2020-05-10 00:00:00+00:00,-1.3266,0.0643
2020-05-11 00:00:00+00:00,-1.015,0.108
2020-05-12 00:00:00+00:00,-0.7988,0.0972
2020-05-13 00:00:00+00:00,-0.4229,0.0733
2020-05-14 00:00:00+00:00,-0.5785,0.0609
2020-05-15 00:00:00+00:00,-1.2659,0.0574
2020-05-16 00:00:00+00:00,-1.1899,0.0587
2020-05-17 00:00:00+00:00,-0.7242,0.0466
2020-05-18 00:00:00+00:00,-0.1437,0.0682
2020-05-19 00:00:00+00:00,-0.8184,0.0704
2020-05-20 00:00:00+00:00,-0.9851,0.0603
2020-05-21 00:00:00+00:00,-0.5543,0.06
2020-05-22 00:00:00+00:00,-0.6031,0.0553
2020-05-23 00:00:00+00:00,-0.1654,0.0552
2020-05-24 00:00:00+00:00,0.652,0.0473
2020-05-25 00:00:00+00:00,-0.6109,0.0602
2020-05-26 00:00:00+00:00,-0.1929,0.064
2020-05-27 00:00:00+00:00,-1.1625,0.0645
2020-05-28 00:00:00+00:00,-1.0515,0.0718
2020-05-29 00:00:00+00:00,-0.7033,0.0717
2020-05-30 00:00:00+00:00,-0.8025,0.0374
2020-05-31 00:00:00+00:00,-0.6888,0.0377
2020-06-01 00:00:00+00:00,-0.4926,0.0641
2020-06-02 00:00:00+00:00,-0.7505,0.0718
2020-06-03 00:00:00+00:00,-0.661,0.0637
2020-06-04 00:00:00+00:00,-0.9152,0.0609
2020-06-05 00:00:00+00:00,-0.4898,0.0506
2020-06-06 00:00:00+00:00,-0.5585,0.0463
2020-06-07 00:00:00+00:00,-1.2702,0.0507
2020-06-08 00:00:00+00:00,-0.5651,0.0435
2020-06-09 00:00:00+00:00,-0.4566,0.0596
2020-06-10 00:00:00+00:00,-0.4796,0.0735
2020-06-11 00:00:00+00:00,-0.1756,0.0679
2020-06-12 00:00:00+00:00,-1.477,0.0807
2020-06-13 00:00:00+00:00,-1.018,0.0584
2020-06-14 00:00:00+00:00,-0.48,0.0732
2020-06-15 00:00:00+00:00,-0.4973,0.0721
2020-06-16 00:00:00+00:00,-0.3826,0.0568
2020-06-17 00:00:00+00:00,-0.2704,0.0579
2020-06-18 00:00:00+00:00,0.008,0.0588
2020-06-19 00:00:00+00:00,-0.7447,0.0491
2020-06-20 00:00:00+00:00,-0.4597,0.038
2020-06-21 00:00:00+00:00,-0.428,0.0565
2020-06-22 00:00:00+00:00,-1.7095,0.0686
2020-06-23 00:00:00+00:00,-0.526,0.0603
2020-06-24 00:00:00+00:00,-0.8914,0.0559
2020-06-25 00:00:00+00:00,-1.2714,0.0868
2020-06-26 00:00:00+00:00,-2.0738,0.0871
2020-06-27 00:00:00+00:00,-0.452,0.0594
2020-06-28 00:00:00+00:00,-0.0671,0.0623
2020-06-29 00:00:00+00:00,-0.6222,0.0556
2020-06-30 00:00:00+00:00,-0.284,0.0687
2020-07-01 00:00:00+00:00,-0.3821,0.0557
2020-07-02 00:00:00+00:00,-0.8789,0.0645
2020-07-03 00:00:00+00:00,-1.2429,0.0552
2020-07-04 00:00:00+00:00,-0.9527,0.0397
2020-07-05 00:00:00+00:00,-0.1434,0.0483
2020-07-06 00:00:00+00:00,-1.9342,0.0716
2020-07-07 00:00:00+00:00,-0.3335,0.0805
2020-07-08 00:00:00+00:00,-1.2226,0.0573
2020-07-09 00:00:00+00:00,-0.9487,0.0519
2020-07-10 00:00:00+00:00,-0.5339,0.061
2020-07-11 00:00:00+00:00,-0.0422,0.057
2020-07-12 00:00:00+00:00,-1.1711,0.0492
2020-07-13 00:00:00+00:00,-1.0686,0.0548
2020-07-14 00:00:00+00:00,-0.2452,0.0504
2020-07-15 00:00:00+00:00,-2.136,0.1574
2020-07-16 00:00:00+00:00,-3.1568,0.825
2020-07-17 00:00:00+00:00,-3.2368,0.2641
2020-07-18 00:00:00+00:00,-3.8012,0.3057
2020-07-19 00:00:00+00:00,-3.407,0.1134
2020-07-20 00:00:00+00:00,-2.2366,0.1376
2020-07-21 00:00:00+00:00,-1.2496,0.0716
2020-07-22 00:00:00+00:00,-2.1873,0.0786
2020-07-23 00:00:00+00:00,-2.5527,0.179
2020-07-24 00:00:00+00:00,-1.7502,0.0732
2020-07-25 00:00:00+00:00,-0.8369,0.0987
2020-07-26 00:00:00+00:00,-0.6747,0.0869
2020-07-27 00:00:00+00:00,-0.4269,0.0917
2020-07-28 00:00:00+00:00,0.2367,0.0922
2020-07-29 00:00:00+00:00,-1.5163,0.0766
2020-07-30 00:00:00+00:00,-0.6094,0.062
2020-07-31 00:00:00+00:00,-5.1116,0.3281
2020-08-01 00:00:00+00:00,-5.3445,0.316
2020-08-02 00:00:00+00:00,-2.727,0.1468
2020-08-03 00:00:00+00:00,-2.224,0.0769
2020-08-04 00:00:00+00:00,-1.9388,0.1092
2020-08-05 00:00:00+00:00,-4.0309,0.1545
2020-08-06 00:00:00+00:00,-2.9443,0.1026
2020-08-07 00:00:00+00:00,0.0101,0.0556
2020-08-08 00:00:00+00:00,-0.2514,0.0505
2020-08-09 00:00:00+00:00,-0.1202,0.0457
2020-08-10 00:00:00+00:00,-0.2979,0.0512
2020-08-11 00:00:00+00:00,-1.8395,0.0629
2020-08-12 00:00:00+00:00,-1.781,0.0697
2020-08-13 00:00:00+00:00,-1.9292,0.0968
2020-08-14 00:00:00+00:00,-1.5309,0.0734
2020-08-15 00:00:00+00:00,-0.7457,0.0573
2020-08-16 00:00:00+00:00,-0.1908,0.049
2020-08-17 00:00:00+00:00,0.2654,0.0764
2020-08-18 00:00:00+00:00,0.0985,0.078
2020-08-19 00:00:00+00:00,-0.1135,0.0637
2020-08-20 00:00:00+00:00,-2.1249,0.0812
2020-08-21 00:00:00+00:00,-2.2884,0.0748
2020-08-22 00:00:00+00:00,-0.6714,0.0307
2020-08-23 00:00:00+00:00,-0.6156,0.0378
2020-08-24 00:00:00+00:00,-0.6443,0.0532
2020-08-25 00:00:00+00:00,-0.6121,0.0421
2020-08-26 00:00:00+00:00,-0.4401,0.0697
2020-08-27 00:00:00+00:00,-0.0527,0.0592
2020-08-28 00:00:00+00:00,-2.6914,0.0925
2020-08-29 00:00:00+00:00,-1.8403,0.0573
2020-08-30 00:00:00+00:00,-0.3273,0.0399
2020-08-31 00:00:00+00:00,0.1993,0.0577
2020-09-01 00:00:00+00:00,-0.2488,0.057
2020-09-02 00:00:00+00:00,-1.1553,0.057
2020-09-03 00:00:00+00:00,-1.2944,0.0823
2020-09-04 00:00:00+00:00,-0.7105,0.0426
2020-09-05 00:00:00+00:00,-1.9496,0.0635
2020-09-06 00:00:00+00:00,-2.164,0.0657
2020-09-07 00:00:00+00:00,-1.0461,0.057
2020-09-08 00:00:00+00:00,-0.3957,0.0573
2020-09-09 00:00:00+00:00,-0.3373,0.0543
2020-09-10 00:00:00+00:00,-0.1719,0.0656
2020-09-11 00:00:00+00:00,-0.2794,0.0443
2020-09-12 00:00:00+00:00,0.0999,0.0314
2020-09-13 00:00:00+00:00,0.569,0.0343
2020-09-14 00:00:00+00:00,0.7863,0.0715
2020-09-15 00:00:00+00:00,0.311,0.0595
2020-09-16 00:00:00+00:00,-1.0115,0.0506
2020-09-17 00:00:00+00:00,-0.1079,0.0516
2020-09-18 00:00:00+00:00,-0.5513,0.0679
2020-09-19 00:00:00+00:00,-0.4332,0.0316
2020-09-20 00:00:00+00:00,-0.6792,0.0407
2020-09-21 00:00:00+00:00,0.4133,0.0521
2020-09-22 00:00:00+00:00,-3.989,0.0898
2020-09-23 00:00:00+00:00,-0.5281,0.0439
2020-09-24 00:00:00+00:00,-0.1688,0.07
2020-09-25 00:00:00+00:00,-0.029,0.0702
2020-09-26 00:00:00+00:00,-1.1331,0.0495
2020-09-27 00:00:00+00:00,-0.6603,0.0397
2020-09-28 00:00:00+00:00,0.0293,0.0883
2020-09-29 00:00:00+00:00,-1.2245,0.065
2020-09-30 00:00:00+00:00,0.3249,0.0554
2020-10-01 00:00:00+00:00,-0.1988,0.0501
2020-10-02 00:00:00+00:00,-0.5959,0.0552
2020-10-03 00:00:00+00:00,-0.6007,0.0332
2020-10-04 00:00:00+00:00,-1.0999,0.0357
2020-10-05 00:00:00+00:00,-0.0506,0.0415
2020-10-06 00:00:00+00:00,-1.2613,0.0718
2020-10-07 00:00:00+00:00,-1.1067,0.0438
2020-10-08 00:00:00+00:00,-0.6742,0.0487
2020-10-09 00:00:00+00:00,-0.6586,0.0443
2020-10-10 00:00:00+00:00,-0.5229,0.0462
2020-10-11 00:00:00+00:00,-0.4811,0.0466
2020-10-12 00:00:00+00:00,-2.6849,0.086
2020-10-13 00:00:00+00:00,-0.3605,0.0692
2020-10-14 00:00:00+00:00,-0.5191,0.0681
2020-10-15 00:00:00+00:00,-1.3743,0.0499
2020-10-16 00:00:00+00:00,-2.0833,0.0724
2020-10-17 00:00:00+00:00,-1.7324,0.034
2020-10-18 00:00:00+00:00,-0.7673,0.0399
2020-10-19 00:00:00+00:00,-1.0433,0.0746
2020-10-21 00:00:00+00:00,0.1827,0.1109
2020-10-22 00:00:00+00:00,0.1399,0.1354
2020-10-23 00:00:00+00:00,-2.7478,0.1007
2020-10-24 00:00:00+00:00,-1.1474,0.0417
2020-10-25 00:00:00+00:00,-3.3508,0.1134
2020-10-26 00:00:00+00:00,-0.8102,0.0682
2020-10-27 00:00:00+00:00,-1.2649,0.0657
2020-10-28 00:00:00+00:00,0.0175,0.1209
2020-10-29 00:00:00+00:00,0.3185,0.0645
2020-10-30 00:00:00+00:00,-0.3207,0.0548
2020-10-31 00:00:00+00:00,0.6487,0.0589
2020-11-01 00:00:00+00:00,-0.7063,0.0422
2020-11-02 00:00:00+00:00,0.807,0.125
2020-11-03 00:00:00+00:00,-0.1945,0.0437
2020-11-04 00:00:00+00:00,0.0127,0.0722
2020-11-05 00:00:00+00:00,-0.8311,0.0831
2020-11-06 00:00:00+00:00,-1.4146,0.205
2020-11-07 00:00:00+00:00,-2.4691,0.1458
2020-11-08 00:00:00+00:00,0.9628,0.124
2020-11-09 00:00:00+00:00,-0.7305,0.0926
2020-11-10 00:00:00+00:00,-0.6057,0.0599
2020-11-11 00:00:00+00:00,-0.6399,0.0543
2020-11-12 00:00:00+00:00,-0.4511,0.0599
2020-11-13 00:00:00+00:00,0.4764,0.1115
2020-11-14 00:00:00+00:00,3.5567,0.0288
2020-11-15 00:00:00+00:00,-0.7996,0.0388
2020-11-16 00:00:00+00:00,-0.5784,0.0544
2020-11-17 00:00:00+00:00,-0.626,0.0777
2020-11-18 00:00:00+00:00,-0.428,0.1955
2020-11-19 00:00:00+00:00,-0.8016,0.1236
2020-11-20 00:00:00+00:00,0.3684,0.1238
2020-11-21 00:00:00+00:00,-0.5115,0.0931
2020-11-22 00:00:00+00:00,0.2485,0.085
2020-11-23 00:00:00+00:00,0.0672,0.1119
2020-11-24 00:00:00+00:00,-0.2367,0.176
2020-11-25 00:00:00+00:00,0.2759,0.1415
2020-11-26 00:00:00+00:00,-1.1993,0.1575
2020-11-27 00:00:00+00:00,-1.3652,0.1508
2020-11-28 00:00:00+00:00,-0.7098,0.0844
2020-11-29 00:00:00+00:00,-0.1399,0.0797
2020-11-30 00:00:00+00:00,0.0325,0.1792
2020-12-01 00:00:00+00:00,-0.6563,0.2042
2020-12-02 00:00:00+00:00,0.3112,0.1097
2020-12-03 00:00:00+00:00,-0.4239,0.1083
2020-12-04 00:00:00+00:00,-0.0286,0.0821
2020-12-05 00:00:00+00:00,-0.3482,0.0742
2020-12-06 00:00:00+00:00,-0.7974,0.078
2020-12-07 00:00:00+00:00,-1.1657,0.1166
2020-12-08 00:00:00+00:00,-0.7509,0.083
2020-12-09 00:00:00+00:00,-0.4422,0.0926
2020-12-10 00:00:00+00:00,0.0257,0.0847
2020-12-11 00:00:00+00:00,-1.3933,0.1011
2020-12-12 00:00:00+00:00,-0.4147,0.0672
2020-12-13 00:00:00+00:00,0.0118,0.0787
2020-12-14 00:00:00+00:00,-0.4497,0.0811
2020-12-15 00:00:00+00:00,-0.9519,0.1022
2020-12-16 00:00:00+00:00,-0.0007,0.212
2020-12-17 00:00:00+00:00,0.0398,0.3788
2020-12-18 00:00:00+00:00,-0.0587,0.2053
2020-12-19 00:00:00+00:00,-0.6218,0.1036
2020-12-20 00:00:00+00:00,-0.5965,0.1176
2020-12-21 00:00:00+00:00,-0.0726,0.2002
2020-12-22 00:00:00+00:00,-0.8291,0.12
2020-12-23 00:00:00+00:00,-0.5467,0.1105
2020-12-24 00:00:00+00:00,-0.6154,0.1042
2020-12-25 00:00:00+00:00,-0.3585,0.0863
2020-12-26 00:00:00+00:00,0.0321,0.1578
2020-12-27 00:00:00+00:00,-0.272,0.2761
2020-12-28 00:00:00+00:00,-0.9368,0.2353
2020-12-29 00:00:00+00:00,-0.515,0.1811
2020-12-30 00:00:00+00:00,-0.2731,0.2029
2020-12-31 00:00:00+00:00,-0.2539,0.2044
2021-01-01 00:00:00+00:00,-0.6163,0.1398
2021-01-02 00:00:00+00:00,-0.3916,0.3302
2021-01-03 00:00:00+00:00,0.0164,0.3521
2021-01-04 00:00:00+00:00,-0.0747,0.3579
2021-01-05 00:00:00+00:00,-0.6209,0.255
2021-01-06 00:00:00+00:00,-0.2583,0.2681
2021-01-07 00:00:00+00:00,-0.2882,0.3291
2021-01-08 00:00:00+00:00,-0.5556,0.3625
2021-01-09 00:00:00+00:00,-0.3438,0.21
2021-01-10 00:00:00+00:00,-0.9789,0.21
2021-01-11 00:00:00+00:00,-1.2269,0.3337
2021-01-12 00:00:00+00:00,-1.4046,0.3196
2021-01-13 00:00:00+00:00,-1.513,0.2574
2021-01-14 00:00:00+00:00,-0.7995,0.2934
2021-01-15 00:00:00+00:00,-1.659,0.2831
2021-01-16 00:00:00+00:00,-0.7523,0.1655
2021-01-17 00:00:00+00:00,-1.8301,0.1868
2021-01-18 00:00:00+00:00,-0.7556,0.1698
2021-01-19 00:00:00+00:00,-0.2049,0.164
2021-01-20 00:00:00+00:00,-0.2964,0.1441
2021-01-21 00:00:00+00:00,-0.5774,0.1693
2021-01-22 00:00:00+00:00,-1.56,0.2119
2021-01-23 00:00:00+00:00,-1.0149,0.103
2021-01-24 00:00:00+00:00,-0.8455,0.1046
2021-01-25 00:00:00+00:00,-0.4121,0.1235
2021-01-26 00:00:00+00:00,-0.8309,0.1372
2021-01-27 00:00:00+00:00,-0.5489,0.1234
2021-01-28 00:00:00+00:00,-0.7381,0.1276
2021-01-29 00:00:00+00:00,-0.5508,0.2567
2021-01-30 00:00:00+00:00,-1.0935,0.22
2021-01-31 00:00:00+00:00,-1.257,0.1147
2021-02-01 00:00:00+00:00,-0.069,0.1894
2021-02-02 00:00:00+00:00,-0.3944,0.1678
2021-02-03 00:00:00+00:00,-0.118,0.1442
2021-02-04 00:00:00+00:00,-0.3716,0.1476
2021-02-05 00:00:00+00:00,-1.1334,0.1697
2021-02-06 00:00:00+00:00,-1.0423,0.126
2021-02-07 00:00:00+00:00,-0.7117,0.1475
2021-02-08 00:00:00+00:00,0.4657,0.588
2021-02-09 00:00:00+00:00,0.4299,0.6589
2021-02-10 00:00:00+00:00,-0.3959,0.3816
2021-02-11 00:00:00+00:00,-0.0341,0.3407
2021-02-12 00:00:00+00:00,-0.2387,0.3792
2021-02-13 00:00:00+00:00,0.0928,0.2888
2021-02-14 00:00:00+00:00,0.3617,0.291
2021-02-15 00:00:00+00:00,-0.2307,0.3485
2021-02-16 00:00:00+00:00,0.0611,0.5161
2021-02-17 00:00:00+00:00,-0.0905,0.4145
2021-02-18 00:00:00+00:00,-0.2314,0.3413
2021-02-19 00:00:00+00:00,-0.2637,0.4012
2021-02-20 00:00:00+00:00,-0.0091,0.403
2021-02-21 00:00:00+00:00,0.0719,0.3227
2021-02-22 00:00:00+00:00,-0.5616,0.4968
2021-02-23 00:00:00+00:00,-0.8279,0.5277
2021-02-24 00:00:00+00:00,-0.5999,0.3657
2021-02-25 00:00:00+00:00,-0.663,0.3393
2021-02-26 00:00:00+00:00,-1.2173,0.2469
2021-02-27 00:00:00+00:00,-1.063,0.1866
2021-02-28 00:00:00+00:00,-0.4722,0.2244
2021-03-01 00:00:00+00:00,-0.4687,0.2416
2021-03-02 00:00:00+00:00,-0.345,0.2088
2021-03-03 00:00:00+00:00,-0.0456,0.2043
2021-03-04 00:00:00+00:00,0.3852,0.2386
2021-03-05 00:00:00+00:00,-0.6641,0.2072
2021-03-06 00:00:00+00:00,-0.5891,0.1724
2021-03-07 00:00:00+00:00,-0.0779,0.1576
2021-03-08 00:00:00+00:00,0.0036,0.2137
2021-03-09 00:00:00+00:00,0.0613,0.2322
2021-03-10 00:00:00+00:00,0.0599,0.2194
2021-03-11 00:00:00+00:00,0.1933,0.1727
2021-03-12 00:00:00+00:00,-0.3543,0.168
2021-03-13 00:00:00+00:00,0.1234,0.3523
2021-03-14 00:00:00+00:00,0.0451,0.2758
2021-03-15 00:00:00+00:00,-0.6377,0.345
2021-03-16 00:00:00+00:00,-0.3697,0.2901
2021-03-17 00:00:00+00:00,-1.4822,0.2761
2021-03-18 00:00:00+00:00,-0.4178,0.2305
2021-03-19 00:00:00+00:00,-1.0686,0.2238
2021-03-20 00:00:00+00:00,-0.6483,0.1376
2021-03-21 00:00:00+00:00,-0.8557,0.1411
2021-03-22 00:00:00+00:00,-0.0443,0.1961
2021-03-23 00:00:00+00:00,0.1656,0.2006
2021-03-24 00:00:00+00:00,0.0675,0.3332
2021-03-25 00:00:00+00:00,-1.005,0.2609
2021-03-26 00:00:00+00:00,-0.4295,0.2415
2021-03-27 00:00:00+00:00,-0.5346,0.14
2021-03-28 00:00:00+00:00,-0.471,0.1364
2021-03-29 00:00:00+00:00,0.3148,0.2185
2021-03-30 00:00:00+00:00,0.4966,0.2299
2021-03-31 00:00:00+00:00,0.3598,0.2195
2021-04-01 00:00:00+00:00,-0.0615,0.205
2021-04-02 00:00:00+00:00,-0.0506,0.1813
2021-04-03 00:00:00+00:00,-0.1087,0.121
2021-04-04 00:00:00+00:00,0.1063,0.129
2021-04-05 00:00:00+00:00,-0.2948,0.1907
2021-04-06 00:00:00+00:00,0.4753,0.2367
2021-04-07 00:00:00+00:00,-0.433,0.1963
2021-04-08 00:00:00+00:00,-0.4006,0.2033
2021-04-09 00:00:00+00:00,-0.0167,0.1571
2021-04-10 00:00:00+00:00,0.1103,0.1555
2021-04-11 00:00:00+00:00,-0.1666,0.1737
2021-04-12 00:00:00+00:00,0.0823,0.1828
2021-04-13 00:00:00+00:00,0.3002,0.3322
2021-04-14 00:00:00+00:00,0.2982,0.491
2021-04-15 00:00:00+00:00,0.2645,0.4194
2021-04-16 00:00:00+00:00,-0.4698,0.2531
2021-04-17 00:00:00+00:00,-0.0832,0.1955
2021-04-18 00:00:00+00:00,-1.0444,0.3666
2021-04-19 00:00:00+00:00,-0.423,0.4297
2021-04-20 00:00:00+00:00,0.0993,0.36
2021-04-21 00:00:00+00:00,0.042,0.2004
2021-04-22 00:00:00+00:00,-0.4763,0.1997
2021-04-23 00:00:00+00:00,-1.74,0.3756
2021-04-24 00:00:00+00:00,-1.2325,0.2605
2021-04-25 00:00:00+00:00,-1.1211,0.2395
2021-04-26 00:00:00+00:00,-0.6579,0.3373
2021-04-27 00:00:00+00:00,-0.0864,0.3881
2021-04-28 00:00:00+00:00,-0.307,0.2543
2021-04-29 00:00:00+00:00,-0.0927,0.1958
2021-04-30 00:00:00+00:00,-0.3113,0.2019
2021-05-01 00:00:00+00:00,-0.2414,0.1817
2021-05-02 00:00:00+00:00,-0.64,0.2404
2021-05-03 00:00:00+00:00,-0.0518,0.2258
2021-05-04 00:00:00+00:00,0.2868,0.2512
2021-05-05 00:00:00+00:00,0.2415,0.219
2021-05-06 00:00:00+00:00,0.2391,0.2004
2021-05-07 00:00:00+00:00,-0.0543,0.2296
2021-05-08 00:00:00+00:00,-0.1946,0.2364
2021-05-09 00:00:00+00:00,-1.2205,0.3107
2021-05-10 00:00:00+00:00,-0.1131,0.3041
2021-05-11 00:00:00+00:00,-0.3797,0.2392
2021-05-12 00:00:00+00:00,-0.1617,0.2532
2021-05-13 00:00:00+00:00,-0.9836,0.8316
2021-05-14 00:00:00+00:00,-1.1265,0.4993
2021-05-15 00:00:00+00:00,-1.5097,0.3629
2021-05-16 00:00:00+00:00,-1.3812,0.2999
2021-05-17 00:00:00+00:00,-1.261,0.4992
2021-05-18 00:00:00+00:00,-0.9543,0.3697
2021-05-19 00:00:00+00:00,-2.2012,0.7918
2021-05-20 00:00:00+00:00,-1.6926,0.737
2021-05-21 00:00:00+00:00,-1.3491,0.5192
2021-05-22 00:00:00+00:00,-1.3503,0.3931
2021-05-23 00:00:00+00:00,-1.5693,0.4294
2021-05-24 00:00:00+00:00,-1.5252,0.6449
2021-05-25 00:00:00+00:00,-0.7234,0.4054
2021-05-26 00:00:00+00:00,-1.2251,0.3681
2021-05-27 00:00:00+00:00,-1.0679,0.2653
2021-05-28 00:00:00+00:00,-1.2004,0.3039
2021-05-29 00:00:00+00:00,-1.5622,0.2653
2021-05-30 00:00:00+00:00,-0.9096,0.2561
2021-05-31 00:00:00+00:00,-1.1034,0.2598
2021-06-01 00:00:00+00:00,-0.1503,0.235
2021-06-02 00:00:00+00:00,-0.4065,0.2405
2021-06-03 00:00:00+00:00,-0.6084,0.2588
2021-06-04 00:00:00+00:00,-1.0295,0.3538
2021-06-05 00:00:00+00:00,-0.9653,0.263
2021-06-06 00:00:00+00:00,-0.8933,0.5826
2021-06-07 00:00:00+00:00,-1.872,0.4367
2021-06-08 00:00:00+00:00,-2.7433,0.5608
2021-06-09 00:00:00+00:00,-0.6914,0.5376
2021-06-10 00:00:00+00:00,-2.0915,0.5752
2021-06-11 00:00:00+00:00,-1.3955,0.3384
2021-06-12 00:00:00+00:00,-1.4118,0.2535
2021-06-13 00:00:00+00:00,-0.6929,0.2245
2021-06-14 00:00:00+00:00,-0.3241,0.4591
2021-06-15 00:00:00+00:00,-0.1613,0.2778
2021-06-16 00:00:00+00:00,-0.6671,0.2235
2021-06-17 00:00:00+00:00,-0.474,0.2155
2021-06-18 00:00:00+00:00,-0.7864,0.2105
2021-06-19 00:00:00+00:00,-2.6958,0.2991
2021-06-20 00:00:00+00:00,-1.4787,0.1874
2021-06-21 00:00:00+00:00,-1.7321,0.4016
2021-06-22 00:00:00+00:00,-1.3458,0.4647
2021-06-23 00:00:00+00:00,-1.2973,0.3749
2021-06-24 00:00:00+00:00,-1.0658,0.2938
2021-06-25 00:00:00+00:00,-1.0155,0.2737
2021-06-26 00:00:00+00:00,-0.9326,0.1942
2021-06-27 00:00:00+00:00,-1.0396,0.153
2021-06-28 00:00:00+00:00,-0.4083,0.3145
2021-06-29 00:00:00+00:00,-1.2381,0.3268
2021-06-30 00:00:00+00:00,0.0309,0.1945
2021-07-01 00:00:00+00:00,-0.3144,0.1968
2021-07-02 00:00:00+00:00,-0.2095,0.2026
2021-07-03 00:00:00+00:00,-1.5943,0.1623
2021-07-04 00:00:00+00:00,-1.6533,0.1635
2021-07-05 00:00:00+00:00,-2.2693,0.2377
2021-07-06 00:00:00+00:00,-1.6757,0.2543
2021-07-07 00:00:00+00:00,-1.1845,0.1967
2021-07-08 00:00:00+00:00,-0.8925,0.2054
2021-07-09 00:00:00+00:00,-1.1065,0.2252
2021-07-10 00:00:00+00:00,-1.1209,0.2205
2021-07-11 00:00:00+00:00,-0.8953,0.1718
2021-07-12 00:00:00+00:00,-0.4848,0.1871
2021-07-13 00:00:00+00:00,-1.0412,0.1583
2021-07-14 00:00:00+00:00,-0.8214,0.1834
2021-07-15 00:00:00+00:00,-0.5668,0.1789
2021-07-16 00:00:00+00:00,-0.5389,0.1764
2021-07-17 00:00:00+00:00,-0.9453,0.1193
2021-07-18 00:00:00+00:00,-1.3258,0.1291
2021-07-19 00:00:00+00:00,-1.2785,0.1644
2021-07-20 00:00:00+00:00,-1.842,0.2932
2021-07-21 00:00:00+00:00,-2.4017,0.2748
2021-07-22 00:00:00+00:00,-0.9153,0.303
2021-07-23 00:00:00+00:00,-0.9052,0.193
2021-07-24 00:00:00+00:00,-1.2548,0.1354
2021-07-25 00:00:00+00:00,-0.7479,0.1645
2021-07-26 00:00:00+00:00,-0.2479,0.3989
2021-07-27 00:00:00+00:00,-0.3612,0.2858
2021-07-28 00:00:00+00:00,-0.6057,0.1861
2021-07-29 00:00:00+00:00,0.2317,0.2296
2021-07-30 00:00:00+00:00,0.0271,0.1701
2021-07-31 00:00:00+00:00,-0.3251,0.117
2021-08-01 00:00:00+00:00,-0.6042,0.1075
2021-08-02 00:00:00+00:00,-0.1282,0.1998
2021-08-03 00:00:00+00:00,-0.4151,0.1734
2021-08-04 00:00:00+00:00,-0.5276,0.1313
2021-08-05 00:00:00+00:00,-0.3572,0.1438
2021-08-06 00:00:00+00:00,-0.1898,0.1348
2021-08-07 00:00:00+00:00,0.1308,0.1082
2021-08-08 00:00:00+00:00,-0.635,0.1538
2021-08-09 00:00:00+00:00,-0.1893,0.1831
2021-08-10 00:00:00+00:00,-0.1838,0.2535
2021-08-11 00:00:00+00:00,-0.4536,0.2316
2021-08-12 00:00:00+00:00,-0.9413,0.2321
2021-08-13 00:00:00+00:00,0.0785,0.1712
2021-08-14 00:00:00+00:00,-0.0018,0.125
2021-08-15 00:00:00+00:00,0.1511,0.1085
2021-08-16 00:00:00+00:00,-0.5056,0.2074
2021-08-17 00:00:00+00:00,-0.0936,0.1395
2021-08-18 00:00:00+00:00,-0.5861,0.1253
2021-08-19 00:00:00+00:00,-0.5316,0.2272
2021-08-20 00:00:00+00:00,-0.4477,0.1517
2021-08-21 00:00:00+00:00,-0.2054,0.1032
2021-08-22 00:00:00+00:00,-0.3069,0.1241
2021-08-23 00:00:00+00:00,0.1669,0.4222
2021-08-24 00:00:00+00:00,0.5128,0.2136
2021-08-25 00:00:00+00:00,-0.1355,0.17
2021-08-26 00:00:00+00:00,-0.5755,0.122
2021-08-27 00:00:00+00:00,-0.1572,0.1941
2021-08-28 00:00:00+00:00,-0.5969,0.1262
2021-08-29 00:00:00+00:00,-0.7489,0.1322
2021-08-30 00:00:00+00:00,-0.1891,0.1423
2021-08-31 00:00:00+00:00,0.0358,0.1561
2021-09-01 00:00:00+00:00,-0.1751,0.144
2021-09-02 00:00:00+00:00,-0.1932,0.1792
2021-09-03 00:00:00+00:00,-0.2177,0.1418
2021-09-04 00:00:00+00:00,-0.3926,0.1049
2021-09-05 00:00:00+00:00,-0.3935,0.1281
2021-09-06 00:00:00+00:00,-0.5161,0.2095
2021-09-07 00:00:00+00:00,-0.4094,0.5302
2021-09-08 00:00:00+00:00,-1.3243,0.4043
2021-09-09 00:00:00+00:00,-0.8522,0.2222
2021-09-10 00:00:00+00:00,-0.2614,0.1759
2021-09-11 00:00:00+00:00,-1.0873,0.1278
2021-09-12 00:00:00+00:00,-0.8476,0.1461
2021-09-13 00:00:00+00:00,-0.8182,0.1893
2021-09-14 00:00:00+00:00,-0.1137,0.2028
2021-09-15 00:00:00+00:00,-0.1155,0.1687
2021-09-16 00:00:00+00:00,-0.8906,0.19
2021-09-17 00:00:00+00:00,-0.3751,0.1945
2021-09-18 00:00:00+00:00,-0.7656,0.0974
2021-09-19 00:00:00+00:00,-1.1782,0.0864
2021-09-20 00:00:00+00:00,-1.8997,0.2156
2021-09-21 00:00:00+00:00,-1.9611,0.2872
2021-09-22 00:00:00+00:00,-0.9507,0.1749
2021-09-23 00:00:00+00:00,0.1516,0.1968
2021-09-24 00:00:00+00:00,-2.8115,0.459
2021-09-25 00:00:00+00:00,-1.9372,0.2586
2021-09-26 00:00:00+00:00,-1.6154,0.1348
2021-09-27 00:00:00+00:00,-0.9334,0.227
2021-09-28 00:00:00+00:00,-0.7126,0.2029
2021-09-29 00:00:00+00:00,-0.5457,0.1482
2021-09-30 00:00:00+00:00,-0.4466,0.155
2021-10-01 00:00:00+00:00,-0.9537,0.1846
2021-10-02 00:00:00+00:00,-1.0684,0.1241
2021-10-03 00:00:00+00:00,-0.9165,0.1178
2021-10-04 00:00:00+00:00,-0.6986,0.154
2021-10-05 00:00:00+00:00,-0.2564,0.1929
2021-10-06 00:00:00+00:00,-0.4453,0.2085
2021-10-07 00:00:00+00:00,0.0752,0.1939
2021-10-08 00:00:00+00:00,-0.1082,0.1502
2021-10-09 00:00:00+00:00,-0.4195,0.116
2021-10-10 00:00:00+00:00,-0.6774,0.1251
2021-10-11 00:00:00+00:00,-0.3752,0.1638
2021-10-12 00:00:00+00:00,-0.214,0.1718
2021-10-13 00:00:00+00:00,-0.1838,0.1702
2021-10-14 00:00:00+00:00,-0.3224,0.2008
2021-10-15 00:00:00+00:00,-0.1716,0.3527
2021-10-16 00:00:00+00:00,-0.2167,0.393
2021-10-17 00:00:00+00:00,-0.7676,0.1992
2021-10-18 00:00:00+00:00,-0.057,0.323
2021-10-19 00:00:00+00:00,0.4913,0.3479
2021-10-20 00:00:00+00:00,0.5422,0.4135
2021-10-21 00:00:00+00:00,-0.2673,0.3854
2021-10-22 00:00:00+00:00,-0.4283,0.1937
2021-10-23 00:00:00+00:00,-0.0927,0.1573
2021-10-24 00:00:00+00:00,-0.17,0.1744
2021-10-25 00:00:00+00:00,-0.5796,0.2375
2021-10-26 00:00:00+00:00,-0.0836,0.1991
2021-10-27 00:00:00+00:00,-0.1903,0.1991
2021-10-28 00:00:00+00:00,-0.0963,0.1819
2021-10-29 00:00:00+00:00,-0.325,0.1886
2021-10-30 00:00:00+00:00,-0.1247,0.1539
2021-10-31 00:00:00+00:00,-0.6214,0.1517
2021-11-01 00:00:00+00:00,-0.0623,0.2043
2021-11-02 00:00:00+00:00,0.065,0.2049
2021-11-03 00:00:00+00:00,0.0516,0.1914
2021-11-04 00:00:00+00:00,-0.1792,0.1459
2021-11-05 00:00:00+00:00,-0.5015,0.2269
2021-11-06 00:00:00+00:00,-0.6579,0.1314
2021-11-07 00:00:00+00:00,-0.4577,0.1316
2021-11-08 00:00:00+00:00,-0.1363,0.234
2021-11-09 00:00:00+00:00,-0.0213,0.3701
2021-11-10 00:00:00+00:00,0.117,0.2711
2021-11-11 00:00:00+00:00,0.0606,0.2108
2021-11-12 00:00:00+00:00,0.0236,0.22
2021-11-13 00:00:00+00:00,-0.2034,0.1693
2021-11-14 00:00:00+00:00,-0.5336,0.176
2021-11-15 00:00:00+00:00,0.3406,0.2139
2021-11-16 00:00:00+00:00,-0.3964,0.2713
2021-11-17 00:00:00+00:00,-0.2116,0.2779
2021-11-18 00:00:00+00:00,-0.4577,0.2512
2021-11-19 00:00:00+00:00,-0.9092,0.2273
2021-11-20 00:00:00+00:00,-0.4932,0.1658
2021-11-21 00:00:00+00:00,-0.0953,0.3584
2021-11-22 00:00:00+00:00,0.1004,0.2464
2021-11-23 00:00:00+00:00,-0.6505,0.2294
2021-11-24 00:00:00+00:00,-0.6738,0.2138
2021-11-25 00:00:00+00:00,-0.4548,0.1633
2021-11-26 00:00:00+00:00,-1.2614,0.2521
2021-11-27 00:00:00+00:00,-1.9378,0.244
2021-11-28 00:00:00+00:00,-1.1413,0.1894
2021-11-29 00:00:00+00:00,-0.5813,0.2822
2021-11-30 00:00:00+00:00,-0.3577,0.1898
2021-12-01 00:00:00+00:00,-0.2291,0.1785
2021-12-02 00:00:00+00:00,-0.3978,0.1916
2021-12-03 00:00:00+00:00,-0.3493,0.1759
2021-12-04 00:00:00+00:00,-1.8965,0.287
2021-12-05 00:00:00+00:00,-1.7502,0.2234
2021-12-06 00:00:00+00:00,-1.8278,0.338
2021-12-07 00:00:00+00:00,-0.7572,0.2903
2021-12-08 00:00:00+00:00,-0.4938,0.2214
2021-12-09 00:00:00+00:00,-0.1818,0.1658
2021-12-10 00:00:00+00:00,-1.3305,0.1987
2021-12-11 00:00:00+00:00,-1.4221,0.149
2021-12-12 00:00:00+00:00,-1.5513,0.2041
2021-12-13 00:00:00+00:00,-0.8138,0.2525
2021-12-14 00:00:00+00:00,-0.4015,0.2465
2021-12-15 00:00:00+00:00,-0.7223,0.2172
2021-12-16 00:00:00+00:00,-0.288,0.1811
2021-12-17 00:00:00+00:00,-0.3709,0.1911
2021-12-18 00:00:00+00:00,-0.0851,0.124
2021-12-19 00:00:00+00:00,-0.8197,0.1594
2021-12-20 00:00:00+00:00,-0.3456,0.1777
2021-12-21 00:00:00+00:00,-0.5131,0.2035
2021-12-22 00:00:00+00:00,-0.4454,0.1988
2021-12-23 00:00:00+00:00,-0.0566,0.1918
2021-12-24 00:00:00+00:00,0.4293,0.1989
2021-12-25 00:00:00+00:00,0.5039,0.1642
2021-12-26 00:00:00+00:00,0.353,0.1676
2021-12-27 00:00:00+00:00,-0.0337,0.183
2021-12-28 00:00:00+00:00,-0.6714,0.2132
2021-12-29 00:00:00+00:00,-0.4125,0.2164
2021-12-30 00:00:00+00:00,-0.5726,0.2046
2021-12-31 00:00:00+00:00,-0.5064,0.1912
2022-01-01 00:00:00+00:00,-0.7096,0.1727
2022-01-02 00:00:00+00:00,-0.3175,0.1446
2022-01-03 00:00:00+00:00,-0.2252,0.2154
2022-01-04 00:00:00+00:00,-0.1448,0.1876
2022-01-05 00:00:00+00:00,-0.1642,0.2062
2022-01-06 00:00:00+00:00,-1.3548,0.3267
2022-01-07 00:00:00+00:00,-1.6415,0.2881
2022-01-08 00:00:00+00:00,-1.3124,0.2313
2022-01-09 00:00:00+00:00,-1.3371,0.1628
2022-01-10 00:00:00+00:00,-0.8781,0.2674
2022-01-11 00:00:00+00:00,-0.5145,0.2415
2022-01-12 00:00:00+00:00,-0.5793,0.2172
2022-01-13 00:00:00+00:00,-0.2975,0.1803
2022-01-14 00:00:00+00:00,-0.3565,0.2313
2022-01-15 00:00:00+00:00,-0.8506,0.1565
2022-01-16 00:00:00+00:00,-0.5703,0.1588
2022-01-17 00:00:00+00:00,-0.3067,0.1975
2022-01-18 00:00:00+00:00,-0.7785,0.2088
2022-01-19 00:00:00+00:00,-0.4847,0.1673
2022-01-20 00:00:00+00:00,-0.6588,0.215
2022-01-21 00:00:00+00:00,-1.4438,0.3168
2022-01-22 00:00:00+00:00,-2.1041,0.3677
2022-01-23 00:00:00+00:00,-1.8964,0.2831
2022-01-24 00:00:00+00:00,-2.1486,0.4692
2022-01-25 00:00:00+00:00,-1.6578,0.3394
2022-01-26 00:00:00+00:00,-0.7851,0.3155
2022-01-27 00:00:00+00:00,-0.4967,0.1855
2022-01-28 00:00:00+00:00,-0.8119,0.185
2022-01-29 00:00:00+00:00,-0.5908,0.1518
2022-01-30 00:00:00+00:00,-0.5261,0.1435
2022-01-31 00:00:00+00:00,-0.5047,0.1868
2022-02-01 00:00:00+00:00,-0.3694,0.2071
2022-02-02 00:00:00+00:00,-0.4121,0.1845
2022-02-03 00:00:00+00:00,-0.7305,0.1582
2022-02-04 00:00:00+00:00,-0.1377,0.1737
2022-02-05 00:00:00+00:00,-0.1211,0.1655
2022-02-06 00:00:00+00:00,-0.2076,0.1192
2022-02-07 00:00:00+00:00,-0.3031,0.2374
2022-02-08 00:00:00+00:00,-1.908,0.3801
2022-02-09 00:00:00+00:00,-1.7677,0.3373
2022-02-10 00:00:00+00:00,-0.9484,0.1894
2022-02-11 00:00:00+00:00,-0.7574,0.1745
2022-02-12 00:00:00+00:00,-1.0071,0.1509
2022-02-13 00:00:00+00:00,-0.8214,0.1386
2022-02-14 00:00:00+00:00,-0.5953,0.2279
2022-02-15 00:00:00+00:00,-0.831,0.1963
2022-02-16 00:00:00+00:00,-0.7677,0.1914
2022-02-17 00:00:00+00:00,-1.1756,0.2039
2022-02-18 00:00:00+00:00,-1.1364,0.1989
2022-02-19 00:00:00+00:00,-0.915,0.1748
2022-02-20 00:00:00+00:00,-1.1998,0.1503
2022-02-21 00:00:00+00:00,-1.1689,0.187
2022-02-22 00:00:00+00:00,-1.3045,0.2132
2022-02-23 00:00:00+00:00,-0.8971,0.2117
2022-02-24 00:00:00+00:00,-1.4997,0.2614
2022-02-25 00:00:00+00:00,-1.4096,0.2355
2022-02-26 00:00:00+00:00,-1.4045,0.1805
2022-02-27 00:00:00+00:00,-1.2881,0.1687
2022-02-28 00:00:00+00:00,-1.4005,0.1962
2022-03-01 00:00:00+00:00,-1.3713,0.2266
2022-03-02 00:00:00+00:00,-1.7456,0.2808
2022-03-03 00:00:00+00:00,-1.6204,0.1984
2022-03-04 00:00:00+00:00,-1.4169,0.1855
2022-03-05 00:00:00+00:00,-1.3022,0.1406
2022-03-06 00:00:00+00:00,-0.7238,0.1601
2022-03-07 00:00:00+00:00,-0.9377,0.2128
2022-03-08 00:00:00+00:00,-0.8799,0.2045
2022-03-09 00:00:00+00:00,-0.7138,0.3036
2022-03-10 00:00:00+00:00,-0.8661,0.2918
2022-03-11 00:00:00+00:00,-0.8135,0.1931
2022-03-12 00:00:00+00:00,-0.6741,0.1267
2022-03-13 00:00:00+00:00,-0.3589,0.1543
2022-03-14 00:00:00+00:00,-0.441,0.2102
2022-03-15 00:00:00+00:00,-0.0749,0.2075
2022-03-16 00:00:00+00:00,-0.0042,0.1696
2022-03-17 00:00:00+00:00,-0.2174,0.1783
2022-03-18 00:00:00+00:00,-0.7959,0.1524
2022-03-19 00:00:00+00:00,-0.2443,0.1808
2022-03-20 00:00:00+00:00,-0.1964,0.2194
2022-03-21 00:00:00+00:00,-0.0735,0.2183
2022-03-22 00:00:00+00:00,-0.1142,0.2475
2022-03-23 00:00:00+00:00,-0.4919,0.2259
2022-03-24 00:00:00+00:00,-0.2633,0.2233
2022-03-25 00:00:00+00:00,-0.1307,0.2399
2022-03-26 00:00:00+00:00,-0.2287,0.2679
2022-03-27 00:00:00+00:00,-0.2392,0.2927
2022-03-28 00:00:00+00:00,-0.3033,0.255
2022-03-29 00:00:00+00:00,-0.2368,0.2389
2022-03-30 00:00:00+00:00,-0.0907,0.2186
2022-03-31 00:00:00+00:00,-0.1523,0.2012
2022-04-01 00:00:00+00:00,-0.1106,0.1916
2022-04-02 00:00:00+00:00,-0.054,0.2022
2022-04-03 00:00:00+00:00,0.6216,0.2349
2022-04-04 00:00:00+00:00,-0.1322,0.2074
2022-04-05 00:00:00+00:00,-0.5527,0.3046
2022-04-06 00:00:00+00:00,-0.6213,0.3395
2022-04-07 00:00:00+00:00,-0.3358,0.2301
2022-04-08 00:00:00+00:00,-0.3314,0.2255
2022-04-09 00:00:00+00:00,-0.0638,0.2289
2022-04-10 00:00:00+00:00,0.0525,0.3072
2022-04-11 00:00:00+00:00,-0.2794,0.2574
2022-04-12 00:00:00+00:00,-0.5975,0.1575
2022-04-13 00:00:00+00:00,0.0558,0.1409
2022-04-14 00:00:00+00:00,-0.256,0.1421
2022-04-15 00:00:00+00:00,-0.5938,0.1221
2022-04-16 00:00:00+00:00,0.3097,0.094
2022-04-17 00:00:00+00:00,-0.4049,0.1167
2022-04-18 00:00:00+00:00,-0.6258,0.1472
2022-04-19 00:00:00+00:00,-1.0715,0.1847
2022-04-20 00:00:00+00:00,0.0292,0.1446
2022-04-21 00:00:00+00:00,-0.6051,0.1986
2022-04-22 00:00:00+00:00,-0.0708,0.1507
2022-04-23 00:00:00+00:00,-0.3918,0.0954
2022-04-24 00:00:00+00:00,-0.6596,0.1118
2022-04-25 00:00:00+00:00,-0.4813,0.1678
2022-04-26 00:00:00+00:00,-0.0012,0.2369
2022-04-27 00:00:00+00:00,-0.4567,0.2313
2022-04-28 00:00:00+00:00,-0.6723,0.2034
2022-04-29 00:00:00+00:00,-0.1001,0.1449
2022-04-30 00:00:00+00:00,-0.2227,0.1419
2022-05-01 00:00:00+00:00,-1.0732,0.237
2022-05-02 00:00:00+00:00,-0.1018,0.271
2022-05-03 00:00:00+00:00,-0.0082,0.1692
2022-05-04 00:00:00+00:00,-0.2417,0.1806
2022-05-05 00:00:00+00:00,-0.5421,0.1978
2022-05-06 00:00:00+00:00,-0.9427,0.209
2022-05-07 00:00:00+00:00,-0.7142,0.1209
2022-05-08 00:00:00+00:00,-0.717,0.1498
2022-05-09 00:00:00+00:00,-1.9264,0.4152
2022-05-10 00:00:00+00:00,-2.2773,0.3733
2022-05-11 00:00:00+00:00,-1.485,0.2472
2022-05-12 00:00:00+00:00,-1.9912,0.4142
2022-05-13 00:00:00+00:00,-1.9967,0.3694
2022-05-14 00:00:00+00:00,-1.5137,0.2714
2022-05-15 00:00:00+00:00,-1.8414,0.1791
2022-05-16 00:00:00+00:00,-1.25,0.234
2022-05-17 00:00:00+00:00,-1.2426,0.2129
2022-05-18 00:00:00+00:00,-0.5493,0.2002
2022-05-19 00:00:00+00:00,-1.0672,0.1766
2022-05-20 00:00:00+00:00,-0.4717,0.1494
2022-05-21 00:00:00+00:00,-1.0681,0.1514
2022-05-22 00:00:00+00:00,-0.7965,0.1429
2022-05-23 00:00:00+00:00,-0.4435,0.1634
2022-05-24 00:00:00+00:00,-0.6495,0.151
2022-05-25 00:00:00+00:00,-0.6034,0.1558
2022-05-26 00:00:00+00:00,-0.4527,0.1518
2022-05-27 00:00:00+00:00,-0.6901,0.1331
2022-05-28 00:00:00+00:00,-0.7548,0.1127
2022-05-29 00:00:00+00:00,-0.5385,0.0964
2022-05-30 00:00:00+00:00,-0.4834,0.1469
2022-05-31 00:00:00+00:00,-0.3117,0.1479
2022-06-01 00:00:00+00:00,-0.735,0.1242
2022-06-02 00:00:00+00:00,-0.716,0.1257
2022-06-03 00:00:00+00:00,-1.3388,0.2198
2022-06-04 00:00:00+00:00,-2.1587,0.1174
2022-06-05 00:00:00+00:00,-1.3457,0.1315
2022-06-06 00:00:00+00:00,-0.8352,0.1453
2022-06-07 00:00:00+00:00,-0.5872,0.2237
2022-06-08 00:00:00+00:00,-0.4339,0.1567
2022-06-09 00:00:00+00:00,-0.182,0.1447
2022-06-10 00:00:00+00:00,-0.4454,0.1294
2022-06-11 00:00:00+00:00,-0.7692,0.086
2022-06-12 00:00:00+00:00,-1.1214,0.1171
2022-06-13 00:00:00+00:00,-2.6943,0.6332
2022-06-14 00:00:00+00:00,-2.4675,0.5403
2022-06-15 00:00:00+00:00,-2.696,0.4776
2022-06-16 00:00:00+00:00,-1.9571,0.336
2022-06-17 00:00:00+00:00,-1.6463,0.2727
2022-06-18 00:00:00+00:00,-2.8433,0.4179
2022-06-19 00:00:00+00:00,-2.5343,0.4598
2022-06-20 00:00:00+00:00,-2.0421,0.3066
2022-06-21 00:00:00+00:00,-1.4409,0.2803
2022-06-22 00:00:00+00:00,-1.0115,0.2085
2022-06-23 00:00:00+00:00,-1.2229,0.1694
2022-06-24 00:00:00+00:00,-1.1844,0.1431
2022-06-25 00:00:00+00:00,-1.7292,0.1399
2022-06-26 00:00:00+00:00,-1.0675,0.108
2022-06-27 00:00:00+00:00,-1.1171,0.1507
2022-06-28 00:00:00+00:00,-0.4114,0.1713
2022-06-29 00:00:00+00:00,-1.601,0.1871
2022-06-30 00:00:00+00:00,-1.874,0.2726
2022-07-01 00:00:00+00:00,-2.0485,0.2555
2022-07-02 00:00:00+00:00,-1.8522,0.1651
2022-07-03 00:00:00+00:00,-1.7354,0.1413
2022-07-04 00:00:00+00:00,-1.7727,0.1922
2022-07-05 00:00:00+00:00,-2.105,0.2217
2022-07-06 00:00:00+00:00,-1.9368,0.1841
2022-07-07 00:00:00+00:00,-0.8807,0.1685
2022-07-08 00:00:00+00:00,-1.2027,0.129
2022-07-09 00:00:00+00:00,-1.135,0.087
2022-07-10 00:00:00+00:00,-1.7378,0.1775
2022-07-11 00:00:00+00:00,-1.5615,0.1633
2022-07-12 00:00:00+00:00,-1.4195,0.1511
2022-07-13 00:00:00+00:00,-1.1837,0.1346
2022-07-14 00:00:00+00:00,-1.6572,0.1584
2022-07-15 00:00:00+00:00,-1.0514,0.1392
2022-07-16 00:00:00+00:00,-1.0138,0.0948
2022-07-17 00:00:00+00:00,-1.5052,0.0984
2022-07-18 00:00:00+00:00,-1.3166,0.1646
2022-07-19 00:00:00+00:00,-0.771,0.1661
2022-07-20 00:00:00+00:00,-0.8675,0.1843
2022-07-21 00:00:00+00:00,-0.8932,0.3
2022-07-22 00:00:00+00:00,-1.0027,0.1483
2022-07-23 00:00:00+00:00,-1.2127,0.0999
2022-07-24 00:00:00+00:00,0.9434,0.1547
2022-07-25 00:00:00+00:00,-0.5646,0.164
2022-07-26 00:00:00+00:00,-0.845,0.1951
2022-07-27 00:00:00+00:00,-0.5594,0.1526
2022-07-28 00:00:00+00:00,-0.4127,0.1478
2022-07-29 00:00:00+00:00,-0.5917,0.1207
2022-07-30 00:00:00+00:00,0.5909,0.1167
2022-07-31 00:00:00+00:00,-1.1575,0.0771
2022-08-01 00:00:00+00:00,-0.637,0.1383
2022-08-02 00:00:00+00:00,-0.6749,0.1236
2022-08-03 00:00:00+00:00,-1.1463,0.2125
2022-08-04 00:00:00+00:00,-0.6852,0.1408
2022-08-05 00:00:00+00:00,-0.6396,0.1293
2022-08-06 00:00:00+00:00,-1.3314,0.0994
2022-08-07 00:00:00+00:00,-0.878,0.0766
2022-08-08 00:00:00+00:00,-0.4225,0.1226
2022-08-09 00:00:00+00:00,-0.8014,0.1428
2022-08-10 00:00:00+00:00,-0.8088,0.18
2022-08-11 00:00:00+00:00,0.0012,0.2232
2022-08-12 00:00:00+00:00,-0.565,0.1444
2022-08-13 00:00:00+00:00,-0.8457,0.0879
2022-08-14 00:00:00+00:00,-0.6234,0.0985
2022-08-15 00:00:00+00:00,-0.6776,0.1573
2022-08-16 00:00:00+00:00,-0.693,0.1514
2022-08-17 00:00:00+00:00,-0.6206,0.1815
2022-08-18 00:00:00+00:00,0.048,0.128
2022-08-19 00:00:00+00:00,-1.0964,0.2096
2022-08-20 00:00:00+00:00,-0.8631,0.1216
2022-08-21 00:00:00+00:00,0.0471,0.1048
2022-08-22 00:00:00+00:00,-0.4048,0.1456
2022-08-23 00:00:00+00:00,-1.8611,0.1692
2022-08-24 00:00:00+00:00,-1.0537,0.1258
2022-08-25 00:00:00+00:00,-0.259,0.1158
2022-08-26 00:00:00+00:00,-0.7882,0.1217
2022-08-27 00:00:00+00:00,-1.5277,0.0845
2022-08-28 00:00:00+00:00,-1.6794,0.1366
2022-08-29 00:00:00+00:00,-1.145,0.1807
2022-08-30 00:00:00+00:00,-1.3064,0.1291
2022-08-31 00:00:00+00:00,-1.2534,0.1245
2022-09-01 00:00:00+00:00,-1.0555,0.1204
2022-09-02 00:00:00+00:00,-0.4954,0.0962
2022-09-03 00:00:00+00:00,-1.1625,0.0618
2022-09-04 00:00:00+00:00,-1.3303,0.0663
2022-09-05 00:00:00+00:00,-1.1688,0.1068
2022-09-06 00:00:00+00:00,-0.5318,0.1161
2022-09-07 00:00:00+00:00,-0.665,0.1688
2022-09-08 00:00:00+00:00,-0.4423,0.1172
2022-09-09 00:00:00+00:00,-0.5129,0.1472
2022-09-10 00:00:00+00:00,-0.5481,0.0782
2022-09-11 00:00:00+00:00,-0.292,0.0931
2022-09-12 00:00:00+00:00,-1.3136,0.1811
2022-09-13 00:00:00+00:00,-1.6288,0.2255
2022-09-14 00:00:00+00:00,-1.8644,0.178
2022-09-15 00:00:00+00:00,-0.1211,0.1817
2022-09-16 00:00:00+00:00,-1.031,0.157
2022-09-17 00:00:00+00:00,-0.7487,0.0849
2022-09-18 00:00:00+00:00,-0.2357,0.1472
2022-09-19 00:00:00+00:00,-1.0952,0.1703
2022-09-20 00:00:00+00:00,-0.4579,0.1348
2022-09-21 00:00:00+00:00,-0.956,0.1539
2022-09-22 00:00:00+00:00,-0.7532,0.1306
2022-09-23 00:00:00+00:00,-1.3276,0.1373
2022-09-24 00:00:00+00:00,-0.6159,0.0891
2022-09-25 00:00:00+00:00,-0.117,0.0719
2022-09-26 00:00:00+00:00,-0.8603,0.1206
2022-09-27 00:00:00+00:00,-1.1153,0.1582
2022-09-28 00:00:00+00:00,-1.1356,0.1147
2022-09-29 00:00:00+00:00,-0.769,0.1256
2022-09-30 00:00:00+00:00,-1.1266,0.1021
2022-10-01 00:00:00+00:00,-1.0885,0.0749
2022-10-02 00:00:00+00:00,-1.0417,0.0799
2022-10-03 00:00:00+00:00,-0.3973,0.2829
2022-10-04 00:00:00+00:00,-0.5404,0.1497
2022-10-05 00:00:00+00:00,-0.2899,0.1023
2022-10-06 00:00:00+00:00,-1.8715,0.1571
2022-10-07 00:00:00+00:00,-1.0882,0.1226
2022-10-08 00:00:00+00:00,-1.2422,0.0625
2022-10-09 00:00:00+00:00,-0.7987,0.0777
2022-10-10 00:00:00+00:00,-0.9644,0.1046
2022-10-11 00:00:00+00:00,-0.6134,0.1261
2022-10-12 00:00:00+00:00,-0.3766,0.1292
2022-10-13 00:00:00+00:00,-0.7246,0.1397
2022-10-14 00:00:00+00:00,-0.6048,0.1049
2022-10-15 00:00:00+00:00,-0.1312,0.0666
2022-10-16 00:00:00+00:00,-0.9306,0.0644
2022-10-17 00:00:00+00:00,-0.544,0.0963
2022-10-18 00:00:00+00:00,-0.5582,0.1173
2022-10-19 00:00:00+00:00,-0.4978,0.1116
2022-10-20 00:00:00+00:00,-0.4205,0.107
2022-10-21 00:00:00+00:00,-1.1171,0.1422
2022-10-22 00:00:00+00:00,-0.7026,0.0807
2022-10-23 00:00:00+00:00,-0.5685,0.0569
2022-10-24 00:00:00+00:00,-1.8274,0.1459
2022-10-25 00:00:00+00:00,-1.332,0.1499
2022-10-26 00:00:00+00:00,-0.5718,0.1433
2022-10-27 00:00:00+00:00,-0.2576,0.1196
2022-10-28 00:00:00+00:00,-0.2666,0.1069
2022-10-29 00:00:00+00:00,-0.315,0.067
2022-10-30 00:00:00+00:00,0.1744,0.0722
2022-10-31 00:00:00+00:00,-0.3377,0.1216
2022-11-01 00:00:00+00:00,0.0758,0.121
2022-11-02 00:00:00+00:00,-0.3734,0.1131
2022-11-03 00:00:00+00:00,-0.392,0.1194
2022-11-04 00:00:00+00:00,-0.0402,0.1134
2022-11-05 00:00:00+00:00,-0.7154,0.0801
2022-11-06 00:00:00+00:00,-0.2075,0.0792
2022-11-07 00:00:00+00:00,-1.6898,0.1696
2022-11-08 00:00:00+00:00,-2.279,0.2321
2022-11-09 00:00:00+00:00,-2.2798,0.3231
2022-11-10 00:00:00+00:00,-1.4856,0.5592
2022-11-11 00:00:00+00:00,-2.9909,0.5949
2022-11-12 00:00:00+00:00,-2.8233,0.3345
2022-11-13 00:00:00+00:00,-2.8455,0.2555
2022-11-14 00:00:00+00:00,-2.2661,0.4672
2022-11-15 00:00:00+00:00,-2.8686,0.3112
2022-11-16 00:00:00+00:00,-1.4986,0.2211
2022-11-17 00:00:00+00:00,-1.3284,0.1902
2022-11-18 00:00:00+00:00,-1.7816,0.2087
2022-11-19 00:00:00+00:00,-1.911,0.15
2022-11-20 00:00:00+00:00,-2.0737,0.1574
2022-11-21 00:00:00+00:00,-2.2596,0.2583
2022-11-22 00:00:00+00:00,-2.6183,0.2755
2022-11-23 00:00:00+00:00,-1.1016,0.1966
2022-11-24 00:00:00+00:00,-1.9197,0.1871
2022-11-25 00:00:00+00:00,-1.6947,0.1566
2022-11-26 00:00:00+00:00,-0.6357,0.0934
2022-11-27 00:00:00+00:00,-0.9434,0.103
2022-11-28 00:00:00+00:00,-1.5914,0.2607
2022-11-29 00:00:00+00:00,-1.5616,0.2339
2022-11-30 00:00:00+00:00,-0.6237,0.1881
2022-12-01 00:00:00+00:00,-1.2622,0.1793
2022-12-02 00:00:00+00:00,-1.0048,0.1509
2022-12-03 00:00:00+00:00,-1.9573,0.1106
2022-12-04 00:00:00+00:00,-0.7835,0.0994
2022-12-05 00:00:00+00:00,-1.0855,0.1663
2022-12-06 00:00:00+00:00,-1.3376,0.1773
2022-12-07 00:00:00+00:00,-0.7854,0.1644
2022-12-08 00:00:00+00:00,-1.1509,0.168
2022-12-09 00:00:00+00:00,-0.3694,0.1513
2022-12-10 00:00:00+00:00,-0.1947,0.1015
2022-12-11 00:00:00+00:00,-0.7224,0.0903
2022-12-12 00:00:00+00:00,-1.0184,0.1444
2022-12-13 00:00:00+00:00,-2.4353,0.2872
2022-12-14 00:00:00+00:00,-1.8714,0.1927
2022-12-15 00:00:00+00:00,-0.8864,0.1975
2022-12-16 00:00:00+00:00,-1.717,0.1636
2022-12-17 00:00:00+00:00,-1.8528,0.1436
2022-12-18 00:00:00+00:00,-1.3905,0.1012
2022-12-19 00:00:00+00:00,-1.3474,0.154
2022-12-20 00:00:00+00:00,-0.9888,0.1878
2022-12-21 00:00:00+00:00,-1.076,0.2124
2022-12-22 00:00:00+00:00,-2.363,0.3071
2022-12-23 00:00:00+00:00,-2.3578,0.2453
2022-12-24 00:00:00+00:00,-1.294,0.1351
2022-12-25 00:00:00+00:00,-1.8765,0.1317
2022-12-26 00:00:00+00:00,-0.8123,0.1184
2022-12-27 00:00:00+00:00,-1.5949,0.179
2022-12-28 00:00:00+00:00,-0.9144,0.1955
2022-12-29 00:00:00+00:00,-2.2419,0.2854
2022-12-30 00:00:00+00:00,-1.8801,0.1934
2022-12-31 00:00:00+00:00,-0.863,0.1593
2023-01-01 00:00:00+00:00,-1.1523,0.1123
2023-01-02 00:00:00+00:00,-0.9161,0.1282
2023-01-03 00:00:00+00:00,-1.4826,0.1825
2023-01-04 00:00:00+00:00,-1.4039,0.1778
2023-01-05 00:00:00+00:00,-1.1756,0.1359
2023-01-06 00:00:00+00:00,-1.3502,0.1369
2023-01-07 00:00:00+00:00,-0.6863,0.0716
2023-01-08 00:00:00+00:00,-0.9306,0.2576
2023-01-09 00:00:00+00:00,-0.7641,0.3858
2023-01-10 00:00:00+00:00,-1.2894,0.3738
2023-01-11 00:00:00+00:00,-1.0978,0.3372
2023-01-12 00:00:00+00:00,-0.8948,0.3772
2023-01-13 00:00:00+00:00,-1.0087,0.371
2023-01-14 00:00:00+00:00,-0.8147,0.3608
2023-01-15 00:00:00+00:00,-0.9178,0.2513
2023-01-16 00:00:00+00:00,-1.2156,0.3633
2023-01-17 00:00:00+00:00,-1.0915,0.4218
2023-01-18 00:00:00+00:00,-1.2645,0.3671
2023-01-19 00:00:00+00:00,-1.1424,0.3729
2023-01-20 00:00:00+00:00,-1.201,0.3767
2023-01-21 00:00:00+00:00,-0.8559,0.3988
2023-01-22 00:00:00+00:00,-1.0365,0.3738
2023-01-23 00:00:00+00:00,-1.0597,0.4208
2023-01-24 00:00:00+00:00,-1.067,0.3962
2023-01-25 00:00:00+00:00,-1.1736,0.4028
2023-01-26 00:00:00+00:00,-1.064,0.3426
2023-01-27 00:00:00+00:00,-1.0186,0.362
2023-01-28 00:00:00+00:00,-1.1662,0.383
2023-01-29 00:00:00+00:00,-1.0512,0.3556
2023-01-30 00:00:00+00:00,-1.109,0.3725
2023-01-31 00:00:00+00:00,-1.0261,0.3493
2023-02-01 00:00:00+00:00,-1.2998,0.3567
2023-02-02 00:00:00+00:00,-0.9549,0.3354
2023-02-03 00:00:00+00:00,-1.2161,0.4241
2023-02-04 00:00:00+00:00,-1.4121,0.4029
2023-02-05 00:00:00+00:00,-1.271,0.4222
2023-02-06 00:00:00+00:00,-1.2081,0.412
2023-02-07 00:00:00+00:00,-1.1286,0.4019
2023-02-08 00:00:00+00:00,-1.5523,0.4159
2023-02-09 00:00:00+00:00,-1.174,0.29
2023-02-10 00:00:00+00:00,-1.2631,0.337
2023-02-11 00:00:00+00:00,-1.1964,0.3736
2023-02-12 00:00:00+00:00,-1.2866,0.3656
2023-02-13 00:00:00+00:00,-1.1254,0.3892
2023-02-14 00:00:00+00:00,-1.1569,0.3603
2023-02-15 00:00:00+00:00,-0.7459,0.2607
2023-02-16 00:00:00+00:00,-1.0234,0.4091
2023-02-17 00:00:00+00:00,-1.2222,0.3876
2023-02-18 00:00:00+00:00,-1.4149,0.3585
2023-02-19 00:00:00+00:00,-1.2107,0.3259
2023-02-20 00:00:00+00:00,-1.2556,0.3926
2023-02-21 00:00:00+00:00,-0.9672,0.4223
2023-02-22 00:00:00+00:00,-1.0677,0.2533
2023-02-23 00:00:00+00:00,-1.1139,0.2907
2023-02-24 00:00:00+00:00,-0.8263,0.2408
2023-02-25 00:00:00+00:00,-1.3156,0.2792
2023-02-26 00:00:00+00:00,-1.4867,0.1806
2023-02-27 00:00:00+00:00,-0.3359,0.1123
2023-02-28 00:00:00+00:00,-1.2771,0.3098
2023-03-01 00:00:00+00:00,-0.8851,0.2976
2023-03-02 00:00:00+00:00,-0.9694,0.2531
2023-03-03 00:00:00+00:00,-1.1502,0.2971
2023-03-04 00:00:00+00:00,-1.3141,0.3241
2023-03-05 00:00:00+00:00,-1.2493,0.3631
2023-03-06 00:00:00+00:00,-1.1162,0.3508
2023-03-07 00:00:00+00:00,-1.015,0.3388
2023-03-08 00:00:00+00:00,-0.8072,0.2785
2023-03-09 00:00:00+00:00,-1.167,0.3237
2023-03-10 00:00:00+00:00,-1.5288,0.2543
2023-03-11 00:00:00+00:00,-1.3602,0.3534
2023-03-12 00:00:00+00:00,-1.4091,0.2855
2023-03-13 00:00:00+00:00,-1.0771,0.3823
2023-03-14 00:00:00+00:00,-1.1843,0.3974
2023-03-15 00:00:00+00:00,-1.1206,0.2696
2023-03-16 00:00:00+00:00,-1.2547,0.311
2023-03-17 00:00:00+00:00,-1.4562,0.3379
2023-03-18 00:00:00+00:00,-1.3736,0.4156
2023-03-19 00:00:00+00:00,-1.2745,0.365
2023-03-20 00:00:00+00:00,-1.0935,0.3733
2023-03-21 00:00:00+00:00,-1.1937,0.3439
2023-03-22 00:00:00+00:00,0.6377,0.5118
2023-03-24 00:00:00+00:00,-0.1875,0.4168
2023-03-25 00:00:00+00:00,0.4361,0.5854
2023-03-26 00:00:00+00:00,0.2371,0.8636
2023-03-27 00:00:00+00:00,-0.1643,0.6281
2023-03-28 00:00:00+00:00,-0.4844,0.368
2023-03-29 00:00:00+00:00,-0.1803,0.4263
2023-03-30 00:00:00+00:00,-0.4196,0.5157
2023-03-31 00:00:00+00:00,-0.9055,0.4947
2023-04-01 00:00:00+00:00,0.0283,0.5588
2023-04-02 00:00:00+00:00,0.3479,0.7304
2023-04-03 00:00:00+00:00,-0.0749,0.5981
2023-04-04 00:00:00+00:00,-0.1927,0.4898
2023-04-05 00:00:00+00:00,-0.2479,0.4931
2023-04-06 00:00:00+00:00,-0.0923,0.5225
2023-04-07 00:00:00+00:00,0.1623,0.524
2023-04-08 00:00:00+00:00,0.4922,0.7733
2023-04-09 00:00:00+00:00,0.4328,0.6896
2023-04-10 00:00:00+00:00,0.0581,0.743
2023-04-11 00:00:00+00:00,-0.0167,0.7924
2023-04-12 00:00:00+00:00,-0.0163,0.6724
2023-04-13 00:00:00+00:00,-0.0947,0.5425
2023-04-14 00:00:00+00:00,-0.089,0.5263
2023-04-15 00:00:00+00:00,0.1111,0.5553
2023-04-16 00:00:00+00:00,-0.18,0.5567
2023-04-17 00:00:00+00:00,0.4449,0.4614
2023-04-18 00:00:00+00:00,0.8078,0.3876
2023-04-19 00:00:00+00:00,0.5798,0.3614
2023-04-20 00:00:00+00:00,0.4028,0.3561
2023-04-21 00:00:00+00:00,0.5236,0.3496
2023-04-22 00:00:00+00:00,0.5256,0.226
2023-04-23 00:00:00+00:00,0.708,0.469
2023-04-24 00:00:00+00:00,0.494,0.3477
2023-04-25 00:00:00+00:00,0.5405,0.4014
2023-04-26 00:00:00+00:00,0.4113,0.3569
2023-04-27 00:00:00+00:00,0.5162,0.3424
2023-04-28 00:00:00+00:00,0.229,0.3557
2023-04-29 00:00:00+00:00,0.8041,0.4521
2023-04-30 00:00:00+00:00,0.8553,0.539
2023-05-01 00:00:00+00:00,0.4998,0.4618
2023-05-02 00:00:00+00:00,0.465,0.3032
2023-05-03 00:00:00+00:00,0.1433,0.3679
2023-05-04 00:00:00+00:00,0.4354,0.3964
2023-05-05 00:00:00+00:00,0.0118,0.374
2023-05-06 00:00:00+00:00,0.6353,0.3955
2023-05-07 00:00:00+00:00,0.648,0.5396
2023-05-08 00:00:00+00:00,-0.2946,0.3975
2023-05-09 00:00:00+00:00,-0.1782,0.3182
2023-05-10 00:00:00+00:00,-0.4506,0.4439
2023-05-11 00:00:00+00:00,0.0894,0.3176
2023-05-12 00:00:00+00:00,0.0817,0.2774
2023-05-13 00:00:00+00:00,0.8747,0.3886
2023-05-14 00:00:00+00:00,0.8794,0.4746
2023-05-15 00:00:00+00:00,-0.0348,0.3663
2023-05-16 00:00:00+00:00,0.3831,0.4358
2023-05-17 00:00:00+00:00,0.6451,0.4198
2023-05-18 00:00:00+00:00,0.617,0.2941
2023-05-19 00:00:00+00:00,0.2291,0.457
2023-05-20 00:00:00+00:00,0.9605,0.5036
2023-05-21 00:00:00+00:00,0.7658,0.5426
2023-05-22 00:00:00+00:00,0.5808,0.3996
2023-05-23 00:00:00+00:00,0.4612,0.2934
2023-05-24 00:00:00+00:00,0.515,0.279
2023-05-25 00:00:00+00:00,0.3854,0.3611
2023-05-26 00:00:00+00:00,0.6268,0.2368
2023-05-27 00:00:00+00:00,0.8198,0.4272
2023-05-28 00:00:00+00:00,0.87,0.3815
2023-05-29 00:00:00+00:00,0.7984,0.3772
2023-05-30 00:00:00+00:00,0.3618,0.2764
2023-05-31 00:00:00+00:00,0.7345,0.369
2023-06-01 00:00:00+00:00,0.627,0.378
2023-06-02 00:00:00+00:00,0.8269,0.3332
2023-06-03 00:00:00+00:00,0.7395,0.3808
2023-06-04 00:00:00+00:00,0.6598,0.497
2023-06-05 00:00:00+00:00,-0.7427,0.3168
2023-06-06 00:00:00+00:00,-0.709,0.4239
2023-06-07 00:00:00+00:00,0.1412,0.38
2023-06-08 00:00:00+00:00,0.3833,0.3373
2023-06-09 00:00:00+00:00,-0.1016,0.276
2023-06-10 00:00:00+00:00,0.1841,0.388
2023-06-11 00:00:00+00:00,0.7617,0.3933
2023-06-12 00:00:00+00:00,0.1124,0.2926
2023-06-13 00:00:00+00:00,0.5717,0.2912
2023-06-14 00:00:00+00:00,0.3352,0.3806
2023-06-15 00:00:00+00:00,0.435,0.4543
2023-06-16 00:00:00+00:00,0.6993,0.427
2023-06-17 00:00:00+00:00,0.9452,0.4467
2023-06-18 00:00:00+00:00,0.7959,0.6058
2023-06-19 00:00:00+00:00,0.7584,0.5538
2023-06-20 00:00:00+00:00,0.7762,0.4228
2023-06-21 00:00:00+00:00,0.6885,0.3906
2023-06-22 00:00:00+00:00,0.4525,0.4682
2023-06-23 00:00:00+00:00,0.4771,0.4218
2023-06-24 00:00:00+00:00,0.8679,0.5074
2023-06-25 00:00:00+00:00,0.8192,0.6617
2023-06-26 00:00:00+00:00,0.6143,0.5066
2023-06-27 00:00:00+00:00,0.5962,0.4096
2023-06-28 00:00:00+00:00,0.6722,0.3913
2023-06-29 00:00:00+00:00,0.778,0.3336
2023-06-30 00:00:00+00:00,0.8911,0.5473
2023-07-01 00:00:00+00:00,0.948,0.5467
2023-07-02 00:00:00+00:00,0.967,0.5351
2023-07-03 00:00:00+00:00,0.496,0.3756
2023-07-04 00:00:00+00:00,0.7739,0.4707
2023-07-05 00:00:00+00:00,0.7219,0.3406
2023-07-06 00:00:00+00:00,0.9156,0.5456
2023-07-07 00:00:00+00:00,0.7315,0.425
2023-07-08 00:00:00+00:00,1.0433,0.6105
2023-07-09 00:00:00+00:00,0.9404,0.527
2023-07-10 00:00:00+00:00,0.8056,0.4595
2023-07-11 00:00:00+00:00,0.6929,0.3812
2023-07-12 00:00:00+00:00,0.552,0.3274
2023-07-13 00:00:00+00:00,0.4993,0.2977
2023-07-14 00:00:00+00:00,0.4901,0.3992
2023-07-15 00:00:00+00:00,0.7978,0.6097
2023-07-16 00:00:00+00:00,0.9311,0.3975
2023-07-17 00:00:00+00:00,0.6442,0.2586
2023-07-18 00:00:00+00:00,0.533,0.3194
2023-07-19 00:00:00+00:00,0.9151,0.3568
2023-07-20 00:00:00+00:00,0.6677,0.3207
2023-07-21 00:00:00+00:00,0.4251,0.3614
2023-07-22 00:00:00+00:00,0.733,0.4173
2023-07-23 00:00:00+00:00,0.8136,0.4849
2023-07-24 00:00:00+00:00,0.5184,0.3868
2023-07-25 00:00:00+00:00,0.6357,0.2924
2023-07-26 00:00:00+00:00,0.2668,0.1168
2023-07-27 00:00:00+00:00,-0.5697,0.1072
2023-07-28 00:00:00+00:00,0.3456,0.1271
2023-07-29 00:00:00+00:00,0.8799,0.2733
2023-07-30 00:00:00+00:00,1.083,0.3874
2023-07-31 00:00:00+00:00,0.2984,0.2715
2023-08-01 00:00:00+00:00,-0.0969,0.1593
2023-08-02 00:00:00+00:00,0.3105,0.2521
2023-08-03 00:00:00+00:00,0.4599,0.3273
2023-08-04 00:00:00+00:00,0.4281,0.3019
2023-08-05 00:00:00+00:00,0.6974,0.2955
2023-08-06 00:00:00+00:00,0.9038,0.2758
2023-08-07 00:00:00+00:00,0.1215,0.1485
2023-08-08 00:00:00+00:00,0.3557,0.1741
2023-08-09 00:00:00+00:00,0.3994,0.1549
2023-08-10 00:00:00+00:00,0.7566,0.1643
2023-08-11 00:00:00+00:00,0.7202,0.1711
2023-08-12 00:00:00+00:00,0.8282,0.2097
2023-08-13 00:00:00+00:00,0.6714,0.5694
2023-08-14 00:00:00+00:00,0.4401,0.3009
2023-08-15 00:00:00+00:00,0.7767,0.4117
2023-08-16 00:00:00+00:00,0.8024,0.3758
2023-08-17 00:00:00+00:00,0.4471,0.4428
2023-08-18 00:00:00+00:00,-0.1984,0.482
2023-08-19 00:00:00+00:00,0.6242,0.4803
2023-08-20 00:00:00+00:00,0.9722,0.6136
2023-08-21 00:00:00+00:00,0.1208,0.3517
2023-08-22 00:00:00+00:00,0.4922,0.3154
2023-08-23 00:00:00+00:00,0.4225,0.3154
2023-08-24 00:00:00+00:00,0.5561,0.3045
2023-08-25 00:00:00+00:00,0.5142,0.2522
2023-08-26 00:00:00+00:00,0.7135,0.3329
2023-08-27 00:00:00+00:00,0.9111,0.4009
2023-08-28 00:00:00+00:00,0.3658,0.1937
2023-08-29 00:00:00+00:00,0.2958,0.354
2023-08-30 00:00:00+00:00,0.114,0.2465
2023-08-31 00:00:00+00:00,-0.4226,0.2263
2023-09-01 00:00:00+00:00,0.1197,0.1987
2023-09-02 00:00:00+00:00,0.8721,0.204
2023-09-03 00:00:00+00:00,0.9291,0.2355
2023-09-04 00:00:00+00:00,0.6312,0.19
2023-09-05 00:00:00+00:00,0.8421,0.1916
2023-09-06 00:00:00+00:00,0.4762,0.1809
2023-09-07 00:00:00+00:00,0.2946,0.2077
2023-09-08 00:00:00+00:00,0.2242,0.2334
2023-09-09 00:00:00+00:00,0.4725,0.2598
2023-09-10 00:00:00+00:00,1.1695,0.2904
2023-09-11 00:00:00+00:00,0.0218,0.2308
2023-09-12 00:00:00+00:00,-0.256,0.23
2023-09-13 00:00:00+00:00,0.031,0.2404
2023-09-14 00:00:00+00:00,0.2286,0.1541
2023-09-15 00:00:00+00:00,0.6837,0.1427
2023-09-16 00:00:00+00:00,0.1221,0.1112
2023-09-17 00:00:00+00:00,0.8902,0.2329
2023-09-18 00:00:00+00:00,0.6047,0.1998
2023-09-19 00:00:00+00:00,0.5828,0.2327
2023-09-20 00:00:00+00:00,0.6491,0.199
2023-09-21 00:00:00+00:00,0.1422,0.18
2023-09-22 00:00:00+00:00,0.5235,0.2329
2023-09-23 00:00:00+00:00,0.7196,0.3157
2023-09-24 00:00:00+00:00,0.8492,0.2387
2023-09-25 00:00:00+00:00,0.4079,0.2404
2023-09-26 00:00:00+00:00,0.2639,0.2271
2023-09-27 00:00:00+00:00,-0.3198,0.1669
2023-09-28 00:00:00+00:00,0.5635,0.2212
2023-09-29 00:00:00+00:00,0.6382,0.187
2023-09-30 00:00:00+00:00,0.3337,0.1902
2023-10-01 00:00:00+00:00,0.6573,0.2537
2023-10-02 00:00:00+00:00,-0.507,0.1975
2023-10-03 00:00:00+00:00,0.1763,0.1914
2023-10-04 00:00:00+00:00,-0.052,0.1976
2023-10-05 00:00:00+00:00,-0.1833,0.2366
2023-10-06 00:00:00+00:00,0.5536,0.1716
2023-10-07 00:00:00+00:00,0.7462,0.1757
2023-10-08 00:00:00+00:00,0.4684,0.3286
2023-10-09 00:00:00+00:00,0.1074,0.2605
2023-10-10 00:00:00+00:00,0.1689,0.2606
2023-10-11 00:00:00+00:00,-0.2638,0.1547
2023-10-12 00:00:00+00:00,0.4279,0.192
2023-10-13 00:00:00+00:00,0.4596,0.192
2023-10-14 00:00:00+00:00,0.7256,0.2149
2023-10-15 00:00:00+00:00,0.5155,0.3536
2023-10-16 00:00:00+00:00,0.4159,0.2816
2023-10-17 00:00:00+00:00,0.4136,0.2397
2023-10-18 00:00:00+00:00,0.4707,0.2366
2023-10-19 00:00:00+00:00,0.4553,0.2154
2023-10-20 00:00:00+00:00,0.6179,0.1954
2023-10-21 00:00:00+00:00,0.6979,0.1821
2023-10-22 00:00:00+00:00,0.8121,0.2789
2023-10-23 00:00:00+00:00,0.3571,0.1718
2023-10-24 00:00:00+00:00,0.508,0.3141
2023-10-25 00:00:00+00:00,0.6067,0.3282
2023-10-26 00:00:00+00:00,-0.0541,0.221
2023-10-27 00:00:00+00:00,0.4099,0.1613
2023-10-28 00:00:00+00:00,0.6708,0.1702
2023-10-29 00:00:00+00:00,1.0265,0.2959
2023-10-30 00:00:00+00:00,0.7648,0.2877
2023-10-31 00:00:00+00:00,0.9114,0.2492
2023-11-01 00:00:00+00:00,0.5246,0.1976
2023-11-02 00:00:00+00:00,0.2891,0.1234
2023-11-03 00:00:00+00:00,-0.8157,0.189
2023-11-04 00:00:00+00:00,0.3606,0.2296
2023-11-05 00:00:00+00:00,0.8112,0.2328
2023-11-06 00:00:00+00:00,0.5528,0.2905
2023-11-07 00:00:00+00:00,0.6418,0.282
2023-11-08 00:00:00+00:00,0.8408,0.2001
2023-11-09 00:00:00+00:00,0.7695,0.1667
2023-11-10 00:00:00+00:00,0.5723,0.2031
2023-11-11 00:00:00+00:00,-0.2443,0.1165
2023-11-12 00:00:00+00:00,0.9272,0.2419
2023-11-13 00:00:00+00:00,0.5175,0.2953
2023-11-14 00:00:00+00:00,0.2134,0.1798
2023-11-15 00:00:00+00:00,0.5392,0.2681
2023-11-16 00:00:00+00:00,0.1328,0.1281
2023-11-17 00:00:00+00:00,0.3863,0.1521
2023-11-18 00:00:00+00:00,0.2423,0.1397
2023-11-19 00:00:00+00:00,0.4169,0.2538
2023-11-20 00:00:00+00:00,0.6432,0.3037
2023-11-21 00:00:00+00:00,0.0301,0.2038
2023-11-22 00:00:00+00:00,-0.319,0.2459
2023-11-23 00:00:00+00:00,0.287,0.2984
2023-11-24 00:00:00+00:00,-0.0525,0.2494
2023-11-25 00:00:00+00:00,0.9155,0.2031
2023-11-26 00:00:00+00:00,0.8215,0.197
2023-11-27 00:00:00+00:00,0.3872,0.2337
2023-11-28 00:00:00+00:00,0.4938,0.2125
2023-11-29 00:00:00+00:00,0.2485,0.208
2023-11-30 00:00:00+00:00,0.4629,0.2089
2023-12-01 00:00:00+00:00,0.4402,0.1722
2023-12-02 00:00:00+00:00,-0.0613,0.1267
2023-12-03 00:00:00+00:00,0.6966,0.3081
2023-12-04 00:00:00+00:00,0.0108,0.4506
2023-12-05 00:00:00+00:00,0.4323,0.3697
2023-12-06 00:00:00+00:00,0.2745,0.3795
2023-12-07 00:00:00+00:00,0.0761,0.3197
2023-12-08 00:00:00+00:00,0.7228,0.3188
2023-12-09 00:00:00+00:00,0.9292,0.332
2023-12-10 00:00:00+00:00,0.8021,0.3108
2023-12-11 00:00:00+00:00,0.3137,0.3208
2023-12-12 00:00:00+00:00,0.4437,0.2396
2023-12-13 00:00:00+00:00,0.3865,0.2765
2023-12-14 00:00:00+00:00,0.1104,0.2363
2023-12-15 00:00:00+00:00,0.621,0.1581
2023-12-16 00:00:00+00:00,0.7705,0.1033
2023-12-17 00:00:00+00:00,0.8909,0.2857
2023-12-18 00:00:00+00:00,0.4808,0.2267
2023-12-19 00:00:00+00:00,0.841,0.2458
2023-12-20 00:00:00+00:00,0.5596,0.2333
2023-12-21 00:00:00+00:00,0.4759,0.2353
2023-12-22 00:00:00+00:00,0.8659,0.2508
2023-12-23 00:00:00+00:00,0.7108,0.2503
2023-12-24 00:00:00+00:00,0.8393,0.521
2023-12-25 00:00:00+00:00,1.2505,0.291
2023-12-26 00:00:00+00:00,0.1935,0.3103
2023-12-27 00:00:00+00:00,0.8217,0.2848
2023-12-28 00:00:00+00:00,0.7784,0.2946
2023-12-29 00:00:00+00:00,0.1722,0.2965
2023-12-30 00:00:00+00:00,0.9523,0.2658
2023-12-31 00:00:00+00:00,0.878,0.3247
2024-01-01 00:00:00+00:00,0.906,0.3016
2024-01-02 00:00:00+00:00,0.6897,0.4019
2024-01-03 00:00:00+00:00,0.0201,0.3719
2024-01-04 00:00:00+00:00,0.4593,0.4035
2024-01-05 00:00:00+00:00,0.6084,0.2614
2024-01-06 00:00:00+00:00,0.7896,0.3273
2024-01-07 00:00:00+00:00,0.8269,0.2708
2024-01-08 00:00:00+00:00,0.6726,0.3653
2024-01-09 00:00:00+00:00,0.2057,0.4134
2024-01-10 00:00:00+00:00,-0.4238,0.7174
2024-01-11 00:00:00+00:00,0.4927,0.7857
2024-01-12 00:00:00+00:00,0.161,0.4649
2024-01-13 00:00:00+00:00,0.475,0.34
2024-01-14 00:00:00+00:00,0.7875,0.5015
2024-01-15 00:00:00+00:00,0.429,0.2492
2024-01-16 00:00:00+00:00,-0.0255,0.2681
2024-01-17 00:00:00+00:00,0.6714,0.2404
2024-01-18 00:00:00+00:00,0.5431,0.3062
2024-01-19 00:00:00+00:00,0.5024,0.3415
2024-01-20 00:00:00+00:00,0.6296,0.2002
2024-01-21 00:00:00+00:00,0.7219,0.4885
2024-01-22 00:00:00+00:00,0.6225,0.4597
2024-01-23 00:00:00+00:00,0.4777,0.4827
2024-01-24 00:00:00+00:00,0.633,0.3488
2024-01-25 00:00:00+00:00,0.1883,0.2292
2024-01-26 00:00:00+00:00,0.1031,0.2193
2024-01-27 00:00:00+00:00,0.2545,0.2754
2024-01-28 00:00:00+00:00,0.9185,0.3373
2024-01-29 00:00:00+00:00,0.5139,0.2749
2024-01-30 00:00:00+00:00,0.5504,0.2539
2024-01-31 00:00:00+00:00,0.3889,0.2564
2024-02-01 00:00:00+00:00,0.1695,0.2647
2024-02-02 00:00:00+00:00,-0.1418,0.2448
2024-02-03 00:00:00+00:00,0.7662,0.4782
2024-02-04 00:00:00+00:00,0.7781,0.5538
2024-02-05 00:00:00+00:00,0.4858,0.4177
2024-02-06 00:00:00+00:00,0.2493,0.2433
2024-02-07 00:00:00+00:00,0.5719,0.3059
2024-02-08 00:00:00+00:00,0.472,0.2137
2024-02-09 00:00:00+00:00,0.4553,0.2825
2024-02-10 00:00:00+00:00,0.8941,0.3438
2024-02-11 00:00:00+00:00,1.125,0.6376
2024-02-12 00:00:00+00:00,0.8865,0.4399
2024-02-13 00:00:00+00:00,0.2149,0.4069
2024-02-14 00:00:00+00:00,0.1073,0.3021
2024-02-15 00:00:00+00:00,0.6215,0.2604
2024-02-16 00:00:00+00:00,0.7286,0.2778
2024-02-17 00:00:00+00:00,1.0287,0.2251
2024-02-18 00:00:00+00:00,1.0844,0.4334
2024-02-19 00:00:00+00:00,0.8271,0.4478
2024-02-20 00:00:00+00:00,0.8152,0.32
2024-02-21 00:00:00+00:00,0.8488,0.2573
2024-02-22 00:00:00+00:00,0.8201,0.2504
2024-02-23 00:00:00+00:00,0.8387,0.3421
2024-02-24 00:00:00+00:00,0.8352,0.3349
2024-02-25 00:00:00+00:00,0.9891,0.4906
2024-02-26 00:00:00+00:00,0.5899,0.3884
2024-02-27 00:00:00+00:00,0.4088,0.3567
2024-02-28 00:00:00+00:00,0.4439,0.548
2024-02-29 00:00:00+00:00,0.0632,0.4325
2024-03-01 00:00:00+00:00,0.4162,0.2387
2024-03-02 00:00:00+00:00,0.7172,0.2022
2024-03-03 00:00:00+00:00,0.8961,0.3734
2024-03-04 00:00:00+00:00,0.5937,0.5065
2024-03-05 00:00:00+00:00,-0.0259,0.5402
2024-03-06 00:00:00+00:00,-0.0157,0.5504
2024-03-07 00:00:00+00:00,0.4513,0.3614
2024-03-08 00:00:00+00:00,0.6017,0.3102
2024-03-09 00:00:00+00:00,0.5398,0.4131
2024-03-10 00:00:00+00:00,0.8938,0.8724
2024-03-11 00:00:00+00:00,0.3532,0.6818
2024-03-12 00:00:00+00:00,0.1651,0.4435
2024-03-13 00:00:00+00:00,-0.0422,0.4016
2024-03-14 00:00:00+00:00,0.247,0.3829
2024-03-15 00:00:00+00:00,-0.5105,0.3789
2024-03-16 00:00:00+00:00,0.4048,0.4735
2024-03-17 00:00:00+00:00,0.839,0.7711
2024-03-18 00:00:00+00:00,0.5407,0.4875
2024-03-19 00:00:00+00:00,-0.3713,0.3158
2024-03-20 00:00:00+00:00,-0.272,0.3667
2024-03-21 00:00:00+00:00,0.4384,0.2815
2024-03-22 00:00:00+00:00,0.6708,0.4038
2024-03-23 00:00:00+00:00,0.5416,0.3143
2024-03-24 00:00:00+00:00,0.775,0.4955
2024-03-25 00:00:00+00:00,0.5802,0.4068
2024-03-26 00:00:00+00:00,0.5998,0.595
2024-03-27 00:00:00+00:00,0.6374,0.3762
2024-03-28 00:00:00+00:00,-0.8651,0.4844
2024-03-29 00:00:00+00:00,-0.3881,0.2794
2024-03-30 00:00:00+00:00,0.6098,0.3153
2024-03-31 00:00:00+00:00,0.278,0.3761
2024-04-01 00:00:00+00:00,0.4768,0.2796
2024-04-02 00:00:00+00:00,0.4384,0.4684
2024-04-03 00:00:00+00:00,0.2723,0.376
2024-04-04 00:00:00+00:00,0.5438,0.2786
2024-04-05 00:00:00+00:00,-0.0208,0.294
2024-04-06 00:00:00+00:00,0.621,0.1925
2024-04-07 00:00:00+00:00,0.8409,0.4906
2024-04-08 00:00:00+00:00,0.4676,0.4333
2024-04-09 00:00:00+00:00,0.5905,0.4192
2024-04-10 00:00:00+00:00,0.3661,0.3236
2024-04-11 00:00:00+00:00,0.189,0.2332
2024-04-12 00:00:00+00:00,0.7129,0.2895
2024-04-13 00:00:00+00:00,0.1875,0.4669
2024-04-14 00:00:00+00:00,0.2039,0.7077
2024-04-15 00:00:00+00:00,-0.0103,0.4685
2024-04-16 00:00:00+00:00,0.5358,0.3133
2024-04-17 00:00:00+00:00,0.1513,0.3193
2024-04-18 00:00:00+00:00,0.3477,0.3189
2024-04-19 00:00:00+00:00,-0.2901,0.5049
2024-04-20 00:00:00+00:00,0.4921,0.4862
2024-04-21 00:00:00+00:00,0.9781,0.7195
2024-04-22 00:00:00+00:00,0.7258,0.5881
2024-04-23 00:00:00+00:00,0.7473,0.4526
2024-04-24 00:00:00+00:00,0.2324,0.287
2024-04-25 00:00:00+00:00,0.0146,0.2642
2024-04-26 00:00:00+00:00,-0.2803,0.2019
2024-04-27 00:00:00+00:00,0.6579,0.3653
2024-04-28 00:00:00+00:00,0.8445,0.4325
2024-04-29 00:00:00+00:00,0.5105,0.3362
2024-04-30 00:00:00+00:00,-0.2752,0.3456
2024-05-01 00:00:00+00:00,-1.408,0.3234
2024-05-02 00:00:00+00:00,0.1094,0.321
2024-05-03 00:00:00+00:00,-0.3048,0.1855
2024-05-04 00:00:00+00:00,0.3675,0.2863
2024-05-05 00:00:00+00:00,0.4453,0.2937
2024-05-06 00:00:00+00:00,0.6457,0.3334
2024-05-07 00:00:00+00:00,0.538,0.4632
2024-05-08 00:00:00+00:00,-0.2301,0.2409
2024-05-09 00:00:00+00:00,-0.1201,0.3286
2024-05-10 00:00:00+00:00,0.0498,0.2486
2024-05-11 00:00:00+00:00,0.2264,0.2089
2024-05-12 00:00:00+00:00,0.1704,0.1771
2024-05-13 00:00:00+00:00,-0.114,0.1843
2024-05-14 00:00:00+00:00,-0.0155,0.2134
2024-05-15 00:00:00+00:00,0.1544,0.179
2024-05-16 00:00:00+00:00,0.2663,0.2259
2024-05-17 00:00:00+00:00,0.6939,0.1894
2024-05-18 00:00:00+00:00,0.7331,0.2663
2024-05-19 00:00:00+00:00,0.8651,0.2582
2024-05-20 00:00:00+00:00,-0.0662,0.2743
2024-05-21 00:00:00+00:00,0.3127,0.2859
2024-05-22 00:00:00+00:00,0.5907,0.2392
2024-05-23 00:00:00+00:00,0.4303,0.1967
2024-05-24 00:00:00+00:00,0.6989,0.1924
2024-05-25 00:00:00+00:00,0.6876,0.3864
2024-05-26 00:00:00+00:00,0.9525,0.792
2024-05-27 00:00:00+00:00,0.8816,0.5692
2024-05-28 00:00:00+00:00,0.716,0.5105
2024-05-29 00:00:00+00:00,0.7095,0.4529
2024-05-30 00:00:00+00:00,0.7353,0.4125
2024-05-31 00:00:00+00:00,0.3275,0.3236
2024-06-01 00:00:00+00:00,0.4395,0.6307
2024-06-02 00:00:00+00:00,0.7916,0.5299
2024-06-03 00:00:00+00:00,0.6448,0.5203
2024-06-04 00:00:00+00:00,0.781,0.4165
2024-06-05 00:00:00+00:00,0.8063,0.5201
2024-06-06 00:00:00+00:00,0.3139,0.4413
2024-06-07 00:00:00+00:00,0.6825,0.4978
2024-06-08 00:00:00+00:00,0.708,0.6555
2024-06-09 00:00:00+00:00,0.9798,0.6725
2024-06-10 00:00:00+00:00,0.9254,0.4462
2024-06-11 00:00:00+00:00,0.5201,0.4103
2024-06-12 00:00:00+00:00,0.5799,0.5649
2024-06-13 00:00:00+00:00,0.4034,0.4165
2024-06-14 00:00:00+00:00,0.2394,0.2769
2024-06-15 00:00:00+00:00,0.7403,0.4615
2024-06-16 00:00:00+00:00,0.7523,0.6007
2024-06-17 00:00:00+00:00,0.5192,0.3461
2024-06-18 00:00:00+00:00,0.6215,0.3721
2024-06-19 00:00:00+00:00,0.7398,0.4649
2024-06-20 00:00:00+00:00,0.5507,0.3894
2024-06-21 00:00:00+00:00,0.6722,0.4647
2024-06-22 00:00:00+00:00,0.7565,0.6254
2024-06-23 00:00:00+00:00,0.5837,0.6199
2024-06-24 00:00:00+00:00,0.3122,0.4458
2024-06-25 00:00:00+00:00,0.1708,0.446
2024-06-26 00:00:00+00:00,0.4447,0.4096
2024-06-27 00:00:00+00:00,0.7308,0.3724
2024-06-28 00:00:00+00:00,0.8564,0.4097
2024-06-29 00:00:00+00:00,0.2685,0.7407
2024-06-30 00:00:00+00:00,1.0569,0.7334
2024-07-01 00:00:00+00:00,0.8148,0.4259
2024-07-02 00:00:00+00:00,0.7542,0.3833
2024-07-03 00:00:00+00:00,0.9257,0.4774
2024-07-04 00:00:00+00:00,0.5421,0.4672
2024-07-05 00:00:00+00:00,0.1023,0.5597
2024-07-06 00:00:00+00:00,0.6132,0.508
2024-07-07 00:00:00+00:00,0.8403,0.5797
2024-07-08 00:00:00+00:00,0.3361,0.3158
2024-07-09 00:00:00+00:00,0.5238,0.3429
2024-07-10 00:00:00+00:00,0.8148,0.414
2024-07-11 00:00:00+00:00,0.6711,0.3816
2024-07-12 00:00:00+00:00,0.7003,0.412
2024-07-13 00:00:00+00:00,0.933,0.6352
2024-07-14 00:00:00+00:00,0.5985,0.5525
2024-07-15 00:00:00+00:00,-0.3699,0.4482
2024-07-16 00:00:00+00:00,0.3534,0.4699
2024-07-17 00:00:00+00:00,0.7417,0.4607
2024-07-18 00:00:00+00:00,0.8315,0.4629
2024-07-19 00:00:00+00:00,0.6301,0.475
2024-07-20 00:00:00+00:00,0.9304,0.6317
2024-07-21 00:00:00+00:00,0.897,0.7618
2024-07-22 00:00:00+00:00,0.6248,0.3942
2024-07-23 00:00:00+00:00,1.0064,0.3959
2024-07-24 00:00:00+00:00,0.5283,0.3381
2024-07-25 00:00:00+00:00,0.2937,0.4076
2024-07-26 00:00:00+00:00,0.8886,0.4347
2024-07-27 00:00:00+00:00,0.9789,0.8092
2024-07-28 00:00:00+00:00,0.416,1.0715
2024-07-29 00:00:00+00:00,0.6991,0.4774
2024-07-30 00:00:00+00:00,0.7745,0.4749
2024-07-31 00:00:00+00:00,0.7449,0.3036
2024-08-01 00:00:00+00:00,0.376,0.307
2024-08-02 00:00:00+00:00,0.2867,0.1738
2024-08-03 00:00:00+00:00,0.6842,0.329
2024-08-04 00:00:00+00:00,0.9221,0.4935
2024-08-05 00:00:00+00:00,-1.4953,0.6928
2024-08-06 00:00:00+00:00,-1.0616,0.4017
2024-08-07 00:00:00+00:00,0.34,0.3134
2024-08-08 00:00:00+00:00,0.3613,0.3237
2024-08-09 00:00:00+00:00,0.243,0.3283
2024-08-10 00:00:00+00:00,0.5809,0.339
2024-08-11 00:00:00+00:00,0.9466,0.3915
2024-08-12 00:00:00+00:00,0.6781,0.2931
2024-08-13 00:00:00+00:00,0.7569,0.2806
2024-08-14 00:00:00+00:00,0.4299,0.2693
2024-08-15 00:00:00+00:00,0.577,0.3494
2024-08-16 00:00:00+00:00,0.7973,0.375
2024-08-17 00:00:00+00:00,0.9003,0.5597
2024-08-18 00:00:00+00:00,0.9573,0.4461
2024-08-19 00:00:00+00:00,0.6005,0.292
2024-08-20 00:00:00+00:00,0.6596,0.339
2024-08-21 00:00:00+00:00,0.7933,0.3116
2024-08-22 00:00:00+00:00,0.8641,0.3509
2024-08-23 00:00:00+00:00,0.5396,0.3373
2024-08-24 00:00:00+00:00,0.9597,0.251
2024-08-25 00:00:00+00:00,0.4377,0.3524
2024-08-26 00:00:00+00:00,0.6852,0.2753
2024-08-27 00:00:00+00:00,0.1629,0.2633
2024-08-28 00:00:00+00:00,0.127,0.2918
2024-08-29 00:00:00+00:00,0.3969,0.2597
2024-08-30 00:00:00+00:00,0.6919,0.3569
2024-08-31 00:00:00+00:00,1.0057,0.3648
2024-09-01 00:00:00+00:00,0.8434,0.5111
2024-09-02 00:00:00+00:00,0.7608,0.3252
2024-09-03 00:00:00+00:00,0.7483,0.486
2024-09-04 00:00:00+00:00,0.5513,0.4737
2024-09-05 00:00:00+00:00,0.5708,0.448
2024-09-06 00:00:00+00:00,0.6115,0.4254
2024-09-07 00:00:00+00:00,0.827,0.7056
2024-09-08 00:00:00+00:00,0.9372,0.5553
2024-09-09 00:00:00+00:00,0.4413,0.4218
2024-09-10 00:00:00+00:00,0.3656,0.4979
2024-09-11 00:00:00+00:00,0.562,0.6604
2024-09-12 00:00:00+00:00,0.8509,0.478
2024-09-13 00:00:00+00:00,0.6693,0.4259
2024-09-14 00:00:00+00:00,1.0859,0.6761
2024-09-15 00:00:00+00:00,1.0146,0.7119
2024-09-16 00:00:00+00:00,0.9335,0.5869
2024-09-17 00:00:00+00:00,0.6974,0.4456
2024-09-18 00:00:00+00:00,0.6301,0.3462
2024-09-19 00:00:00+00:00,-1.0224,0.2238
2024-09-20 00:00:00+00:00,-0.5429,0.1571
2024-09-21 00:00:00+00:00,0.2714,0.205
2024-09-22 00:00:00+00:00,0.8145,0.2739
2024-09-23 00:00:00+00:00,0.4761,0.3584
2024-09-24 00:00:00+00:00,0.2016,0.3236
2024-09-25 00:00:00+00:00,0.7695,0.2328
2024-09-26 00:00:00+00:00,0.5776,0.1098
2024-09-27 00:00:00+00:00,0.3418,0.1088
2024-09-28 00:00:00+00:00,0.6616,0.1494
2024-09-29 00:00:00+00:00,0.8242,0.1409
2024-09-30 00:00:00+00:00,0.6961,0.1387
2024-10-01 00:00:00+00:00,0.4379,0.1754
2024-10-02 00:00:00+00:00,0.4735,0.2563
2024-10-03 00:00:00+00:00,0.1709,0.1929
2024-10-04 00:00:00+00:00,0.7274,0.2786
2024-10-05 00:00:00+00:00,0.9775,0.2712
2024-10-06 00:00:00+00:00,1.121,0.2238
2024-10-07 00:00:00+00:00,0.7907,0.2165
2024-10-08 00:00:00+00:00,0.1813,0.2236
2024-10-09 00:00:00+00:00,-0.2143,0.1663
2024-10-10 00:00:00+00:00,0.0545,0.1948
2024-10-11 00:00:00+00:00,0.7874,0.3146
2024-10-12 00:00:00+00:00,0.7783,0.2295
2024-10-13 00:00:00+00:00,0.9177,0.4363
2024-10-14 00:00:00+00:00,0.8077,0.4122
2024-10-15 00:00:00+00:00,1.0341,0.4203
2024-10-16 00:00:00+00:00,0.8357,0.4072
2024-10-17 00:00:00+00:00,0.5697,0.3931
2024-10-18 00:00:00+00:00,0.5314,0.4323
2024-10-19 00:00:00+00:00,0.8462,0.3905
2024-10-20 00:00:00+00:00,1.0545,0.3845
2024-10-21 00:00:00+00:00,0.9239,0.3008
2024-10-22 00:00:00+00:00,0.9077,0.2912
2024-10-23 00:00:00+00:00,0.5763,0.3844
2024-10-24 00:00:00+00:00,0.862,0.264
2024-10-25 00:00:00+00:00,0.7522,0.271
2024-10-26 00:00:00+00:00,0.8985,0.2637
2024-10-27 00:00:00+00:00,1.0783,0.3494
2024-10-28 00:00:00+00:00,0.6431,0.3298
2024-10-29 00:00:00+00:00,0.9217,0.3954
2024-10-30 00:00:00+00:00,0.7007,0.352
2024-10-31 00:00:00+00:00,0.8258,0.3307
2024-11-01 00:00:00+00:00,0.844,0.3442
2024-11-02 00:00:00+00:00,1.0339,0.3819
2024-11-03 00:00:00+00:00,0.852,0.4183
2024-11-04 00:00:00+00:00,0.7314,0.296
2024-11-05 00:00:00+00:00,0.5753,0.2913
2024-11-06 00:00:00+00:00,0.5455,0.8627
2024-11-07 00:00:00+00:00,0.2407,0.5244
2024-11-08 00:00:00+00:00,0.3759,0.1942
2024-11-09 00:00:00+00:00,0.1086,0.1419
2024-11-10 00:00:00+00:00,1.17,0.2633
2024-11-11 00:00:00+00:00,0.2934,0.4669
2024-11-12 00:00:00+00:00,0.3858,0.4757
2024-11-13 00:00:00+00:00,-0.0258,0.3428
2024-11-14 00:00:00+00:00,0.375,0.3452
2024-11-15 00:00:00+00:00,-1.1502,0.2625
2024-11-16 00:00:00+00:00,0.8456,0.1458
2024-11-17 00:00:00+00:00,1.0073,0.2242
2024-11-18 00:00:00+00:00,0.1513,0.2427
2024-11-19 00:00:00+00:00,-0.0696,0.2113
2024-11-20 00:00:00+00:00,-0.0405,0.3221
2024-11-21 00:00:00+00:00,-0.1403,0.4126
2024-11-22 00:00:00+00:00,-0.0318,0.3828
2024-11-23 00:00:00+00:00,0.4642,0.1586
2024-11-24 00:00:00+00:00,0.2267,0.1333
2024-11-25 00:00:00+00:00,0.195,0.2435
2024-11-26 00:00:00+00:00,0.1981,0.2837
2024-11-27 00:00:00+00:00,0.1315,0.1739
2024-11-28 00:00:00+00:00,0.4821,0.156
2024-11-29 00:00:00+00:00,0.8668,0.1891
2024-11-30 00:00:00+00:00,0.6857,0.222
2024-12-01 00:00:00+00:00,0.4348,0.1191
2024-12-02 00:00:00+00:00,0.6071,0.1889
2024-12-03 00:00:00+00:00,0.0896,0.1757
2024-12-04 00:00:00+00:00,0.0066,0.3114
2024-12-05 00:00:00+00:00,0.2778,0.8023
2024-12-06 00:00:00+00:00,0.1343,0.375
2024-12-07 00:00:00+00:00,-0.1391,0.1558
2024-12-08 00:00:00+00:00,0.7315,0.1956
2024-12-09 00:00:00+00:00,0.0681,0.2193
2024-12-10 00:00:00+00:00,-0.2675,0.196
2024-12-11 00:00:00+00:00,0.0481,0.1587
2024-12-12 00:00:00+00:00,0.8288,0.1964
2024-12-13 00:00:00+00:00,0.0088,0.1982
2024-12-14 00:00:00+00:00,0.5403,0.1281
2024-12-15 00:00:00+00:00,0.5573,0.1163
2024-12-16 00:00:00+00:00,0.5136,0.4624
2024-12-17 00:00:00+00:00,0.3968,0.2519
2024-12-18 00:00:00+00:00,0.2093,0.2104
2024-12-19 00:00:00+00:00,-0.6968,0.2265
2024-12-20 00:00:00+00:00,-0.7312,0.314
2024-12-21 00:00:00+00:00,-0.3658,0.1693
2024-12-22 00:00:00+00:00,-0.0773,0.1194
2024-12-23 00:00:00+00:00,0.0153,0.1679
2024-12-24 00:00:00+00:00,0.4074,0.2457
2024-12-25 00:00:00+00:00,0.6942,0.1643
2024-12-26 00:00:00+00:00,-0.1251,0.2572
2024-12-27 00:00:00+00:00,0.1933,0.1904
2024-12-28 00:00:00+00:00,0.7652,0.2698
2024-12-29 00:00:00+00:00,0.7313,0.1009
2024-12-30 00:00:00+00:00,0.2802,0.2061
2024-12-31 00:00:00+00:00,0.2143,0.2616
2025-01-01 00:00:00+00:00,0.5744,0.2759
